{
  "PropertyTypes": {
    "AWS::AmazonMQ::ConfigurationAssociation.ConfigurationId": {
      "Documentation": "http://docs.aws.amazon.com/AWSCloudFormation/latest/UserGuide/aws-properties-amazonmq-configurationassociation-configurationid.html",
      "Properties": {
        "Revision": {
          "Required": true,
          "Documentation": "http://docs.aws.amazon.com/AWSCloudFormation/latest/UserGuide/aws-properties-amazonmq-configurationassociation-configurationid.html#cfn-amazonmq-configurationassociation-configurationid-revision",
          "PrimitiveType": "Integer",
          "UpdateType": "Mutable"
        },
        "Id": {
          "Required": true,
          "Documentation": "http://docs.aws.amazon.com/AWSCloudFormation/latest/UserGuide/aws-properties-amazonmq-configurationassociation-configurationid.html#cfn-amazonmq-configurationassociation-configurationid-id",
          "PrimitiveType": "String",
          "UpdateType": "Mutable"
        }
      }
    }
  },
  "ResourceType": {
    "AWS::AmazonMQ::ConfigurationAssociation": {
      "Documentation": "http://docs.aws.amazon.com/AWSCloudFormation/latest/UserGuide/aws-resource-amazonmq-configurationassociation.html",
      "Properties": {
        "Broker": {
          "Required": true,
          "Documentation": "http://docs.aws.amazon.com/AWSCloudFormation/latest/UserGuide/aws-resource-amazonmq-configurationassociation.html#cfn-amazonmq-configurationassociation-broker",
          "PrimitiveType": "String",
          "UpdateType": "Immutable"
        },
        "Configuration": {
          "Type": "ConfigurationId",
          "Required": true,
          "Documentation": "http://docs.aws.amazon.com/AWSCloudFormation/latest/UserGuide/aws-resource-amazonmq-configurationassociation.html#cfn-amazonmq-configurationassociation-configuration",
          "UpdateType": "Mutable"
        }
      }
    }
  },
  "ResourceSpecificationVersion": "3.0.0"
}