{
  "PropertyTypes": {
    "AWS::AmazonMQ::Configuration.TagsEntry": {
      "Documentation": "http://docs.aws.amazon.com/AWSCloudFormation/latest/UserGuide/aws-properties-amazonmq-configuration-tagsentry.html",
      "Properties": {
        "Value": {
          "Required": true,
          "Documentation": "http://docs.aws.amazon.com/AWSCloudFormation/latest/UserGuide/aws-properties-amazonmq-configuration-tagsentry.html#cfn-amazonmq-configuration-tagsentry-value",
          "PrimitiveType": "String",
          "UpdateType": "Mutable"
        },
        "Key": {
          "Required": true,
          "Documentation": "http://docs.aws.amazon.com/AWSCloudFormation/latest/UserGuide/aws-properties-amazonmq-configuration-tagsentry.html#cfn-amazonmq-configuration-tagsentry-key",
          "PrimitiveType": "String",
          "UpdateType": "Mutable"
        }
      }
    }
  },
  "ResourceType": {
    "AWS::AmazonMQ::Configuration": {
      "Documentation": "http://docs.aws.amazon.com/AWSCloudFormation/latest/UserGuide/aws-resource-amazonmq-configuration.html",
      "Attributes": {
        "Revision": {
          "PrimitiveType": "Integer"
        },
        "Id": {
          "PrimitiveType": "String"
        },
        "Arn": {
          "PrimitiveType": "String"
        }
      },
      "Properties": {
        "EngineVersion": {
          "Required": true,
          "Documentation": "http://docs.aws.amazon.com/AWSCloudFormation/latest/UserGuide/aws-resource-amazonmq-configuration.html#cfn-amazonmq-configuration-engineversion",
          "PrimitiveType": "String",
          "UpdateType": "Immutable"
        },
        "Description": {
          "Required": false,
          "Documentation": "http://docs.aws.amazon.com/AWSCloudFormation/latest/UserGuide/aws-resource-amazonmq-configuration.html#cfn-amazonmq-configuration-description",
          "PrimitiveType": "String",
          "UpdateType": "Mutable"
        },
        "EngineType": {
          "Required": true,
          "Documentation": "http://docs.aws.amazon.com/AWSCloudFormation/latest/UserGuide/aws-resource-amazonmq-configuration.html#cfn-amazonmq-configuration-enginetype",
          "PrimitiveType": "String",
          "UpdateType": "Immutable"
        },
        "Data": {
          "Required": true,
          "Documentation": "http://docs.aws.amazon.com/AWSCloudFormation/latest/UserGuide/aws-resource-amazonmq-configuration.html#cfn-amazonmq-configuration-data",
          "PrimitiveType": "String",
          "UpdateType": "Mutable"
        },
        "Tags": {
          "Type": "List",
          "Required": false,
          "Documentation": "http://docs.aws.amazon.com/AWSCloudFormation/latest/UserGuide/aws-resource-amazonmq-configuration.html#cfn-amazonmq-configuration-tags",
          "ItemType": "TagsEntry",
          "UpdateType": "Mutable"
        },
        "Name": {
          "Required": true,
          "Documentation": "http://docs.aws.amazon.com/AWSCloudFormation/latest/UserGuide/aws-resource-amazonmq-configuration.html#cfn-amazonmq-configuration-name",
          "PrimitiveType": "String",
          "UpdateType": "Immutable"
        }
      }
    }
  },
  "ResourceSpecificationVersion": "3.0.0"
}