{
  "PropertyTypes": {
    "AWS::AmazonMQ::Broker.LogList": {
      "Documentation": "http://docs.aws.amazon.com/AWSCloudFormation/latest/UserGuide/aws-properties-amazonmq-broker-loglist.html",
      "Properties": {
        "Audit": {
          "Required": false,
          "Documentation": "http://docs.aws.amazon.com/AWSCloudFormation/latest/UserGuide/aws-properties-amazonmq-broker-loglist.html#cfn-amazonmq-broker-loglist-audit",
          "PrimitiveType": "Boolean",
          "UpdateType": "Mutable"
        },
        "General": {
          "Required": false,
          "Documentation": "http://docs.aws.amazon.com/AWSCloudFormation/latest/UserGuide/aws-properties-amazonmq-broker-loglist.html#cfn-amazonmq-broker-loglist-general",
          "PrimitiveType": "Boolean",
          "UpdateType": "Mutable"
        }
      }
    },
    "AWS::AmazonMQ::Broker.MaintenanceWindow": {
      "Documentation": "http://docs.aws.amazon.com/AWSCloudFormation/latest/UserGuide/aws-properties-amazonmq-broker-maintenancewindow.html",
      "Properties": {
        "DayOfWeek": {
          "Required": true,
          "Documentation": "http://docs.aws.amazon.com/AWSCloudFormation/latest/UserGuide/aws-properties-amazonmq-broker-maintenancewindow.html#cfn-amazonmq-broker-maintenancewindow-dayofweek",
          "PrimitiveType": "String",
          "UpdateType": "Mutable"
        },
        "TimeOfDay": {
          "Required": true,
          "Documentation": "http://docs.aws.amazon.com/AWSCloudFormation/latest/UserGuide/aws-properties-amazonmq-broker-maintenancewindow.html#cfn-amazonmq-broker-maintenancewindow-timeofday",
          "PrimitiveType": "String",
          "UpdateType": "Mutable"
        },
        "TimeZone": {
          "Required": true,
          "Documentation": "http://docs.aws.amazon.com/AWSCloudFormation/latest/UserGuide/aws-properties-amazonmq-broker-maintenancewindow.html#cfn-amazonmq-broker-maintenancewindow-timezone",
          "PrimitiveType": "String",
          "UpdateType": "Mutable"
        }
      }
    },
    "AWS::AmazonMQ::Broker.User": {
      "Documentation": "http://docs.aws.amazon.com/AWSCloudFormation/latest/UserGuide/aws-properties-amazonmq-broker-user.html",
      "Properties": {
        "Username": {
          "Required": true,
          "Documentation": "http://docs.aws.amazon.com/AWSCloudFormation/latest/UserGuide/aws-properties-amazonmq-broker-user.html#cfn-amazonmq-broker-user-username",
          "PrimitiveType": "String",
          "UpdateType": "Mutable"
        },
        "Groups": {
          "PrimitiveItemType": "String",
          "Type": "List",
          "Required": false,
          "Documentation": "http://docs.aws.amazon.com/AWSCloudFormation/latest/UserGuide/aws-properties-amazonmq-broker-user.html#cfn-amazonmq-broker-user-groups",
          "UpdateType": "Mutable"
        },
        "ConsoleAccess": {
          "Required": false,
          "Documentation": "http://docs.aws.amazon.com/AWSCloudFormation/latest/UserGuide/aws-properties-amazonmq-broker-user.html#cfn-amazonmq-broker-user-consoleaccess",
          "PrimitiveType": "Boolean",
          "UpdateType": "Mutable"
        },
        "Password": {
          "Required": true,
          "Documentation": "http://docs.aws.amazon.com/AWSCloudFormation/latest/UserGuide/aws-properties-amazonmq-broker-user.html#cfn-amazonmq-broker-user-password",
          "PrimitiveType": "String",
          "UpdateType": "Mutable"
        }
      }
    },
    "AWS::AmazonMQ::Broker.TagsEntry": {
      "Documentation": "http://docs.aws.amazon.com/AWSCloudFormation/latest/UserGuide/aws-properties-amazonmq-broker-tagsentry.html",
      "Properties": {
        "Value": {
          "Required": true,
          "Documentation": "http://docs.aws.amazon.com/AWSCloudFormation/latest/UserGuide/aws-properties-amazonmq-broker-tagsentry.html#cfn-amazonmq-broker-tagsentry-value",
          "PrimitiveType": "String",
          "UpdateType": "Mutable"
        },
        "Key": {
          "Required": true,
          "Documentation": "http://docs.aws.amazon.com/AWSCloudFormation/latest/UserGuide/aws-properties-amazonmq-broker-tagsentry.html#cfn-amazonmq-broker-tagsentry-key",
          "PrimitiveType": "String",
          "UpdateType": "Mutable"
        }
      }
    },
    "AWS::AmazonMQ::Broker.ConfigurationId": {
      "Documentation": "http://docs.aws.amazon.com/AWSCloudFormation/latest/UserGuide/aws-properties-amazonmq-broker-configurationid.html",
      "Properties": {
        "Revision": {
          "Required": true,
          "Documentation": "http://docs.aws.amazon.com/AWSCloudFormation/latest/UserGuide/aws-properties-amazonmq-broker-configurationid.html#cfn-amazonmq-broker-configurationid-revision",
          "PrimitiveType": "Integer",
          "UpdateType": "Mutable"
        },
        "Id": {
          "Required": true,
          "Documentation": "http://docs.aws.amazon.com/AWSCloudFormation/latest/UserGuide/aws-properties-amazonmq-broker-configurationid.html#cfn-amazonmq-broker-configurationid-id",
          "PrimitiveType": "String",
          "UpdateType": "Mutable"
        }
      }
    }
  },
  "ResourceType": {
    "AWS::AmazonMQ::Broker": {
      "Documentation": "http://docs.aws.amazon.com/AWSCloudFormation/latest/UserGuide/aws-resource-amazonmq-broker.html",
      "Attributes": {
        "IpAddresses": {
          "PrimitiveItemType": "String",
          "Type": "List"
        },
        "OpenWireEndpoints": {
          "PrimitiveItemType": "String",
          "Type": "List"
        },
        "ConfigurationRevision": {
          "PrimitiveType": "Integer"
        },
        "StompEndpoints": {
          "PrimitiveItemType": "String",
          "Type": "List"
        },
        "MqttEndpoints": {
          "PrimitiveItemType": "String",
          "Type": "List"
        },
        "AmqpEndpoints": {
          "PrimitiveItemType": "String",
          "Type": "List"
        },
        "Arn": {
          "PrimitiveType": "String"
        },
        "ConfigurationId": {
          "PrimitiveType": "String"
        },
        "WssEndpoints": {
          "PrimitiveItemType": "String",
          "Type": "List"
        }
      },
      "Properties": {
        "SecurityGroups": {
          "PrimitiveItemType": "String",
          "Type": "List",
          "Required": false,
          "Documentation": "http://docs.aws.amazon.com/AWSCloudFormation/latest/UserGuide/aws-resource-amazonmq-broker.html#cfn-amazonmq-broker-securitygroups",
          "UpdateType": "Immutable"
        },
        "EngineVersion": {
          "Required": true,
          "Documentation": "http://docs.aws.amazon.com/AWSCloudFormation/latest/UserGuide/aws-resource-amazonmq-broker.html#cfn-amazonmq-broker-engineversion",
          "PrimitiveType": "String",
          "UpdateType": "Mutable"
        },
        "Configuration": {
          "Type": "ConfigurationId",
          "Required": false,
          "Documentation": "http://docs.aws.amazon.com/AWSCloudFormation/latest/UserGuide/aws-resource-amazonmq-broker.html#cfn-amazonmq-broker-configuration",
          "UpdateType": "Mutable"
        },
        "MaintenanceWindowStartTime": {
          "Type": "MaintenanceWindow",
          "Required": false,
          "Documentation": "http://docs.aws.amazon.com/AWSCloudFormation/latest/UserGuide/aws-resource-amazonmq-broker.html#cfn-amazonmq-broker-maintenancewindowstarttime",
          "UpdateType": "Immutable"
        },
        "HostInstanceType": {
          "Required": true,
          "Documentation": "http://docs.aws.amazon.com/AWSCloudFormation/latest/UserGuide/aws-resource-amazonmq-broker.html#cfn-amazonmq-broker-hostinstancetype",
          "PrimitiveType": "String",
          "UpdateType": "Immutable"
        },
        "AutoMinorVersionUpgrade": {
          "Required": true,
          "Documentation": "http://docs.aws.amazon.com/AWSCloudFormation/latest/UserGuide/aws-resource-amazonmq-broker.html#cfn-amazonmq-broker-autominorversionupgrade",
          "PrimitiveType": "Boolean",
          "UpdateType": "Mutable"
        },
        "Users": {
          "Type": "List",
          "Required": true,
          "Documentation": "http://docs.aws.amazon.com/AWSCloudFormation/latest/UserGuide/aws-resource-amazonmq-broker.html#cfn-amazonmq-broker-users",
          "ItemType": "User",
          "UpdateType": "Mutable"
        },
        "Logs": {
          "Type": "LogList",
          "Required": false,
          "Documentation": "http://docs.aws.amazon.com/AWSCloudFormation/latest/UserGuide/aws-resource-amazonmq-broker.html#cfn-amazonmq-broker-logs",
          "UpdateType": "Mutable"
        },
        "SubnetIds": {
          "PrimitiveItemType": "String",
          "Type": "List",
          "Required": false,
          "Documentation": "http://docs.aws.amazon.com/AWSCloudFormation/latest/UserGuide/aws-resource-amazonmq-broker.html#cfn-amazonmq-broker-subnetids",
          "UpdateType": "Immutable"
        },
        "BrokerName": {
          "Required": true,
          "Documentation": "http://docs.aws.amazon.com/AWSCloudFormation/latest/UserGuide/aws-resource-amazonmq-broker.html#cfn-amazonmq-broker-brokername",
          "PrimitiveType": "String",
          "UpdateType": "Immutable"
        },
        "DeploymentMode": {
          "Required": true,
          "Documentation": "http://docs.aws.amazon.com/AWSCloudFormation/latest/UserGuide/aws-resource-amazonmq-broker.html#cfn-amazonmq-broker-deploymentmode",
          "PrimitiveType": "String",
          "UpdateType": "Immutable"
        },
        "EngineType": {
          "Required": true,
          "Documentation": "http://docs.aws.amazon.com/AWSCloudFormation/latest/UserGuide/aws-resource-amazonmq-broker.html#cfn-amazonmq-broker-enginetype",
          "PrimitiveType": "String",
          "UpdateType": "Immutable"
        },
        "PubliclyAccessible": {
          "Required": true,
          "Documentation": "http://docs.aws.amazon.com/AWSCloudFormation/latest/UserGuide/aws-resource-amazonmq-broker.html#cfn-amazonmq-broker-publiclyaccessible",
          "PrimitiveType": "Boolean",
          "UpdateType": "Immutable"
        },
        "Tags": {
          "Type": "List",
          "Required": false,
          "Documentation": "http://docs.aws.amazon.com/AWSCloudFormation/latest/UserGuide/aws-resource-amazonmq-broker.html#cfn-amazonmq-broker-tags",
          "ItemType": "TagsEntry",
          "UpdateType": "Mutable"
        }
      }
    }
  },
  "ResourceSpecificationVersion": "3.0.0"
}