{
  "PropertyTypes": {
    "AWS::ApiGateway::Method.Integration": {
      "Documentation": "http://docs.aws.amazon.com/AWSCloudFormation/latest/UserGuide/aws-properties-apitgateway-method-integration.html",
      "Properties": {
        "CacheKeyParameters": {
          "Documentation": "http://docs.aws.amazon.com/AWSCloudFormation/latest/UserGuide/aws-properties-apitgateway-method-integration.html#cfn-apigateway-method-integration-cachekeyparameters",
          "DuplicatesAllowed": false,
          "PrimitiveItemType": "String",
          "Required": false,
          "Type": "List",
          "UpdateType": "Mutable"
        },
        "CacheNamespace": {
          "Documentation": "http://docs.aws.amazon.com/AWSCloudFormation/latest/UserGuide/aws-properties-apitgateway-method-integration.html#cfn-apigateway-method-integration-cachenamespace",
          "PrimitiveType": "String",
          "Required": false,
          "UpdateType": "Mutable"
        },
        "ConnectionId": {
          "Documentation": "http://docs.aws.amazon.com/AWSCloudFormation/latest/UserGuide/aws-properties-apitgateway-method-integration.html#cfn-apigateway-method-integration-connectionid",
          "PrimitiveType": "String",
          "Required": false,
          "UpdateType": "Mutable"
        },
        "ConnectionType": {
          "Documentation": "http://docs.aws.amazon.com/AWSCloudFormation/latest/UserGuide/aws-properties-apitgateway-method-integration.html#cfn-apigateway-method-integration-connectiontype",
          "PrimitiveType": "String",
          "Required": false,
          "UpdateType": "Mutable"
        },
        "ContentHandling": {
          "Documentation": "http://docs.aws.amazon.com/AWSCloudFormation/latest/UserGuide/aws-properties-apitgateway-method-integration.html#cfn-apigateway-method-integration-contenthandling",
          "PrimitiveType": "String",
          "Required": false,
          "UpdateType": "Mutable"
        },
        "Credentials": {
          "Documentation": "http://docs.aws.amazon.com/AWSCloudFormation/latest/UserGuide/aws-properties-apitgateway-method-integration.html#cfn-apigateway-method-integration-credentials",
          "PrimitiveType": "String",
          "Required": false,
          "UpdateType": "Mutable"
        },
        "IntegrationHttpMethod": {
          "Documentation": "http://docs.aws.amazon.com/AWSCloudFormation/latest/UserGuide/aws-properties-apitgateway-method-integration.html#cfn-apigateway-method-integration-integrationhttpmethod",
          "PrimitiveType": "String",
          "Required": false,
          "UpdateType": "Mutable"
        },
        "IntegrationResponses": {
          "Documentation": "http://docs.aws.amazon.com/AWSCloudFormation/latest/UserGuide/aws-properties-apitgateway-method-integration.html#cfn-apigateway-method-integration-integrationresponses",
          "DuplicatesAllowed": false,
          "ItemType": "IntegrationResponse",
          "Required": false,
          "Type": "List",
          "UpdateType": "Mutable"
        },
        "PassthroughBehavior": {
          "Documentation": "http://docs.aws.amazon.com/AWSCloudFormation/latest/UserGuide/aws-properties-apitgateway-method-integration.html#cfn-apigateway-method-integration-passthroughbehavior",
          "PrimitiveType": "String",
          "Required": false,
          "UpdateType": "Mutable"
        },
        "RequestParameters": {
          "Documentation": "http://docs.aws.amazon.com/AWSCloudFormation/latest/UserGuide/aws-properties-apitgateway-method-integration.html#cfn-apigateway-method-integration-requestparameters",
          "DuplicatesAllowed": false,
          "PrimitiveItemType": "String",
          "Required": false,
          "Type": "Map",
          "UpdateType": "Mutable"
        },
        "RequestTemplates": {
          "Documentation": "http://docs.aws.amazon.com/AWSCloudFormation/latest/UserGuide/aws-properties-apitgateway-method-integration.html#cfn-apigateway-method-integration-requesttemplates",
          "DuplicatesAllowed": false,
          "PrimitiveItemType": "String",
          "Required": false,
          "Type": "Map",
          "UpdateType": "Mutable"
        },
        "TimeoutInMillis": {
          "Documentation": "http://docs.aws.amazon.com/AWSCloudFormation/latest/UserGuide/aws-properties-apitgateway-method-integration.html#cfn-apigateway-method-integration-timeoutinmillis",
          "PrimitiveType": "Integer",
          "Required": false,
          "UpdateType": "Mutable"
        },
        "Type": {
          "Documentation": "http://docs.aws.amazon.com/AWSCloudFormation/latest/UserGuide/aws-properties-apitgateway-method-integration.html#cfn-apigateway-method-integration-type",
          "PrimitiveType": "String",
          "Required": false,
          "UpdateType": "Mutable"
        },
        "Uri": {
          "Documentation": "http://docs.aws.amazon.com/AWSCloudFormation/latest/UserGuide/aws-properties-apitgateway-method-integration.html#cfn-apigateway-method-integration-uri",
          "PrimitiveType": "String",
          "Required": false,
          "UpdateType": "Mutable"
        }
      }
    },
    "AWS::ApiGateway::Method.IntegrationResponse": {
      "Documentation": "http://docs.aws.amazon.com/AWSCloudFormation/latest/UserGuide/aws-properties-apitgateway-method-integration-integrationresponse.html",
      "Properties": {
        "ContentHandling": {
          "Documentation": "http://docs.aws.amazon.com/AWSCloudFormation/latest/UserGuide/aws-properties-apitgateway-method-integration-integrationresponse.html#cfn-apigateway-method-integrationresponse-contenthandling",
          "PrimitiveType": "String",
          "Required": false,
          "UpdateType": "Mutable"
        },
        "ResponseParameters": {
          "Documentation": "http://docs.aws.amazon.com/AWSCloudFormation/latest/UserGuide/aws-properties-apitgateway-method-integration-integrationresponse.html#cfn-apigateway-method-integration-integrationresponse-responseparameters",
          "DuplicatesAllowed": false,
          "PrimitiveItemType": "String",
          "Required": false,
          "Type": "Map",
          "UpdateType": "Mutable"
        },
        "ResponseTemplates": {
          "Documentation": "http://docs.aws.amazon.com/AWSCloudFormation/latest/UserGuide/aws-properties-apitgateway-method-integration-integrationresponse.html#cfn-apigateway-method-integration-integrationresponse-responsetemplates",
          "DuplicatesAllowed": false,
          "PrimitiveItemType": "String",
          "Required": false,
          "Type": "Map",
          "UpdateType": "Mutable"
        },
        "SelectionPattern": {
          "Documentation": "http://docs.aws.amazon.com/AWSCloudFormation/latest/UserGuide/aws-properties-apitgateway-method-integration-integrationresponse.html#cfn-apigateway-method-integration-integrationresponse-selectionpattern",
          "PrimitiveType": "String",
          "Required": false,
          "UpdateType": "Mutable"
        },
        "StatusCode": {
          "Documentation": "http://docs.aws.amazon.com/AWSCloudFormation/latest/UserGuide/aws-properties-apitgateway-method-integration-integrationresponse.html#cfn-apigateway-method-integration-integrationresponse-statuscode",
          "PrimitiveType": "String",
          "Required": true,
          "UpdateType": "Mutable"
        }
      }
    },
    "AWS::ApiGateway::Method.MethodResponse": {
      "Documentation": "http://docs.aws.amazon.com/AWSCloudFormation/latest/UserGuide/aws-properties-apitgateway-method-methodresponse.html",
      "Properties": {
        "ResponseModels": {
          "Documentation": "http://docs.aws.amazon.com/AWSCloudFormation/latest/UserGuide/aws-properties-apitgateway-method-methodresponse.html#cfn-apigateway-method-methodresponse-responsemodels",
          "DuplicatesAllowed": false,
          "PrimitiveItemType": "String",
          "Required": false,
          "Type": "Map",
          "UpdateType": "Mutable"
        },
        "ResponseParameters": {
          "Documentation": "http://docs.aws.amazon.com/AWSCloudFormation/latest/UserGuide/aws-properties-apitgateway-method-methodresponse.html#cfn-apigateway-method-methodresponse-responseparameters",
          "DuplicatesAllowed": false,
          "PrimitiveItemType": "Boolean",
          "Required": false,
          "Type": "Map",
          "UpdateType": "Mutable"
        },
        "StatusCode": {
          "Documentation": "http://docs.aws.amazon.com/AWSCloudFormation/latest/UserGuide/aws-properties-apitgateway-method-methodresponse.html#cfn-apigateway-method-methodresponse-statuscode",
          "PrimitiveType": "String",
          "Required": true,
          "UpdateType": "Mutable"
        }
      }
    }
  },
  "ResourceType": {
    "AWS::ApiGateway::Method": {
      "Documentation": "http://docs.aws.amazon.com/AWSCloudFormation/latest/UserGuide/aws-resource-apigateway-method.html",
      "Properties": {
        "ApiKeyRequired": {
          "Documentation": "http://docs.aws.amazon.com/AWSCloudFormation/latest/UserGuide/aws-resource-apigateway-method.html#cfn-apigateway-method-apikeyrequired",
          "PrimitiveType": "Boolean",
          "Required": false,
          "UpdateType": "Mutable"
        },
        "AuthorizationScopes": {
          "Documentation": "http://docs.aws.amazon.com/AWSCloudFormation/latest/UserGuide/aws-resource-apigateway-method.html#cfn-apigateway-method-authorizationscopes",
          "DuplicatesAllowed": false,
          "PrimitiveItemType": "String",
          "Required": false,
          "Type": "List",
          "UpdateType": "Mutable"
        },
        "AuthorizationType": {
          "Documentation": "http://docs.aws.amazon.com/AWSCloudFormation/latest/UserGuide/aws-resource-apigateway-method.html#cfn-apigateway-method-authorizationtype",
          "PrimitiveType": "String",
          "Required": false,
          "UpdateType": "Mutable"
        },
        "AuthorizerId": {
          "Documentation": "http://docs.aws.amazon.com/AWSCloudFormation/latest/UserGuide/aws-resource-apigateway-method.html#cfn-apigateway-method-authorizerid",
          "PrimitiveType": "String",
          "Required": false,
          "UpdateType": "Mutable"
        },
        "HttpMethod": {
          "Documentation": "http://docs.aws.amazon.com/AWSCloudFormation/latest/UserGuide/aws-resource-apigateway-method.html#cfn-apigateway-method-httpmethod",
          "PrimitiveType": "String",
          "Required": true,
          "UpdateType": "Mutable"
        },
        "Integration": {
          "Documentation": "http://docs.aws.amazon.com/AWSCloudFormation/latest/UserGuide/aws-resource-apigateway-method.html#cfn-apigateway-method-integration",
          "Required": false,
          "Type": "Integration",
          "UpdateType": "Mutable"
        },
        "MethodResponses": {
          "Documentation": "http://docs.aws.amazon.com/AWSCloudFormation/latest/UserGuide/aws-resource-apigateway-method.html#cfn-apigateway-method-methodresponses",
          "DuplicatesAllowed": false,
          "ItemType": "MethodResponse",
          "Required": false,
          "Type": "List",
          "UpdateType": "Mutable"
        },
        "OperationName": {
          "Documentation": "http://docs.aws.amazon.com/AWSCloudFormation/latest/UserGuide/aws-resource-apigateway-method.html#cfn-apigateway-method-operationname",
          "PrimitiveType": "String",
          "Required": false,
          "UpdateType": "Mutable"
        },
        "RequestModels": {
          "Documentation": "http://docs.aws.amazon.com/AWSCloudFormation/latest/UserGuide/aws-resource-apigateway-method.html#cfn-apigateway-method-requestmodels",
          "DuplicatesAllowed": false,
          "PrimitiveItemType": "String",
          "Required": false,
          "Type": "Map",
          "UpdateType": "Mutable"
        },
        "RequestParameters": {
          "Documentation": "http://docs.aws.amazon.com/AWSCloudFormation/latest/UserGuide/aws-resource-apigateway-method.html#cfn-apigateway-method-requestparameters",
          "DuplicatesAllowed": false,
          "PrimitiveItemType": "Boolean",
          "Required": false,
          "Type": "Map",
          "UpdateType": "Mutable"
        },
        "RequestValidatorId": {
          "Documentation": "http://docs.aws.amazon.com/AWSCloudFormation/latest/UserGuide/aws-resource-apigateway-method.html#cfn-apigateway-method-requestvalidatorid",
          "PrimitiveType": "String",
          "Required": false,
          "UpdateType": "Mutable"
        },
        "ResourceId": {
          "Documentation": "http://docs.aws.amazon.com/AWSCloudFormation/latest/UserGuide/aws-resource-apigateway-method.html#cfn-apigateway-method-resourceid",
          "PrimitiveType": "String",
          "Required": true,
          "UpdateType": "Mutable"
        },
        "RestApiId": {
          "Documentation": "http://docs.aws.amazon.com/AWSCloudFormation/latest/UserGuide/aws-resource-apigateway-method.html#cfn-apigateway-method-restapiid",
          "PrimitiveType": "String",
          "Required": true,
          "UpdateType": "Mutable"
        }
      }
    }
  },
  "ResourceSpecificationVersion": "3.0.0"
}