{
  "PropertyTypes": {
    "AWS::ApiGateway::UsagePlan.ApiStage": {
      "Documentation": "http://docs.aws.amazon.com/AWSCloudFormation/latest/UserGuide/aws-properties-apigateway-usageplan-apistage.html",
      "Properties": {
        "ApiId": {
          "Documentation": "http://docs.aws.amazon.com/AWSCloudFormation/latest/UserGuide/aws-properties-apigateway-usageplan-apistage.html#cfn-apigateway-usageplan-apistage-apiid",
          "PrimitiveType": "String",
          "Required": false,
          "UpdateType": "Mutable"
        },
        "Stage": {
          "Documentation": "http://docs.aws.amazon.com/AWSCloudFormation/latest/UserGuide/aws-properties-apigateway-usageplan-apistage.html#cfn-apigateway-usageplan-apistage-stage",
          "PrimitiveType": "String",
          "Required": false,
          "UpdateType": "Mutable"
        },
        "Throttle": {
          "Documentation": "http://docs.aws.amazon.com/AWSCloudFormation/latest/UserGuide/aws-properties-apigateway-usageplan-apistage.html#cfn-apigateway-usageplan-apistage-throttle",
          "DuplicatesAllowed": false,
          "ItemType": "ThrottleSettings",
          "Required": false,
          "Type": "Map",
          "UpdateType": "Mutable"
        }
      }
    },
    "AWS::ApiGateway::UsagePlan.QuotaSettings": {
      "Documentation": "http://docs.aws.amazon.com/AWSCloudFormation/latest/UserGuide/aws-properties-apigateway-usageplan-quotasettings.html",
      "Properties": {
        "Limit": {
          "Documentation": "http://docs.aws.amazon.com/AWSCloudFormation/latest/UserGuide/aws-properties-apigateway-usageplan-quotasettings.html#cfn-apigateway-usageplan-quotasettings-limit",
          "PrimitiveType": "Integer",
          "Required": false,
          "UpdateType": "Mutable"
        },
        "Offset": {
          "Documentation": "http://docs.aws.amazon.com/AWSCloudFormation/latest/UserGuide/aws-properties-apigateway-usageplan-quotasettings.html#cfn-apigateway-usageplan-quotasettings-offset",
          "PrimitiveType": "Integer",
          "Required": false,
          "UpdateType": "Mutable"
        },
        "Period": {
          "Documentation": "http://docs.aws.amazon.com/AWSCloudFormation/latest/UserGuide/aws-properties-apigateway-usageplan-quotasettings.html#cfn-apigateway-usageplan-quotasettings-period",
          "PrimitiveType": "String",
          "Required": false,
          "UpdateType": "Mutable"
        }
      }
    },
    "AWS::ApiGateway::UsagePlan.ThrottleSettings": {
      "Documentation": "http://docs.aws.amazon.com/AWSCloudFormation/latest/UserGuide/aws-properties-apigateway-usageplan-throttlesettings.html",
      "Properties": {
        "BurstLimit": {
          "Documentation": "http://docs.aws.amazon.com/AWSCloudFormation/latest/UserGuide/aws-properties-apigateway-usageplan-throttlesettings.html#cfn-apigateway-usageplan-throttlesettings-burstlimit",
          "PrimitiveType": "Integer",
          "Required": false,
          "UpdateType": "Mutable"
        },
        "RateLimit": {
          "Documentation": "http://docs.aws.amazon.com/AWSCloudFormation/latest/UserGuide/aws-properties-apigateway-usageplan-throttlesettings.html#cfn-apigateway-usageplan-throttlesettings-ratelimit",
          "PrimitiveType": "Double",
          "Required": false,
          "UpdateType": "Mutable"
        }
      }
    }
  },
  "ResourceType": {
    "AWS::ApiGateway::UsagePlan": {
      "Documentation": "http://docs.aws.amazon.com/AWSCloudFormation/latest/UserGuide/aws-resource-apigateway-usageplan.html",
      "Properties": {
        "ApiStages": {
          "Documentation": "http://docs.aws.amazon.com/AWSCloudFormation/latest/UserGuide/aws-resource-apigateway-usageplan.html#cfn-apigateway-usageplan-apistages",
          "DuplicatesAllowed": false,
          "ItemType": "ApiStage",
          "Required": false,
          "Type": "List",
          "UpdateType": "Mutable"
        },
        "Description": {
          "Documentation": "http://docs.aws.amazon.com/AWSCloudFormation/latest/UserGuide/aws-resource-apigateway-usageplan.html#cfn-apigateway-usageplan-description",
          "PrimitiveType": "String",
          "Required": false,
          "UpdateType": "Mutable"
        },
        "Quota": {
          "Documentation": "http://docs.aws.amazon.com/AWSCloudFormation/latest/UserGuide/aws-resource-apigateway-usageplan.html#cfn-apigateway-usageplan-quota",
          "Required": false,
          "Type": "QuotaSettings",
          "UpdateType": "Mutable"
        },
        "Throttle": {
          "Documentation": "http://docs.aws.amazon.com/AWSCloudFormation/latest/UserGuide/aws-resource-apigateway-usageplan.html#cfn-apigateway-usageplan-throttle",
          "Required": false,
          "Type": "ThrottleSettings",
          "UpdateType": "Mutable"
        },
        "UsagePlanName": {
          "Documentation": "http://docs.aws.amazon.com/AWSCloudFormation/latest/UserGuide/aws-resource-apigateway-usageplan.html#cfn-apigateway-usageplan-usageplanname",
          "PrimitiveType": "String",
          "Required": false,
          "UpdateType": "Mutable"
        }
      }
    }
  },
  "ResourceSpecificationVersion": "3.0.0"
}