{
  "PropertyTypes": {
    "AWS::ApiGateway::DomainName.EndpointConfiguration": {
      "Documentation": "http://docs.aws.amazon.com/AWSCloudFormation/latest/UserGuide/aws-properties-apigateway-domainname-endpointconfiguration.html",
      "Properties": {
        "Types": {
          "Documentation": "http://docs.aws.amazon.com/AWSCloudFormation/latest/UserGuide/aws-properties-apigateway-domainname-endpointconfiguration.html#cfn-apigateway-domainname-endpointconfiguration-types",
          "DuplicatesAllowed": false,
          "PrimitiveItemType": "String",
          "Required": false,
          "Type": "List",
          "UpdateType": "Mutable"
        }
      }
    }
  },
  "ResourceType": {
    "AWS::ApiGateway::DomainName": {
      "Attributes": {
        "DistributionDomainName": {
          "PrimitiveType": "String"
        },
        "DistributionHostedZoneId": {
          "PrimitiveType": "String"
        },
        "RegionalDomainName": {
          "PrimitiveType": "String"
        },
        "RegionalHostedZoneId": {
          "PrimitiveType": "String"
        }
      },
      "Documentation": "http://docs.aws.amazon.com/AWSCloudFormation/latest/UserGuide/aws-resource-apigateway-domainname.html",
      "Properties": {
        "CertificateArn": {
          "Documentation": "http://docs.aws.amazon.com/AWSCloudFormation/latest/UserGuide/aws-resource-apigateway-domainname.html#cfn-apigateway-domainname-certificatearn",
          "PrimitiveType": "String",
          "Required": false,
          "UpdateType": "Mutable"
        },
        "DomainName": {
          "Documentation": "http://docs.aws.amazon.com/AWSCloudFormation/latest/UserGuide/aws-resource-apigateway-domainname.html#cfn-apigateway-domainname-domainname",
          "PrimitiveType": "String",
          "Required": true,
          "UpdateType": "Immutable"
        },
        "EndpointConfiguration": {
          "Documentation": "http://docs.aws.amazon.com/AWSCloudFormation/latest/UserGuide/aws-resource-apigateway-domainname.html#cfn-apigateway-domainname-endpointconfiguration",
          "Required": false,
          "Type": "EndpointConfiguration",
          "UpdateType": "Mutable"
        },
        "RegionalCertificateArn": {
          "Documentation": "http://docs.aws.amazon.com/AWSCloudFormation/latest/UserGuide/aws-resource-apigateway-domainname.html#cfn-apigateway-domainname-regionalcertificatearn",
          "PrimitiveType": "String",
          "Required": false,
          "UpdateType": "Mutable"
        }
      }
    }
  },
  "ResourceSpecificationVersion": "3.0.0"
}