{
  "PropertyTypes": {
    "AWS::ApiGatewayV2::Route.ParameterConstraints": {
      "Documentation": "http://docs.aws.amazon.com/AWSCloudFormation/latest/UserGuide/aws-properties-apigatewayv2-route-parameterconstraints.html",
      "Properties": {
        "Required": {
          "Required": true,
          "Documentation": "http://docs.aws.amazon.com/AWSCloudFormation/latest/UserGuide/aws-properties-apigatewayv2-route-parameterconstraints.html#cfn-apigatewayv2-route-parameterconstraints-required",
          "PrimitiveType": "Boolean",
          "UpdateType": "Mutable"
        }
      }
    }
  },
  "ResourceType": {
    "AWS::ApiGatewayV2::Route": {
      "Documentation": "http://docs.aws.amazon.com/AWSCloudFormation/latest/UserGuide/aws-resource-apigatewayv2-route.html",
      "Properties": {
        "Target": {
          "Required": false,
          "Documentation": "http://docs.aws.amazon.com/AWSCloudFormation/latest/UserGuide/aws-resource-apigatewayv2-route.html#cfn-apigatewayv2-route-target",
          "PrimitiveType": "String",
          "UpdateType": "Mutable"
        },
        "RouteResponseSelectionExpression": {
          "Required": false,
          "Documentation": "http://docs.aws.amazon.com/AWSCloudFormation/latest/UserGuide/aws-resource-apigatewayv2-route.html#cfn-apigatewayv2-route-routeresponseselectionexpression",
          "PrimitiveType": "String",
          "UpdateType": "Mutable"
        },
        "AuthorizerId": {
          "Required": false,
          "Documentation": "http://docs.aws.amazon.com/AWSCloudFormation/latest/UserGuide/aws-resource-apigatewayv2-route.html#cfn-apigatewayv2-route-authorizerid",
          "PrimitiveType": "String",
          "UpdateType": "Mutable"
        },
        "RequestModels": {
          "Required": false,
          "Documentation": "http://docs.aws.amazon.com/AWSCloudFormation/latest/UserGuide/aws-resource-apigatewayv2-route.html#cfn-apigatewayv2-route-requestmodels",
          "PrimitiveType": "Json",
          "UpdateType": "Mutable"
        },
        "OperationName": {
          "Required": false,
          "Documentation": "http://docs.aws.amazon.com/AWSCloudFormation/latest/UserGuide/aws-resource-apigatewayv2-route.html#cfn-apigatewayv2-route-operationname",
          "PrimitiveType": "String",
          "UpdateType": "Mutable"
        },
        "AuthorizationScopes": {
          "PrimitiveItemType": "String",
          "Type": "List",
          "Required": false,
          "Documentation": "http://docs.aws.amazon.com/AWSCloudFormation/latest/UserGuide/aws-resource-apigatewayv2-route.html#cfn-apigatewayv2-route-authorizationscopes",
          "UpdateType": "Mutable"
        },
        "ApiKeyRequired": {
          "Required": false,
          "Documentation": "http://docs.aws.amazon.com/AWSCloudFormation/latest/UserGuide/aws-resource-apigatewayv2-route.html#cfn-apigatewayv2-route-apikeyrequired",
          "PrimitiveType": "Boolean",
          "UpdateType": "Mutable"
        },
        "RouteKey": {
          "Required": true,
          "Documentation": "http://docs.aws.amazon.com/AWSCloudFormation/latest/UserGuide/aws-resource-apigatewayv2-route.html#cfn-apigatewayv2-route-routekey",
          "PrimitiveType": "String",
          "UpdateType": "Mutable"
        },
        "AuthorizationType": {
          "Required": false,
          "Documentation": "http://docs.aws.amazon.com/AWSCloudFormation/latest/UserGuide/aws-resource-apigatewayv2-route.html#cfn-apigatewayv2-route-authorizationtype",
          "PrimitiveType": "String",
          "UpdateType": "Mutable"
        },
        "ModelSelectionExpression": {
          "Required": false,
          "Documentation": "http://docs.aws.amazon.com/AWSCloudFormation/latest/UserGuide/aws-resource-apigatewayv2-route.html#cfn-apigatewayv2-route-modelselectionexpression",
          "PrimitiveType": "String",
          "UpdateType": "Mutable"
        },
        "ApiId": {
          "Required": true,
          "Documentation": "http://docs.aws.amazon.com/AWSCloudFormation/latest/UserGuide/aws-resource-apigatewayv2-route.html#cfn-apigatewayv2-route-apiid",
          "PrimitiveType": "String",
          "UpdateType": "Immutable"
        },
        "RequestParameters": {
          "Required": false,
          "Documentation": "http://docs.aws.amazon.com/AWSCloudFormation/latest/UserGuide/aws-resource-apigatewayv2-route.html#cfn-apigatewayv2-route-requestparameters",
          "PrimitiveType": "Json",
          "UpdateType": "Mutable"
        }
      }
    }
  },
  "ResourceSpecificationVersion": "3.0.0"
}