{
  "ResourceType": {
    "AWS::ApiGateway::VpcLink": {
      "Documentation": "http://docs.aws.amazon.com/AWSCloudFormation/latest/UserGuide/aws-resource-apigateway-vpclink.html",
      "Properties": {
        "Description": {
          "Required": false,
          "Documentation": "http://docs.aws.amazon.com/AWSCloudFormation/latest/UserGuide/aws-resource-apigateway-vpclink.html#cfn-apigateway-vpclink-description",
          "PrimitiveType": "String",
          "UpdateType": "Mutable"
        },
        "TargetArns": {
          "PrimitiveItemType": "String",
          "Type": "List",
          "Required": true,
          "Documentation": "http://docs.aws.amazon.com/AWSCloudFormation/latest/UserGuide/aws-resource-apigateway-vpclink.html#cfn-apigateway-vpclink-targetarns",
          "UpdateType": "Immutable"
        },
        "Name": {
          "Required": true,
          "Documentation": "http://docs.aws.amazon.com/AWSCloudFormation/latest/UserGuide/aws-resource-apigateway-vpclink.html#cfn-apigateway-vpclink-name",
          "PrimitiveType": "String",
          "UpdateType": "Mutable"
        }
      }
    }
  },
  "ResourceSpecificationVersion": "3.0.0"
}