{
  "ResourceType": {
    "AWS::ApiGatewayV2::Integration": {
      "Documentation": "http://docs.aws.amazon.com/AWSCloudFormation/latest/UserGuide/aws-resource-apigatewayv2-integration.html",
      "Properties": {
        "Description": {
          "Required": false,
          "Documentation": "http://docs.aws.amazon.com/AWSCloudFormation/latest/UserGuide/aws-resource-apigatewayv2-integration.html#cfn-apigatewayv2-integration-description",
          "PrimitiveType": "String",
          "UpdateType": "Mutable"
        },
        "TemplateSelectionExpression": {
          "Required": false,
          "Documentation": "http://docs.aws.amazon.com/AWSCloudFormation/latest/UserGuide/aws-resource-apigatewayv2-integration.html#cfn-apigatewayv2-integration-templateselectionexpression",
          "PrimitiveType": "String",
          "UpdateType": "Mutable"
        },
        "ConnectionType": {
          "Required": false,
          "Documentation": "http://docs.aws.amazon.com/AWSCloudFormation/latest/UserGuide/aws-resource-apigatewayv2-integration.html#cfn-apigatewayv2-integration-connectiontype",
          "PrimitiveType": "String",
          "UpdateType": "Mutable"
        },
        "IntegrationMethod": {
          "Required": false,
          "Documentation": "http://docs.aws.amazon.com/AWSCloudFormation/latest/UserGuide/aws-resource-apigatewayv2-integration.html#cfn-apigatewayv2-integration-integrationmethod",
          "PrimitiveType": "String",
          "UpdateType": "Mutable"
        },
        "PassthroughBehavior": {
          "Required": false,
          "Documentation": "http://docs.aws.amazon.com/AWSCloudFormation/latest/UserGuide/aws-resource-apigatewayv2-integration.html#cfn-apigatewayv2-integration-passthroughbehavior",
          "PrimitiveType": "String",
          "UpdateType": "Mutable"
        },
        "RequestParameters": {
          "Required": false,
          "Documentation": "http://docs.aws.amazon.com/AWSCloudFormation/latest/UserGuide/aws-resource-apigatewayv2-integration.html#cfn-apigatewayv2-integration-requestparameters",
          "PrimitiveType": "Json",
          "UpdateType": "Mutable"
        },
        "IntegrationUri": {
          "Required": false,
          "Documentation": "http://docs.aws.amazon.com/AWSCloudFormation/latest/UserGuide/aws-resource-apigatewayv2-integration.html#cfn-apigatewayv2-integration-integrationuri",
          "PrimitiveType": "String",
          "UpdateType": "Mutable"
        },
        "CredentialsArn": {
          "Required": false,
          "Documentation": "http://docs.aws.amazon.com/AWSCloudFormation/latest/UserGuide/aws-resource-apigatewayv2-integration.html#cfn-apigatewayv2-integration-credentialsarn",
          "PrimitiveType": "String",
          "UpdateType": "Mutable"
        },
        "RequestTemplates": {
          "Required": false,
          "Documentation": "http://docs.aws.amazon.com/AWSCloudFormation/latest/UserGuide/aws-resource-apigatewayv2-integration.html#cfn-apigatewayv2-integration-requesttemplates",
          "PrimitiveType": "Json",
          "UpdateType": "Mutable"
        },
        "TimeoutInMillis": {
          "Required": false,
          "Documentation": "http://docs.aws.amazon.com/AWSCloudFormation/latest/UserGuide/aws-resource-apigatewayv2-integration.html#cfn-apigatewayv2-integration-timeoutinmillis",
          "PrimitiveType": "Integer",
          "UpdateType": "Mutable"
        },
        "ContentHandlingStrategy": {
          "Required": false,
          "Documentation": "http://docs.aws.amazon.com/AWSCloudFormation/latest/UserGuide/aws-resource-apigatewayv2-integration.html#cfn-apigatewayv2-integration-contenthandlingstrategy",
          "PrimitiveType": "String",
          "UpdateType": "Mutable"
        },
        "ApiId": {
          "Required": true,
          "Documentation": "http://docs.aws.amazon.com/AWSCloudFormation/latest/UserGuide/aws-resource-apigatewayv2-integration.html#cfn-apigatewayv2-integration-apiid",
          "PrimitiveType": "String",
          "UpdateType": "Immutable"
        },
        "IntegrationType": {
          "Required": true,
          "Documentation": "http://docs.aws.amazon.com/AWSCloudFormation/latest/UserGuide/aws-resource-apigatewayv2-integration.html#cfn-apigatewayv2-integration-integrationtype",
          "PrimitiveType": "String",
          "UpdateType": "Mutable"
        }
      }
    }
  },
  "ResourceSpecificationVersion": "3.0.0"
}