{
  "PropertyTypes": {
    "AWS::ApiGateway::Deployment.AccessLogSetting": {
      "Documentation": "http://docs.aws.amazon.com/AWSCloudFormation/latest/UserGuide/aws-properties-apigateway-deployment-accesslogsetting.html",
      "Properties": {
        "DestinationArn": {
          "Documentation": "http://docs.aws.amazon.com/AWSCloudFormation/latest/UserGuide/aws-properties-apigateway-deployment-accesslogsetting.html#cfn-apigateway-deployment-accesslogsetting-destinationarn",
          "PrimitiveType": "String",
          "Required": false,
          "UpdateType": "Mutable"
        },
        "Format": {
          "Documentation": "http://docs.aws.amazon.com/AWSCloudFormation/latest/UserGuide/aws-properties-apigateway-deployment-accesslogsetting.html#cfn-apigateway-deployment-accesslogsetting-format",
          "PrimitiveType": "String",
          "Required": false,
          "UpdateType": "Mutable"
        }
      }
    },
    "AWS::ApiGateway::Deployment.CanarySetting": {
      "Documentation": "http://docs.aws.amazon.com/AWSCloudFormation/latest/UserGuide/aws-properties-apigateway-deployment-canarysetting.html",
      "Properties": {
        "PercentTraffic": {
          "Documentation": "http://docs.aws.amazon.com/AWSCloudFormation/latest/UserGuide/aws-properties-apigateway-deployment-canarysetting.html#cfn-apigateway-deployment-canarysetting-percenttraffic",
          "PrimitiveType": "Double",
          "Required": false,
          "UpdateType": "Mutable"
        },
        "StageVariableOverrides": {
          "Documentation": "http://docs.aws.amazon.com/AWSCloudFormation/latest/UserGuide/aws-properties-apigateway-deployment-canarysetting.html#cfn-apigateway-deployment-canarysetting-stagevariableoverrides",
          "DuplicatesAllowed": false,
          "PrimitiveItemType": "String",
          "Required": false,
          "Type": "Map",
          "UpdateType": "Mutable"
        },
        "UseStageCache": {
          "Documentation": "http://docs.aws.amazon.com/AWSCloudFormation/latest/UserGuide/aws-properties-apigateway-deployment-canarysetting.html#cfn-apigateway-deployment-canarysetting-usestagecache",
          "PrimitiveType": "Boolean",
          "Required": false,
          "UpdateType": "Mutable"
        }
      }
    },
    "AWS::ApiGateway::Deployment.DeploymentCanarySettings": {
      "Documentation": "http://docs.aws.amazon.com/AWSCloudFormation/latest/UserGuide/aws-properties-apigateway-deployment-deploymentcanarysettings.html",
      "Properties": {
        "PercentTraffic": {
          "Documentation": "http://docs.aws.amazon.com/AWSCloudFormation/latest/UserGuide/aws-properties-apigateway-deployment-deploymentcanarysettings.html#cfn-apigateway-deployment-deploymentcanarysettings-percenttraffic",
          "PrimitiveType": "Double",
          "Required": false,
          "UpdateType": "Immutable"
        },
        "StageVariableOverrides": {
          "Documentation": "http://docs.aws.amazon.com/AWSCloudFormation/latest/UserGuide/aws-properties-apigateway-deployment-deploymentcanarysettings.html#cfn-apigateway-deployment-deploymentcanarysettings-stagevariableoverrides",
          "DuplicatesAllowed": false,
          "PrimitiveItemType": "String",
          "Required": false,
          "Type": "Map",
          "UpdateType": "Immutable"
        },
        "UseStageCache": {
          "Documentation": "http://docs.aws.amazon.com/AWSCloudFormation/latest/UserGuide/aws-properties-apigateway-deployment-deploymentcanarysettings.html#cfn-apigateway-deployment-deploymentcanarysettings-usestagecache",
          "PrimitiveType": "Boolean",
          "Required": false,
          "UpdateType": "Immutable"
        }
      }
    },
    "AWS::ApiGateway::Deployment.MethodSetting": {
      "Documentation": "http://docs.aws.amazon.com/AWSCloudFormation/latest/UserGuide/aws-properties-apigateway-deployment-stagedescription-methodsetting.html",
      "Properties": {
        "CacheDataEncrypted": {
          "Documentation": "http://docs.aws.amazon.com/AWSCloudFormation/latest/UserGuide/aws-properties-apigateway-deployment-stagedescription-methodsetting.html#cfn-apigateway-deployment-stagedescription-methodsetting-cachedataencrypted",
          "PrimitiveType": "Boolean",
          "Required": false,
          "UpdateType": "Mutable"
        },
        "CacheTtlInSeconds": {
          "Documentation": "http://docs.aws.amazon.com/AWSCloudFormation/latest/UserGuide/aws-properties-apigateway-deployment-stagedescription-methodsetting.html#cfn-apigateway-deployment-stagedescription-methodsetting-cachettlinseconds",
          "PrimitiveType": "Integer",
          "Required": false,
          "UpdateType": "Mutable"
        },
        "CachingEnabled": {
          "Documentation": "http://docs.aws.amazon.com/AWSCloudFormation/latest/UserGuide/aws-properties-apigateway-deployment-stagedescription-methodsetting.html#cfn-apigateway-deployment-stagedescription-methodsetting-cachingenabled",
          "PrimitiveType": "Boolean",
          "Required": false,
          "UpdateType": "Mutable"
        },
        "DataTraceEnabled": {
          "Documentation": "http://docs.aws.amazon.com/AWSCloudFormation/latest/UserGuide/aws-properties-apigateway-deployment-stagedescription-methodsetting.html#cfn-apigateway-deployment-stagedescription-methodsetting-datatraceenabled",
          "PrimitiveType": "Boolean",
          "Required": false,
          "UpdateType": "Mutable"
        },
        "HttpMethod": {
          "Documentation": "http://docs.aws.amazon.com/AWSCloudFormation/latest/UserGuide/aws-properties-apigateway-deployment-stagedescription-methodsetting.html#cfn-apigateway-deployment-stagedescription-methodsetting-httpmethod",
          "PrimitiveType": "String",
          "Required": false,
          "UpdateType": "Mutable"
        },
        "LoggingLevel": {
          "Documentation": "http://docs.aws.amazon.com/AWSCloudFormation/latest/UserGuide/aws-properties-apigateway-deployment-stagedescription-methodsetting.html#cfn-apigateway-deployment-stagedescription-methodsetting-logginglevel",
          "PrimitiveType": "String",
          "Required": false,
          "UpdateType": "Mutable"
        },
        "MetricsEnabled": {
          "Documentation": "http://docs.aws.amazon.com/AWSCloudFormation/latest/UserGuide/aws-properties-apigateway-deployment-stagedescription-methodsetting.html#cfn-apigateway-deployment-stagedescription-methodsetting-metricsenabled",
          "PrimitiveType": "Boolean",
          "Required": false,
          "UpdateType": "Mutable"
        },
        "ResourcePath": {
          "Documentation": "http://docs.aws.amazon.com/AWSCloudFormation/latest/UserGuide/aws-properties-apigateway-deployment-stagedescription-methodsetting.html#cfn-apigateway-deployment-stagedescription-methodsetting-resourcepath",
          "PrimitiveType": "String",
          "Required": false,
          "UpdateType": "Mutable"
        },
        "ThrottlingBurstLimit": {
          "Documentation": "http://docs.aws.amazon.com/AWSCloudFormation/latest/UserGuide/aws-properties-apigateway-deployment-stagedescription-methodsetting.html#cfn-apigateway-deployment-stagedescription-methodsetting-throttlingburstlimit",
          "PrimitiveType": "Integer",
          "Required": false,
          "UpdateType": "Mutable"
        },
        "ThrottlingRateLimit": {
          "Documentation": "http://docs.aws.amazon.com/AWSCloudFormation/latest/UserGuide/aws-properties-apigateway-deployment-stagedescription-methodsetting.html#cfn-apigateway-deployment-stagedescription-methodsetting-throttlingratelimit",
          "PrimitiveType": "Double",
          "Required": false,
          "UpdateType": "Mutable"
        }
      }
    },
    "AWS::ApiGateway::Deployment.StageDescription": {
      "Documentation": "http://docs.aws.amazon.com/AWSCloudFormation/latest/UserGuide/aws-properties-apigateway-deployment-stagedescription.html",
      "Properties": {
        "AccessLogSetting": {
          "Documentation": "http://docs.aws.amazon.com/AWSCloudFormation/latest/UserGuide/aws-properties-apigateway-deployment-stagedescription.html#cfn-apigateway-deployment-stagedescription-accesslogsetting",
          "Required": false,
          "Type": "AccessLogSetting",
          "UpdateType": "Mutable"
        },
        "CacheClusterEnabled": {
          "Documentation": "http://docs.aws.amazon.com/AWSCloudFormation/latest/UserGuide/aws-properties-apigateway-deployment-stagedescription.html#cfn-apigateway-deployment-stagedescription-cacheclusterenabled",
          "PrimitiveType": "Boolean",
          "Required": false,
          "UpdateType": "Mutable"
        },
        "CacheClusterSize": {
          "Documentation": "http://docs.aws.amazon.com/AWSCloudFormation/latest/UserGuide/aws-properties-apigateway-deployment-stagedescription.html#cfn-apigateway-deployment-stagedescription-cacheclustersize",
          "PrimitiveType": "String",
          "Required": false,
          "UpdateType": "Mutable"
        },
        "CacheDataEncrypted": {
          "Documentation": "http://docs.aws.amazon.com/AWSCloudFormation/latest/UserGuide/aws-properties-apigateway-deployment-stagedescription.html#cfn-apigateway-deployment-stagedescription-cachedataencrypted",
          "PrimitiveType": "Boolean",
          "Required": false,
          "UpdateType": "Mutable"
        },
        "CacheTtlInSeconds": {
          "Documentation": "http://docs.aws.amazon.com/AWSCloudFormation/latest/UserGuide/aws-properties-apigateway-deployment-stagedescription.html#cfn-apigateway-deployment-stagedescription-cachettlinseconds",
          "PrimitiveType": "Integer",
          "Required": false,
          "UpdateType": "Mutable"
        },
        "CachingEnabled": {
          "Documentation": "http://docs.aws.amazon.com/AWSCloudFormation/latest/UserGuide/aws-properties-apigateway-deployment-stagedescription.html#cfn-apigateway-deployment-stagedescription-cachingenabled",
          "PrimitiveType": "Boolean",
          "Required": false,
          "UpdateType": "Mutable"
        },
        "CanarySetting": {
          "Documentation": "http://docs.aws.amazon.com/AWSCloudFormation/latest/UserGuide/aws-properties-apigateway-deployment-stagedescription.html#cfn-apigateway-deployment-stagedescription-canarysetting",
          "Required": false,
          "Type": "CanarySetting",
          "UpdateType": "Mutable"
        },
        "ClientCertificateId": {
          "Documentation": "http://docs.aws.amazon.com/AWSCloudFormation/latest/UserGuide/aws-properties-apigateway-deployment-stagedescription.html#cfn-apigateway-deployment-stagedescription-clientcertificateid",
          "PrimitiveType": "String",
          "Required": false,
          "UpdateType": "Mutable"
        },
        "DataTraceEnabled": {
          "Documentation": "http://docs.aws.amazon.com/AWSCloudFormation/latest/UserGuide/aws-properties-apigateway-deployment-stagedescription.html#cfn-apigateway-deployment-stagedescription-datatraceenabled",
          "PrimitiveType": "Boolean",
          "Required": false,
          "UpdateType": "Mutable"
        },
        "Description": {
          "Documentation": "http://docs.aws.amazon.com/AWSCloudFormation/latest/UserGuide/aws-properties-apigateway-deployment-stagedescription.html#cfn-apigateway-deployment-stagedescription-description",
          "PrimitiveType": "String",
          "Required": false,
          "UpdateType": "Mutable"
        },
        "DocumentationVersion": {
          "Documentation": "http://docs.aws.amazon.com/AWSCloudFormation/latest/UserGuide/aws-properties-apigateway-deployment-stagedescription.html#cfn-apigateway-deployment-stagedescription-documentationversion",
          "PrimitiveType": "String",
          "Required": false,
          "UpdateType": "Mutable"
        },
        "LoggingLevel": {
          "Documentation": "http://docs.aws.amazon.com/AWSCloudFormation/latest/UserGuide/aws-properties-apigateway-deployment-stagedescription.html#cfn-apigateway-deployment-stagedescription-logginglevel",
          "PrimitiveType": "String",
          "Required": false,
          "UpdateType": "Mutable"
        },
        "MethodSettings": {
          "Documentation": "http://docs.aws.amazon.com/AWSCloudFormation/latest/UserGuide/aws-properties-apigateway-deployment-stagedescription.html#cfn-apigateway-deployment-stagedescription-methodsettings",
          "DuplicatesAllowed": false,
          "ItemType": "MethodSetting",
          "Required": false,
          "Type": "List",
          "UpdateType": "Mutable"
        },
        "MetricsEnabled": {
          "Documentation": "http://docs.aws.amazon.com/AWSCloudFormation/latest/UserGuide/aws-properties-apigateway-deployment-stagedescription.html#cfn-apigateway-deployment-stagedescription-metricsenabled",
          "PrimitiveType": "Boolean",
          "Required": false,
          "UpdateType": "Mutable"
        },
        "Tags": {
          "Documentation": "http://docs.aws.amazon.com/AWSCloudFormation/latest/UserGuide/aws-properties-apigateway-deployment-stagedescription.html#cfn-apigateway-deployment-tags",
          "DuplicatesAllowed": true,
          "ItemType": "Tag",
          "Required": false,
          "Type": "List",
          "UpdateType": "Mutable"
        },
        "ThrottlingBurstLimit": {
          "Documentation": "http://docs.aws.amazon.com/AWSCloudFormation/latest/UserGuide/aws-properties-apigateway-deployment-stagedescription.html#cfn-apigateway-deployment-stagedescription-throttlingburstlimit",
          "PrimitiveType": "Integer",
          "Required": false,
          "UpdateType": "Mutable"
        },
        "ThrottlingRateLimit": {
          "Documentation": "http://docs.aws.amazon.com/AWSCloudFormation/latest/UserGuide/aws-properties-apigateway-deployment-stagedescription.html#cfn-apigateway-deployment-stagedescription-throttlingratelimit",
          "PrimitiveType": "Double",
          "Required": false,
          "UpdateType": "Mutable"
        },
        "TracingEnabled": {
          "Documentation": "http://docs.aws.amazon.com/AWSCloudFormation/latest/UserGuide/aws-properties-apigateway-deployment-stagedescription.html#cfn-apigateway-deployment-stagedescription-tracingenabled",
          "PrimitiveType": "Boolean",
          "Required": false,
          "UpdateType": "Mutable"
        },
        "Variables": {
          "Documentation": "http://docs.aws.amazon.com/AWSCloudFormation/latest/UserGuide/aws-properties-apigateway-deployment-stagedescription.html#cfn-apigateway-deployment-stagedescription-variables",
          "DuplicatesAllowed": false,
          "PrimitiveItemType": "String",
          "Required": false,
          "Type": "Map",
          "UpdateType": "Mutable"
        }
      }
    },
    "Tag": {
      "Documentation": "http://docs.aws.amazon.com/AWSCloudFormation/latest/UserGuide/aws-properties-resource-tags.html",
      "Properties": {
        "Key": {
          "Documentation": "http://docs.aws.amazon.com/AWSCloudFormation/latest/UserGuide/aws-properties-resource-tags.html#cfn-resource-tags-key",
          "PrimitiveType": "String",
          "Required": true,
          "UpdateType": "Mutable"
        },
        "Value": {
          "Documentation": "http://docs.aws.amazon.com/AWSCloudFormation/latest/UserGuide/aws-properties-resource-tags.html#cfn-resource-tags-value",
          "PrimitiveType": "String",
          "Required": true,
          "UpdateType": "Mutable"
        }
      }
    }
  },
  "ResourceType": {
    "AWS::ApiGateway::Deployment": {
      "Documentation": "http://docs.aws.amazon.com/AWSCloudFormation/latest/UserGuide/aws-resource-apigateway-deployment.html",
      "Properties": {
        "DeploymentCanarySettings": {
          "Documentation": "http://docs.aws.amazon.com/AWSCloudFormation/latest/UserGuide/aws-resource-apigateway-deployment.html#cfn-apigateway-deployment-deploymentcanarysettings",
          "Required": false,
          "Type": "DeploymentCanarySettings",
          "UpdateType": "Immutable"
        },
        "Description": {
          "Documentation": "http://docs.aws.amazon.com/AWSCloudFormation/latest/UserGuide/aws-resource-apigateway-deployment.html#cfn-apigateway-deployment-description",
          "PrimitiveType": "String",
          "Required": false,
          "UpdateType": "Mutable"
        },
        "RestApiId": {
          "Documentation": "http://docs.aws.amazon.com/AWSCloudFormation/latest/UserGuide/aws-resource-apigateway-deployment.html#cfn-apigateway-deployment-restapiid",
          "PrimitiveType": "String",
          "Required": true,
          "UpdateType": "Immutable"
        },
        "StageDescription": {
          "Documentation": "http://docs.aws.amazon.com/AWSCloudFormation/latest/UserGuide/aws-resource-apigateway-deployment.html#cfn-apigateway-deployment-stagedescription",
          "Required": false,
          "Type": "StageDescription",
          "UpdateType": "Mutable"
        },
        "StageName": {
          "Documentation": "http://docs.aws.amazon.com/AWSCloudFormation/latest/UserGuide/aws-resource-apigateway-deployment.html#cfn-apigateway-deployment-stagename",
          "PrimitiveType": "String",
          "Required": false,
          "UpdateType": "Mutable"
        }
      }
    }
  },
  "ResourceSpecificationVersion": "3.0.0"
}