{
  "ResourceType": {
    "AWS::ApiGateway::GatewayResponse": {
      "Documentation": "http://docs.aws.amazon.com/AWSCloudFormation/latest/UserGuide/aws-resource-apigateway-gatewayresponse.html",
      "Properties": {
        "ResponseParameters": {
          "Documentation": "http://docs.aws.amazon.com/AWSCloudFormation/latest/UserGuide/aws-resource-apigateway-gatewayresponse.html#cfn-apigateway-gatewayresponse-responseparameters",
          "DuplicatesAllowed": false,
          "PrimitiveItemType": "String",
          "Required": false,
          "Type": "Map",
          "UpdateType": "Mutable"
        },
        "ResponseTemplates": {
          "Documentation": "http://docs.aws.amazon.com/AWSCloudFormation/latest/UserGuide/aws-resource-apigateway-gatewayresponse.html#cfn-apigateway-gatewayresponse-responsetemplates",
          "DuplicatesAllowed": false,
          "PrimitiveItemType": "String",
          "Required": false,
          "Type": "Map",
          "UpdateType": "Mutable"
        },
        "ResponseType": {
          "Documentation": "http://docs.aws.amazon.com/AWSCloudFormation/latest/UserGuide/aws-resource-apigateway-gatewayresponse.html#cfn-apigateway-gatewayresponse-responsetype",
          "PrimitiveType": "String",
          "Required": true,
          "UpdateType": "Immutable"
        },
        "RestApiId": {
          "Documentation": "http://docs.aws.amazon.com/AWSCloudFormation/latest/UserGuide/aws-resource-apigateway-gatewayresponse.html#cfn-apigateway-gatewayresponse-restapiid",
          "PrimitiveType": "String",
          "Required": true,
          "UpdateType": "Immutable"
        },
        "StatusCode": {
          "Documentation": "http://docs.aws.amazon.com/AWSCloudFormation/latest/UserGuide/aws-resource-apigateway-gatewayresponse.html#cfn-apigateway-gatewayresponse-statuscode",
          "PrimitiveType": "String",
          "Required": false,
          "UpdateType": "Mutable"
        }
      }
    }
  },
  "ResourceSpecificationVersion": "3.0.0"
}