{
  "ResourceType": {
    "AWS::ApiGatewayV2::IntegrationResponse": {
      "Documentation": "http://docs.aws.amazon.com/AWSCloudFormation/latest/UserGuide/aws-resource-apigatewayv2-integrationresponse.html",
      "Properties": {
        "ResponseTemplates": {
          "Required": false,
          "Documentation": "http://docs.aws.amazon.com/AWSCloudFormation/latest/UserGuide/aws-resource-apigatewayv2-integrationresponse.html#cfn-apigatewayv2-integrationresponse-responsetemplates",
          "PrimitiveType": "Json",
          "UpdateType": "Mutable"
        },
        "TemplateSelectionExpression": {
          "Required": false,
          "Documentation": "http://docs.aws.amazon.com/AWSCloudFormation/latest/UserGuide/aws-resource-apigatewayv2-integrationresponse.html#cfn-apigatewayv2-integrationresponse-templateselectionexpression",
          "PrimitiveType": "String",
          "UpdateType": "Mutable"
        },
        "ResponseParameters": {
          "Required": false,
          "Documentation": "http://docs.aws.amazon.com/AWSCloudFormation/latest/UserGuide/aws-resource-apigatewayv2-integrationresponse.html#cfn-apigatewayv2-integrationresponse-responseparameters",
          "PrimitiveType": "Json",
          "UpdateType": "Mutable"
        },
        "ContentHandlingStrategy": {
          "Required": false,
          "Documentation": "http://docs.aws.amazon.com/AWSCloudFormation/latest/UserGuide/aws-resource-apigatewayv2-integrationresponse.html#cfn-apigatewayv2-integrationresponse-contenthandlingstrategy",
          "PrimitiveType": "String",
          "UpdateType": "Mutable"
        },
        "IntegrationId": {
          "Required": true,
          "Documentation": "http://docs.aws.amazon.com/AWSCloudFormation/latest/UserGuide/aws-resource-apigatewayv2-integrationresponse.html#cfn-apigatewayv2-integrationresponse-integrationid",
          "PrimitiveType": "String",
          "UpdateType": "Mutable"
        },
        "IntegrationResponseKey": {
          "Required": true,
          "Documentation": "http://docs.aws.amazon.com/AWSCloudFormation/latest/UserGuide/aws-resource-apigatewayv2-integrationresponse.html#cfn-apigatewayv2-integrationresponse-integrationresponsekey",
          "PrimitiveType": "String",
          "UpdateType": "Mutable"
        },
        "ApiId": {
          "Required": true,
          "Documentation": "http://docs.aws.amazon.com/AWSCloudFormation/latest/UserGuide/aws-resource-apigatewayv2-integrationresponse.html#cfn-apigatewayv2-integrationresponse-apiid",
          "PrimitiveType": "String",
          "UpdateType": "Mutable"
        }
      }
    }
  },
  "ResourceSpecificationVersion": "3.0.0"
}