{
  "ResourceType": {
    "AWS::ApiGatewayV2::Deployment": {
      "Documentation": "http://docs.aws.amazon.com/AWSCloudFormation/latest/UserGuide/aws-resource-apigatewayv2-deployment.html",
      "Properties": {
        "Description": {
          "Required": false,
          "Documentation": "http://docs.aws.amazon.com/AWSCloudFormation/latest/UserGuide/aws-resource-apigatewayv2-deployment.html#cfn-apigatewayv2-deployment-description",
          "PrimitiveType": "String",
          "UpdateType": "Mutable"
        },
        "StageName": {
          "Required": false,
          "Documentation": "http://docs.aws.amazon.com/AWSCloudFormation/latest/UserGuide/aws-resource-apigatewayv2-deployment.html#cfn-apigatewayv2-deployment-stagename",
          "PrimitiveType": "String",
          "UpdateType": "Mutable"
        },
        "ApiId": {
          "Required": true,
          "Documentation": "http://docs.aws.amazon.com/AWSCloudFormation/latest/UserGuide/aws-resource-apigatewayv2-deployment.html#cfn-apigatewayv2-deployment-apiid",
          "PrimitiveType": "String",
          "UpdateType": "Immutable"
        }
      }
    }
  },
  "ResourceSpecificationVersion": "3.0.0"
}