{
  "ResourceType": {
    "AWS::ApiGateway::Model": {
      "Documentation": "http://docs.aws.amazon.com/AWSCloudFormation/latest/UserGuide/aws-resource-apigateway-model.html",
      "Properties": {
        "ContentType": {
          "Documentation": "http://docs.aws.amazon.com/AWSCloudFormation/latest/UserGuide/aws-resource-apigateway-model.html#cfn-apigateway-model-contenttype",
          "PrimitiveType": "String",
          "Required": false,
          "UpdateType": "Immutable"
        },
        "Description": {
          "Documentation": "http://docs.aws.amazon.com/AWSCloudFormation/latest/UserGuide/aws-resource-apigateway-model.html#cfn-apigateway-model-description",
          "PrimitiveType": "String",
          "Required": false,
          "UpdateType": "Mutable"
        },
        "Name": {
          "Documentation": "http://docs.aws.amazon.com/AWSCloudFormation/latest/UserGuide/aws-resource-apigateway-model.html#cfn-apigateway-model-name",
          "PrimitiveType": "String",
          "Required": false,
          "UpdateType": "Immutable"
        },
        "RestApiId": {
          "Documentation": "http://docs.aws.amazon.com/AWSCloudFormation/latest/UserGuide/aws-resource-apigateway-model.html#cfn-apigateway-model-restapiid",
          "PrimitiveType": "String",
          "Required": true,
          "UpdateType": "Immutable"
        },
        "Schema": {
          "Documentation": "http://docs.aws.amazon.com/AWSCloudFormation/latest/UserGuide/aws-resource-apigateway-model.html#cfn-apigateway-model-schema",
          "PrimitiveType": "Json",
          "Required": false,
          "UpdateType": "Mutable"
        }
      }
    }
  },
  "ResourceSpecificationVersion": "3.0.0"
}