{
  "PropertyTypes": {
    "AWS::ApiGatewayV2::Stage.AccessLogSettings": {
      "Documentation": "http://docs.aws.amazon.com/AWSCloudFormation/latest/UserGuide/aws-properties-apigatewayv2-stage-accesslogsettings.html",
      "Properties": {
        "Format": {
          "Required": false,
          "Documentation": "http://docs.aws.amazon.com/AWSCloudFormation/latest/UserGuide/aws-properties-apigatewayv2-stage-accesslogsettings.html#cfn-apigatewayv2-stage-accesslogsettings-format",
          "PrimitiveType": "String",
          "UpdateType": "Mutable"
        },
        "DestinationArn": {
          "Required": false,
          "Documentation": "http://docs.aws.amazon.com/AWSCloudFormation/latest/UserGuide/aws-properties-apigatewayv2-stage-accesslogsettings.html#cfn-apigatewayv2-stage-accesslogsettings-destinationarn",
          "PrimitiveType": "String",
          "UpdateType": "Mutable"
        }
      }
    },
    "AWS::ApiGatewayV2::Stage.RouteSettings": {
      "Documentation": "http://docs.aws.amazon.com/AWSCloudFormation/latest/UserGuide/aws-properties-apigatewayv2-stage-routesettings.html",
      "Properties": {
        "LoggingLevel": {
          "Required": false,
          "Documentation": "http://docs.aws.amazon.com/AWSCloudFormation/latest/UserGuide/aws-properties-apigatewayv2-stage-routesettings.html#cfn-apigatewayv2-stage-routesettings-logginglevel",
          "PrimitiveType": "String",
          "UpdateType": "Mutable"
        },
        "DataTraceEnabled": {
          "Required": false,
          "Documentation": "http://docs.aws.amazon.com/AWSCloudFormation/latest/UserGuide/aws-properties-apigatewayv2-stage-routesettings.html#cfn-apigatewayv2-stage-routesettings-datatraceenabled",
          "PrimitiveType": "Boolean",
          "UpdateType": "Mutable"
        },
        "ThrottlingBurstLimit": {
          "Required": false,
          "Documentation": "http://docs.aws.amazon.com/AWSCloudFormation/latest/UserGuide/aws-properties-apigatewayv2-stage-routesettings.html#cfn-apigatewayv2-stage-routesettings-throttlingburstlimit",
          "PrimitiveType": "Integer",
          "UpdateType": "Mutable"
        },
        "DetailedMetricsEnabled": {
          "Required": false,
          "Documentation": "http://docs.aws.amazon.com/AWSCloudFormation/latest/UserGuide/aws-properties-apigatewayv2-stage-routesettings.html#cfn-apigatewayv2-stage-routesettings-detailedmetricsenabled",
          "PrimitiveType": "Boolean",
          "UpdateType": "Mutable"
        },
        "ThrottlingRateLimit": {
          "Required": false,
          "Documentation": "http://docs.aws.amazon.com/AWSCloudFormation/latest/UserGuide/aws-properties-apigatewayv2-stage-routesettings.html#cfn-apigatewayv2-stage-routesettings-throttlingratelimit",
          "PrimitiveType": "Double",
          "UpdateType": "Mutable"
        }
      }
    }
  },
  "ResourceType": {
    "AWS::ApiGatewayV2::Stage": {
      "Documentation": "http://docs.aws.amazon.com/AWSCloudFormation/latest/UserGuide/aws-resource-apigatewayv2-stage.html",
      "Properties": {
        "ClientCertificateId": {
          "Required": false,
          "Documentation": "http://docs.aws.amazon.com/AWSCloudFormation/latest/UserGuide/aws-resource-apigatewayv2-stage.html#cfn-apigatewayv2-stage-clientcertificateid",
          "PrimitiveType": "String",
          "UpdateType": "Mutable"
        },
        "DeploymentId": {
          "Required": true,
          "Documentation": "http://docs.aws.amazon.com/AWSCloudFormation/latest/UserGuide/aws-resource-apigatewayv2-stage.html#cfn-apigatewayv2-stage-deploymentid",
          "PrimitiveType": "String",
          "UpdateType": "Mutable"
        },
        "Description": {
          "Required": false,
          "Documentation": "http://docs.aws.amazon.com/AWSCloudFormation/latest/UserGuide/aws-resource-apigatewayv2-stage.html#cfn-apigatewayv2-stage-description",
          "PrimitiveType": "String",
          "UpdateType": "Mutable"
        },
        "AccessLogSettings": {
          "Type": "AccessLogSettings",
          "Required": false,
          "Documentation": "http://docs.aws.amazon.com/AWSCloudFormation/latest/UserGuide/aws-resource-apigatewayv2-stage.html#cfn-apigatewayv2-stage-accesslogsettings",
          "UpdateType": "Mutable"
        },
        "RouteSettings": {
          "Required": false,
          "Documentation": "http://docs.aws.amazon.com/AWSCloudFormation/latest/UserGuide/aws-resource-apigatewayv2-stage.html#cfn-apigatewayv2-stage-routesettings",
          "PrimitiveType": "Json",
          "UpdateType": "Mutable"
        },
        "StageName": {
          "Required": true,
          "Documentation": "http://docs.aws.amazon.com/AWSCloudFormation/latest/UserGuide/aws-resource-apigatewayv2-stage.html#cfn-apigatewayv2-stage-stagename",
          "PrimitiveType": "String",
          "UpdateType": "Immutable"
        },
        "StageVariables": {
          "Required": false,
          "Documentation": "http://docs.aws.amazon.com/AWSCloudFormation/latest/UserGuide/aws-resource-apigatewayv2-stage.html#cfn-apigatewayv2-stage-stagevariables",
          "PrimitiveType": "Json",
          "UpdateType": "Mutable"
        },
        "ApiId": {
          "Required": true,
          "Documentation": "http://docs.aws.amazon.com/AWSCloudFormation/latest/UserGuide/aws-resource-apigatewayv2-stage.html#cfn-apigatewayv2-stage-apiid",
          "PrimitiveType": "String",
          "UpdateType": "Immutable"
        },
        "DefaultRouteSettings": {
          "Type": "RouteSettings",
          "Required": false,
          "Documentation": "http://docs.aws.amazon.com/AWSCloudFormation/latest/UserGuide/aws-resource-apigatewayv2-stage.html#cfn-apigatewayv2-stage-defaultroutesettings",
          "UpdateType": "Mutable"
        }
      }
    }
  },
  "ResourceSpecificationVersion": "3.0.0"
}