{
  "ResourceType": {
    "AWS::ApiGatewayV2::Authorizer": {
      "Documentation": "http://docs.aws.amazon.com/AWSCloudFormation/latest/UserGuide/aws-resource-apigatewayv2-authorizer.html",
      "Properties": {
        "IdentityValidationExpression": {
          "Required": false,
          "Documentation": "http://docs.aws.amazon.com/AWSCloudFormation/latest/UserGuide/aws-resource-apigatewayv2-authorizer.html#cfn-apigatewayv2-authorizer-identityvalidationexpression",
          "PrimitiveType": "String",
          "UpdateType": "Mutable"
        },
        "AuthorizerUri": {
          "Required": true,
          "Documentation": "http://docs.aws.amazon.com/AWSCloudFormation/latest/UserGuide/aws-resource-apigatewayv2-authorizer.html#cfn-apigatewayv2-authorizer-authorizeruri",
          "PrimitiveType": "String",
          "UpdateType": "Mutable"
        },
        "AuthorizerCredentialsArn": {
          "Required": false,
          "Documentation": "http://docs.aws.amazon.com/AWSCloudFormation/latest/UserGuide/aws-resource-apigatewayv2-authorizer.html#cfn-apigatewayv2-authorizer-authorizercredentialsarn",
          "PrimitiveType": "String",
          "UpdateType": "Mutable"
        },
        "AuthorizerType": {
          "Required": true,
          "Documentation": "http://docs.aws.amazon.com/AWSCloudFormation/latest/UserGuide/aws-resource-apigatewayv2-authorizer.html#cfn-apigatewayv2-authorizer-authorizertype",
          "PrimitiveType": "String",
          "UpdateType": "Mutable"
        },
        "AuthorizerResultTtlInSeconds": {
          "Required": false,
          "Documentation": "http://docs.aws.amazon.com/AWSCloudFormation/latest/UserGuide/aws-resource-apigatewayv2-authorizer.html#cfn-apigatewayv2-authorizer-authorizerresultttlinseconds",
          "PrimitiveType": "Integer",
          "UpdateType": "Mutable"
        },
        "IdentitySource": {
          "PrimitiveItemType": "String",
          "Type": "List",
          "Required": true,
          "Documentation": "http://docs.aws.amazon.com/AWSCloudFormation/latest/UserGuide/aws-resource-apigatewayv2-authorizer.html#cfn-apigatewayv2-authorizer-identitysource",
          "UpdateType": "Mutable"
        },
        "ApiId": {
          "Required": true,
          "Documentation": "http://docs.aws.amazon.com/AWSCloudFormation/latest/UserGuide/aws-resource-apigatewayv2-authorizer.html#cfn-apigatewayv2-authorizer-apiid",
          "PrimitiveType": "String",
          "UpdateType": "Immutable"
        },
        "Name": {
          "Required": true,
          "Documentation": "http://docs.aws.amazon.com/AWSCloudFormation/latest/UserGuide/aws-resource-apigatewayv2-authorizer.html#cfn-apigatewayv2-authorizer-name",
          "PrimitiveType": "String",
          "UpdateType": "Mutable"
        }
      }
    }
  },
  "ResourceSpecificationVersion": "3.0.0"
}