{
  "PropertyTypes": {
    "AWS::ApiGateway::ApiKey.StageKey": {
      "Documentation": "http://docs.aws.amazon.com/AWSCloudFormation/latest/UserGuide/aws-properties-apigateway-apikey-stagekey.html",
      "Properties": {
        "RestApiId": {
          "Documentation": "http://docs.aws.amazon.com/AWSCloudFormation/latest/UserGuide/aws-properties-apigateway-apikey-stagekey.html#cfn-apigateway-apikey-stagekey-restapiid",
          "PrimitiveType": "String",
          "Required": false,
          "UpdateType": "Mutable"
        },
        "StageName": {
          "Documentation": "http://docs.aws.amazon.com/AWSCloudFormation/latest/UserGuide/aws-properties-apigateway-apikey-stagekey.html#cfn-apigateway-apikey-stagekey-stagename",
          "PrimitiveType": "String",
          "Required": false,
          "UpdateType": "Mutable"
        }
      }
    }
  },
  "ResourceType": {
    "AWS::ApiGateway::ApiKey": {
      "Documentation": "http://docs.aws.amazon.com/AWSCloudFormation/latest/UserGuide/aws-resource-apigateway-apikey.html",
      "Properties": {
        "CustomerId": {
          "Documentation": "http://docs.aws.amazon.com/AWSCloudFormation/latest/UserGuide/aws-resource-apigateway-apikey.html#cfn-apigateway-apikey-customerid",
          "PrimitiveType": "String",
          "Required": false,
          "UpdateType": "Mutable"
        },
        "Description": {
          "Documentation": "http://docs.aws.amazon.com/AWSCloudFormation/latest/UserGuide/aws-resource-apigateway-apikey.html#cfn-apigateway-apikey-description",
          "PrimitiveType": "String",
          "Required": false,
          "UpdateType": "Mutable"
        },
        "Enabled": {
          "Documentation": "http://docs.aws.amazon.com/AWSCloudFormation/latest/UserGuide/aws-resource-apigateway-apikey.html#cfn-apigateway-apikey-enabled",
          "PrimitiveType": "Boolean",
          "Required": false,
          "UpdateType": "Mutable"
        },
        "GenerateDistinctId": {
          "Documentation": "http://docs.aws.amazon.com/AWSCloudFormation/latest/UserGuide/aws-resource-apigateway-apikey.html#cfn-apigateway-apikey-generatedistinctid",
          "PrimitiveType": "Boolean",
          "Required": false,
          "UpdateType": "Immutable"
        },
        "Name": {
          "Documentation": "http://docs.aws.amazon.com/AWSCloudFormation/latest/UserGuide/aws-resource-apigateway-apikey.html#cfn-apigateway-apikey-name",
          "PrimitiveType": "String",
          "Required": false,
          "UpdateType": "Immutable"
        },
        "StageKeys": {
          "Documentation": "http://docs.aws.amazon.com/AWSCloudFormation/latest/UserGuide/aws-resource-apigateway-apikey.html#cfn-apigateway-apikey-stagekeys",
          "DuplicatesAllowed": false,
          "ItemType": "StageKey",
          "Required": false,
          "Type": "List",
          "UpdateType": "Mutable"
        },
        "Value": {
          "Documentation": "http://docs.aws.amazon.com/AWSCloudFormation/latest/UserGuide/aws-resource-apigateway-apikey.html#cfn-apigateway-apikey-value",
          "PrimitiveType": "String",
          "Required": false,
          "UpdateType": "Immutable"
        }
      }
    }
  },
  "ResourceSpecificationVersion": "3.0.0"
}