{
  "PropertyTypes": {
    "AWS::ApplicationAutoScaling::ScalingPolicy.CustomizedMetricSpecification": {
      "Documentation": "http://docs.aws.amazon.com/AWSCloudFormation/latest/UserGuide/aws-properties-applicationautoscaling-scalingpolicy-customizedmetricspecification.html",
      "Properties": {
        "Dimensions": {
          "Documentation": "http://docs.aws.amazon.com/AWSCloudFormation/latest/UserGuide/aws-properties-applicationautoscaling-scalingpolicy-customizedmetricspecification.html#cfn-applicationautoscaling-scalingpolicy-customizedmetricspecification-dimensions",
          "DuplicatesAllowed": false,
          "ItemType": "MetricDimension",
          "Required": false,
          "Type": "List",
          "UpdateType": "Mutable"
        },
        "MetricName": {
          "Documentation": "http://docs.aws.amazon.com/AWSCloudFormation/latest/UserGuide/aws-properties-applicationautoscaling-scalingpolicy-customizedmetricspecification.html#cfn-applicationautoscaling-scalingpolicy-customizedmetricspecification-metricname",
          "PrimitiveType": "String",
          "Required": true,
          "UpdateType": "Mutable"
        },
        "Namespace": {
          "Documentation": "http://docs.aws.amazon.com/AWSCloudFormation/latest/UserGuide/aws-properties-applicationautoscaling-scalingpolicy-customizedmetricspecification.html#cfn-applicationautoscaling-scalingpolicy-customizedmetricspecification-namespace",
          "PrimitiveType": "String",
          "Required": true,
          "UpdateType": "Mutable"
        },
        "Statistic": {
          "Documentation": "http://docs.aws.amazon.com/AWSCloudFormation/latest/UserGuide/aws-properties-applicationautoscaling-scalingpolicy-customizedmetricspecification.html#cfn-applicationautoscaling-scalingpolicy-customizedmetricspecification-statistic",
          "PrimitiveType": "String",
          "Required": true,
          "UpdateType": "Mutable"
        },
        "Unit": {
          "Documentation": "http://docs.aws.amazon.com/AWSCloudFormation/latest/UserGuide/aws-properties-applicationautoscaling-scalingpolicy-customizedmetricspecification.html#cfn-applicationautoscaling-scalingpolicy-customizedmetricspecification-unit",
          "PrimitiveType": "String",
          "Required": false,
          "UpdateType": "Mutable"
        }
      }
    },
    "AWS::ApplicationAutoScaling::ScalingPolicy.MetricDimension": {
      "Documentation": "http://docs.aws.amazon.com/AWSCloudFormation/latest/UserGuide/aws-properties-applicationautoscaling-scalingpolicy-metricdimension.html",
      "Properties": {
        "Name": {
          "Documentation": "http://docs.aws.amazon.com/AWSCloudFormation/latest/UserGuide/aws-properties-applicationautoscaling-scalingpolicy-metricdimension.html#cfn-applicationautoscaling-scalingpolicy-metricdimension-name",
          "PrimitiveType": "String",
          "Required": true,
          "UpdateType": "Mutable"
        },
        "Value": {
          "Documentation": "http://docs.aws.amazon.com/AWSCloudFormation/latest/UserGuide/aws-properties-applicationautoscaling-scalingpolicy-metricdimension.html#cfn-applicationautoscaling-scalingpolicy-metricdimension-value",
          "PrimitiveType": "String",
          "Required": true,
          "UpdateType": "Mutable"
        }
      }
    },
    "AWS::ApplicationAutoScaling::ScalingPolicy.PredefinedMetricSpecification": {
      "Documentation": "http://docs.aws.amazon.com/AWSCloudFormation/latest/UserGuide/aws-properties-applicationautoscaling-scalingpolicy-predefinedmetricspecification.html",
      "Properties": {
        "PredefinedMetricType": {
          "Documentation": "http://docs.aws.amazon.com/AWSCloudFormation/latest/UserGuide/aws-properties-applicationautoscaling-scalingpolicy-predefinedmetricspecification.html#cfn-applicationautoscaling-scalingpolicy-predefinedmetricspecification-predefinedmetrictype",
          "PrimitiveType": "String",
          "Required": true,
          "UpdateType": "Mutable"
        },
        "ResourceLabel": {
          "Documentation": "http://docs.aws.amazon.com/AWSCloudFormation/latest/UserGuide/aws-properties-applicationautoscaling-scalingpolicy-predefinedmetricspecification.html#cfn-applicationautoscaling-scalingpolicy-predefinedmetricspecification-resourcelabel",
          "PrimitiveType": "String",
          "Required": false,
          "UpdateType": "Mutable"
        }
      }
    },
    "AWS::ApplicationAutoScaling::ScalingPolicy.StepAdjustment": {
      "Documentation": "http://docs.aws.amazon.com/AWSCloudFormation/latest/UserGuide/aws-properties-applicationautoscaling-scalingpolicy-stepscalingpolicyconfiguration-stepadjustment.html",
      "Properties": {
        "MetricIntervalLowerBound": {
          "Documentation": "http://docs.aws.amazon.com/AWSCloudFormation/latest/UserGuide/aws-properties-applicationautoscaling-scalingpolicy-stepscalingpolicyconfiguration-stepadjustment.html#cfn-applicationautoscaling-scalingpolicy-stepscalingpolicyconfiguration-stepadjustment-metricintervallowerbound",
          "PrimitiveType": "Double",
          "Required": false,
          "UpdateType": "Mutable"
        },
        "MetricIntervalUpperBound": {
          "Documentation": "http://docs.aws.amazon.com/AWSCloudFormation/latest/UserGuide/aws-properties-applicationautoscaling-scalingpolicy-stepscalingpolicyconfiguration-stepadjustment.html#cfn-applicationautoscaling-scalingpolicy-stepscalingpolicyconfiguration-stepadjustment-metricintervalupperbound",
          "PrimitiveType": "Double",
          "Required": false,
          "UpdateType": "Mutable"
        },
        "ScalingAdjustment": {
          "Documentation": "http://docs.aws.amazon.com/AWSCloudFormation/latest/UserGuide/aws-properties-applicationautoscaling-scalingpolicy-stepscalingpolicyconfiguration-stepadjustment.html#cfn-applicationautoscaling-scalingpolicy-stepscalingpolicyconfiguration-stepadjustment-scalingadjustment",
          "PrimitiveType": "Integer",
          "Required": true,
          "UpdateType": "Mutable"
        }
      }
    },
    "AWS::ApplicationAutoScaling::ScalingPolicy.StepScalingPolicyConfiguration": {
      "Documentation": "http://docs.aws.amazon.com/AWSCloudFormation/latest/UserGuide/aws-properties-applicationautoscaling-scalingpolicy-stepscalingpolicyconfiguration.html",
      "Properties": {
        "AdjustmentType": {
          "Documentation": "http://docs.aws.amazon.com/AWSCloudFormation/latest/UserGuide/aws-properties-applicationautoscaling-scalingpolicy-stepscalingpolicyconfiguration.html#cfn-applicationautoscaling-scalingpolicy-stepscalingpolicyconfiguration-adjustmenttype",
          "PrimitiveType": "String",
          "Required": false,
          "UpdateType": "Mutable"
        },
        "Cooldown": {
          "Documentation": "http://docs.aws.amazon.com/AWSCloudFormation/latest/UserGuide/aws-properties-applicationautoscaling-scalingpolicy-stepscalingpolicyconfiguration.html#cfn-applicationautoscaling-scalingpolicy-stepscalingpolicyconfiguration-cooldown",
          "PrimitiveType": "Integer",
          "Required": false,
          "UpdateType": "Mutable"
        },
        "MetricAggregationType": {
          "Documentation": "http://docs.aws.amazon.com/AWSCloudFormation/latest/UserGuide/aws-properties-applicationautoscaling-scalingpolicy-stepscalingpolicyconfiguration.html#cfn-applicationautoscaling-scalingpolicy-stepscalingpolicyconfiguration-metricaggregationtype",
          "PrimitiveType": "String",
          "Required": false,
          "UpdateType": "Mutable"
        },
        "MinAdjustmentMagnitude": {
          "Documentation": "http://docs.aws.amazon.com/AWSCloudFormation/latest/UserGuide/aws-properties-applicationautoscaling-scalingpolicy-stepscalingpolicyconfiguration.html#cfn-applicationautoscaling-scalingpolicy-stepscalingpolicyconfiguration-minadjustmentmagnitude",
          "PrimitiveType": "Integer",
          "Required": false,
          "UpdateType": "Mutable"
        },
        "StepAdjustments": {
          "Documentation": "http://docs.aws.amazon.com/AWSCloudFormation/latest/UserGuide/aws-properties-applicationautoscaling-scalingpolicy-stepscalingpolicyconfiguration.html#cfn-applicationautoscaling-scalingpolicy-stepscalingpolicyconfiguration-stepadjustments",
          "DuplicatesAllowed": false,
          "ItemType": "StepAdjustment",
          "Required": false,
          "Type": "List",
          "UpdateType": "Mutable"
        }
      }
    },
    "AWS::ApplicationAutoScaling::ScalingPolicy.TargetTrackingScalingPolicyConfiguration": {
      "Documentation": "http://docs.aws.amazon.com/AWSCloudFormation/latest/UserGuide/aws-properties-applicationautoscaling-scalingpolicy-targettrackingscalingpolicyconfiguration.html",
      "Properties": {
        "CustomizedMetricSpecification": {
          "Documentation": "http://docs.aws.amazon.com/AWSCloudFormation/latest/UserGuide/aws-properties-applicationautoscaling-scalingpolicy-targettrackingscalingpolicyconfiguration.html#cfn-applicationautoscaling-scalingpolicy-targettrackingscalingpolicyconfiguration-customizedmetricspecification",
          "Required": false,
          "Type": "CustomizedMetricSpecification",
          "UpdateType": "Mutable"
        },
        "DisableScaleIn": {
          "Documentation": "http://docs.aws.amazon.com/AWSCloudFormation/latest/UserGuide/aws-properties-applicationautoscaling-scalingpolicy-targettrackingscalingpolicyconfiguration.html#cfn-applicationautoscaling-scalingpolicy-targettrackingscalingpolicyconfiguration-disablescalein",
          "PrimitiveType": "Boolean",
          "Required": false,
          "UpdateType": "Mutable"
        },
        "PredefinedMetricSpecification": {
          "Documentation": "http://docs.aws.amazon.com/AWSCloudFormation/latest/UserGuide/aws-properties-applicationautoscaling-scalingpolicy-targettrackingscalingpolicyconfiguration.html#cfn-applicationautoscaling-scalingpolicy-targettrackingscalingpolicyconfiguration-predefinedmetricspecification",
          "Required": false,
          "Type": "PredefinedMetricSpecification",
          "UpdateType": "Mutable"
        },
        "ScaleInCooldown": {
          "Documentation": "http://docs.aws.amazon.com/AWSCloudFormation/latest/UserGuide/aws-properties-applicationautoscaling-scalingpolicy-targettrackingscalingpolicyconfiguration.html#cfn-applicationautoscaling-scalingpolicy-targettrackingscalingpolicyconfiguration-scaleincooldown",
          "PrimitiveType": "Integer",
          "Required": false,
          "UpdateType": "Mutable"
        },
        "ScaleOutCooldown": {
          "Documentation": "http://docs.aws.amazon.com/AWSCloudFormation/latest/UserGuide/aws-properties-applicationautoscaling-scalingpolicy-targettrackingscalingpolicyconfiguration.html#cfn-applicationautoscaling-scalingpolicy-targettrackingscalingpolicyconfiguration-scaleoutcooldown",
          "PrimitiveType": "Integer",
          "Required": false,
          "UpdateType": "Mutable"
        },
        "TargetValue": {
          "Documentation": "http://docs.aws.amazon.com/AWSCloudFormation/latest/UserGuide/aws-properties-applicationautoscaling-scalingpolicy-targettrackingscalingpolicyconfiguration.html#cfn-applicationautoscaling-scalingpolicy-targettrackingscalingpolicyconfiguration-targetvalue",
          "PrimitiveType": "Double",
          "Required": true,
          "UpdateType": "Mutable"
        }
      }
    }
  },
  "ResourceType": {
    "AWS::ApplicationAutoScaling::ScalingPolicy": {
      "Documentation": "http://docs.aws.amazon.com/AWSCloudFormation/latest/UserGuide/aws-resource-applicationautoscaling-scalingpolicy.html",
      "Properties": {
        "PolicyName": {
          "Documentation": "http://docs.aws.amazon.com/AWSCloudFormation/latest/UserGuide/aws-resource-applicationautoscaling-scalingpolicy.html#cfn-applicationautoscaling-scalingpolicy-policyname",
          "PrimitiveType": "String",
          "Required": true,
          "UpdateType": "Immutable"
        },
        "PolicyType": {
          "Documentation": "http://docs.aws.amazon.com/AWSCloudFormation/latest/UserGuide/aws-resource-applicationautoscaling-scalingpolicy.html#cfn-applicationautoscaling-scalingpolicy-policytype",
          "PrimitiveType": "String",
          "Required": true,
          "UpdateType": "Mutable"
        },
        "ResourceId": {
          "Documentation": "http://docs.aws.amazon.com/AWSCloudFormation/latest/UserGuide/aws-resource-applicationautoscaling-scalingpolicy.html#cfn-applicationautoscaling-scalingpolicy-resourceid",
          "PrimitiveType": "String",
          "Required": false,
          "UpdateType": "Immutable"
        },
        "ScalableDimension": {
          "Documentation": "http://docs.aws.amazon.com/AWSCloudFormation/latest/UserGuide/aws-resource-applicationautoscaling-scalingpolicy.html#cfn-applicationautoscaling-scalingpolicy-scalabledimension",
          "PrimitiveType": "String",
          "Required": false,
          "UpdateType": "Immutable"
        },
        "ScalingTargetId": {
          "Documentation": "http://docs.aws.amazon.com/AWSCloudFormation/latest/UserGuide/aws-resource-applicationautoscaling-scalingpolicy.html#cfn-applicationautoscaling-scalingpolicy-scalingtargetid",
          "PrimitiveType": "String",
          "Required": false,
          "UpdateType": "Immutable"
        },
        "ServiceNamespace": {
          "Documentation": "http://docs.aws.amazon.com/AWSCloudFormation/latest/UserGuide/aws-resource-applicationautoscaling-scalingpolicy.html#cfn-applicationautoscaling-scalingpolicy-servicenamespace",
          "PrimitiveType": "String",
          "Required": false,
          "UpdateType": "Immutable"
        },
        "StepScalingPolicyConfiguration": {
          "Documentation": "http://docs.aws.amazon.com/AWSCloudFormation/latest/UserGuide/aws-resource-applicationautoscaling-scalingpolicy.html#cfn-applicationautoscaling-scalingpolicy-stepscalingpolicyconfiguration",
          "Required": false,
          "Type": "StepScalingPolicyConfiguration",
          "UpdateType": "Mutable"
        },
        "TargetTrackingScalingPolicyConfiguration": {
          "Documentation": "http://docs.aws.amazon.com/AWSCloudFormation/latest/UserGuide/aws-resource-applicationautoscaling-scalingpolicy.html#cfn-applicationautoscaling-scalingpolicy-targettrackingscalingpolicyconfiguration",
          "Required": false,
          "Type": "TargetTrackingScalingPolicyConfiguration",
          "UpdateType": "Mutable"
        }
      }
    }
  },
  "ResourceSpecificationVersion": "3.0.0"
}