{
  "PropertyTypes": {
    "AWS::AppMesh::Route.TcpRoute": {
      "Documentation": "http://docs.aws.amazon.com/AWSCloudFormation/latest/UserGuide/aws-properties-appmesh-route-tcproute.html",
      "Properties": {
        "Action": {
          "Type": "TcpRouteAction",
          "Required": true,
          "Documentation": "http://docs.aws.amazon.com/AWSCloudFormation/latest/UserGuide/aws-properties-appmesh-route-tcproute.html#cfn-appmesh-route-tcproute-action",
          "UpdateType": "Mutable"
        }
      }
    },
    "AWS::AppMesh::Route.TcpRouteAction": {
      "Documentation": "http://docs.aws.amazon.com/AWSCloudFormation/latest/UserGuide/aws-properties-appmesh-route-tcprouteaction.html",
      "Properties": {
        "WeightedTargets": {
          "Type": "List",
          "Required": true,
          "Documentation": "http://docs.aws.amazon.com/AWSCloudFormation/latest/UserGuide/aws-properties-appmesh-route-tcprouteaction.html#cfn-appmesh-route-tcprouteaction-weightedtargets",
          "ItemType": "WeightedTarget",
          "UpdateType": "Mutable"
        }
      }
    },
    "AWS::AppMesh::Route.WeightedTarget": {
      "Documentation": "http://docs.aws.amazon.com/AWSCloudFormation/latest/UserGuide/aws-properties-appmesh-route-weightedtarget.html",
      "Properties": {
        "VirtualNode": {
          "Required": true,
          "Documentation": "http://docs.aws.amazon.com/AWSCloudFormation/latest/UserGuide/aws-properties-appmesh-route-weightedtarget.html#cfn-appmesh-route-weightedtarget-virtualnode",
          "PrimitiveType": "String",
          "UpdateType": "Mutable"
        },
        "Weight": {
          "Required": true,
          "Documentation": "http://docs.aws.amazon.com/AWSCloudFormation/latest/UserGuide/aws-properties-appmesh-route-weightedtarget.html#cfn-appmesh-route-weightedtarget-weight",
          "PrimitiveType": "Integer",
          "UpdateType": "Mutable"
        }
      }
    },
    "AWS::AppMesh::Route.TagRef": {
      "Documentation": "http://docs.aws.amazon.com/AWSCloudFormation/latest/UserGuide/aws-properties-appmesh-route-tagref.html",
      "Properties": {
        "Value": {
          "Required": false,
          "Documentation": "http://docs.aws.amazon.com/AWSCloudFormation/latest/UserGuide/aws-properties-appmesh-route-tagref.html#cfn-appmesh-route-tagref-value",
          "PrimitiveType": "String",
          "UpdateType": "Mutable"
        },
        "Key": {
          "Required": true,
          "Documentation": "http://docs.aws.amazon.com/AWSCloudFormation/latest/UserGuide/aws-properties-appmesh-route-tagref.html#cfn-appmesh-route-tagref-key",
          "PrimitiveType": "String",
          "UpdateType": "Mutable"
        }
      }
    },
    "AWS::AppMesh::Route.HttpRouteAction": {
      "Documentation": "http://docs.aws.amazon.com/AWSCloudFormation/latest/UserGuide/aws-properties-appmesh-route-httprouteaction.html",
      "Properties": {
        "WeightedTargets": {
          "Type": "List",
          "Required": true,
          "Documentation": "http://docs.aws.amazon.com/AWSCloudFormation/latest/UserGuide/aws-properties-appmesh-route-httprouteaction.html#cfn-appmesh-route-httprouteaction-weightedtargets",
          "ItemType": "WeightedTarget",
          "UpdateType": "Mutable"
        }
      }
    },
    "AWS::AppMesh::Route.RouteSpec": {
      "Documentation": "http://docs.aws.amazon.com/AWSCloudFormation/latest/UserGuide/aws-properties-appmesh-route-routespec.html",
      "Properties": {
        "HttpRoute": {
          "Type": "HttpRoute",
          "Required": false,
          "Documentation": "http://docs.aws.amazon.com/AWSCloudFormation/latest/UserGuide/aws-properties-appmesh-route-routespec.html#cfn-appmesh-route-routespec-httproute",
          "UpdateType": "Mutable"
        },
        "TcpRoute": {
          "Type": "TcpRoute",
          "Required": false,
          "Documentation": "http://docs.aws.amazon.com/AWSCloudFormation/latest/UserGuide/aws-properties-appmesh-route-routespec.html#cfn-appmesh-route-routespec-tcproute",
          "UpdateType": "Mutable"
        }
      }
    },
    "AWS::AppMesh::Route.HttpRoute": {
      "Documentation": "http://docs.aws.amazon.com/AWSCloudFormation/latest/UserGuide/aws-properties-appmesh-route-httproute.html",
      "Properties": {
        "Action": {
          "Type": "HttpRouteAction",
          "Required": true,
          "Documentation": "http://docs.aws.amazon.com/AWSCloudFormation/latest/UserGuide/aws-properties-appmesh-route-httproute.html#cfn-appmesh-route-httproute-action",
          "UpdateType": "Mutable"
        },
        "Match": {
          "Type": "HttpRouteMatch",
          "Required": true,
          "Documentation": "http://docs.aws.amazon.com/AWSCloudFormation/latest/UserGuide/aws-properties-appmesh-route-httproute.html#cfn-appmesh-route-httproute-match",
          "UpdateType": "Mutable"
        }
      }
    },
    "AWS::AppMesh::Route.HttpRouteMatch": {
      "Documentation": "http://docs.aws.amazon.com/AWSCloudFormation/latest/UserGuide/aws-properties-appmesh-route-httproutematch.html",
      "Properties": {
        "Prefix": {
          "Required": true,
          "Documentation": "http://docs.aws.amazon.com/AWSCloudFormation/latest/UserGuide/aws-properties-appmesh-route-httproutematch.html#cfn-appmesh-route-httproutematch-prefix",
          "PrimitiveType": "String",
          "UpdateType": "Mutable"
        }
      }
    }
  },
  "ResourceType": {
    "AWS::AppMesh::Route": {
      "Documentation": "http://docs.aws.amazon.com/AWSCloudFormation/latest/UserGuide/aws-resource-appmesh-route.html",
      "Attributes": {
        "Uid": {
          "PrimitiveType": "String"
        },
        "MeshName": {
          "PrimitiveType": "String"
        },
        "VirtualRouterName": {
          "PrimitiveType": "String"
        },
        "RouteName": {
          "PrimitiveType": "String"
        },
        "Arn": {
          "PrimitiveType": "String"
        }
      },
      "Properties": {
        "MeshName": {
          "Required": true,
          "Documentation": "http://docs.aws.amazon.com/AWSCloudFormation/latest/UserGuide/aws-resource-appmesh-route.html#cfn-appmesh-route-meshname",
          "PrimitiveType": "String",
          "UpdateType": "Immutable"
        },
        "VirtualRouterName": {
          "Required": true,
          "Documentation": "http://docs.aws.amazon.com/AWSCloudFormation/latest/UserGuide/aws-resource-appmesh-route.html#cfn-appmesh-route-virtualroutername",
          "PrimitiveType": "String",
          "UpdateType": "Immutable"
        },
        "RouteName": {
          "Required": true,
          "Documentation": "http://docs.aws.amazon.com/AWSCloudFormation/latest/UserGuide/aws-resource-appmesh-route.html#cfn-appmesh-route-routename",
          "PrimitiveType": "String",
          "UpdateType": "Immutable"
        },
        "Spec": {
          "Type": "RouteSpec",
          "Required": true,
          "Documentation": "http://docs.aws.amazon.com/AWSCloudFormation/latest/UserGuide/aws-resource-appmesh-route.html#cfn-appmesh-route-spec",
          "UpdateType": "Mutable"
        },
        "Tags": {
          "Type": "List",
          "Required": false,
          "Documentation": "http://docs.aws.amazon.com/AWSCloudFormation/latest/UserGuide/aws-resource-appmesh-route.html#cfn-appmesh-route-tags",
          "ItemType": "TagRef",
          "UpdateType": "Mutable"
        }
      }
    }
  },
  "ResourceSpecificationVersion": "3.0.0"
}