{
  "PropertyTypes": {
    "AWS::AppMesh::Mesh.MeshSpec": {
      "Documentation": "http://docs.aws.amazon.com/AWSCloudFormation/latest/UserGuide/aws-properties-appmesh-mesh-meshspec.html",
      "Properties": {
        "EgressFilter": {
          "Type": "EgressFilter",
          "Required": false,
          "Documentation": "http://docs.aws.amazon.com/AWSCloudFormation/latest/UserGuide/aws-properties-appmesh-mesh-meshspec.html#cfn-appmesh-mesh-meshspec-egressfilter",
          "UpdateType": "Mutable"
        }
      }
    },
    "AWS::AppMesh::Mesh.TagRef": {
      "Documentation": "http://docs.aws.amazon.com/AWSCloudFormation/latest/UserGuide/aws-properties-appmesh-mesh-tagref.html",
      "Properties": {
        "Value": {
          "Required": false,
          "Documentation": "http://docs.aws.amazon.com/AWSCloudFormation/latest/UserGuide/aws-properties-appmesh-mesh-tagref.html#cfn-appmesh-mesh-tagref-value",
          "PrimitiveType": "String",
          "UpdateType": "Mutable"
        },
        "Key": {
          "Required": true,
          "Documentation": "http://docs.aws.amazon.com/AWSCloudFormation/latest/UserGuide/aws-properties-appmesh-mesh-tagref.html#cfn-appmesh-mesh-tagref-key",
          "PrimitiveType": "String",
          "UpdateType": "Mutable"
        }
      }
    },
    "AWS::AppMesh::Mesh.EgressFilter": {
      "Documentation": "http://docs.aws.amazon.com/AWSCloudFormation/latest/UserGuide/aws-properties-appmesh-mesh-egressfilter.html",
      "Properties": {
        "Type": {
          "Required": true,
          "Documentation": "http://docs.aws.amazon.com/AWSCloudFormation/latest/UserGuide/aws-properties-appmesh-mesh-egressfilter.html#cfn-appmesh-mesh-egressfilter-type",
          "PrimitiveType": "String",
          "UpdateType": "Mutable"
        }
      }
    }
  },
  "ResourceType": {
    "AWS::AppMesh::Mesh": {
      "Documentation": "http://docs.aws.amazon.com/AWSCloudFormation/latest/UserGuide/aws-resource-appmesh-mesh.html",
      "Attributes": {
        "Uid": {
          "PrimitiveType": "String"
        },
        "MeshName": {
          "PrimitiveType": "String"
        },
        "Arn": {
          "PrimitiveType": "String"
        }
      },
      "Properties": {
        "MeshName": {
          "Required": true,
          "Documentation": "http://docs.aws.amazon.com/AWSCloudFormation/latest/UserGuide/aws-resource-appmesh-mesh.html#cfn-appmesh-mesh-meshname",
          "PrimitiveType": "String",
          "UpdateType": "Immutable"
        },
        "Spec": {
          "Type": "MeshSpec",
          "Required": false,
          "Documentation": "http://docs.aws.amazon.com/AWSCloudFormation/latest/UserGuide/aws-resource-appmesh-mesh.html#cfn-appmesh-mesh-spec",
          "UpdateType": "Mutable"
        },
        "Tags": {
          "Type": "List",
          "Required": false,
          "Documentation": "http://docs.aws.amazon.com/AWSCloudFormation/latest/UserGuide/aws-resource-appmesh-mesh.html#cfn-appmesh-mesh-tags",
          "ItemType": "TagRef",
          "UpdateType": "Mutable"
        }
      }
    }
  },
  "ResourceSpecificationVersion": "3.0.0"
}