{
  "PropertyTypes": {
    "AWS::AppMesh::VirtualRouter.VirtualRouterSpec": {
      "Documentation": "http://docs.aws.amazon.com/AWSCloudFormation/latest/UserGuide/aws-properties-appmesh-virtualrouter-virtualrouterspec.html",
      "Properties": {
        "Listeners": {
          "Type": "List",
          "Required": true,
          "Documentation": "http://docs.aws.amazon.com/AWSCloudFormation/latest/UserGuide/aws-properties-appmesh-virtualrouter-virtualrouterspec.html#cfn-appmesh-virtualrouter-virtualrouterspec-listeners",
          "ItemType": "VirtualRouterListener",
          "UpdateType": "Mutable"
        }
      }
    },
    "AWS::AppMesh::VirtualRouter.VirtualRouterListener": {
      "Documentation": "http://docs.aws.amazon.com/AWSCloudFormation/latest/UserGuide/aws-properties-appmesh-virtualrouter-virtualrouterlistener.html",
      "Properties": {
        "PortMapping": {
          "Type": "PortMapping",
          "Required": true,
          "Documentation": "http://docs.aws.amazon.com/AWSCloudFormation/latest/UserGuide/aws-properties-appmesh-virtualrouter-virtualrouterlistener.html#cfn-appmesh-virtualrouter-virtualrouterlistener-portmapping",
          "UpdateType": "Mutable"
        }
      }
    },
    "AWS::AppMesh::VirtualRouter.PortMapping": {
      "Documentation": "http://docs.aws.amazon.com/AWSCloudFormation/latest/UserGuide/aws-properties-appmesh-virtualrouter-portmapping.html",
      "Properties": {
        "Port": {
          "Required": true,
          "Documentation": "http://docs.aws.amazon.com/AWSCloudFormation/latest/UserGuide/aws-properties-appmesh-virtualrouter-portmapping.html#cfn-appmesh-virtualrouter-portmapping-port",
          "PrimitiveType": "Integer",
          "UpdateType": "Mutable"
        },
        "Protocol": {
          "Required": true,
          "Documentation": "http://docs.aws.amazon.com/AWSCloudFormation/latest/UserGuide/aws-properties-appmesh-virtualrouter-portmapping.html#cfn-appmesh-virtualrouter-portmapping-protocol",
          "PrimitiveType": "String",
          "UpdateType": "Mutable"
        }
      }
    },
    "AWS::AppMesh::VirtualRouter.TagRef": {
      "Documentation": "http://docs.aws.amazon.com/AWSCloudFormation/latest/UserGuide/aws-properties-appmesh-virtualrouter-tagref.html",
      "Properties": {
        "Value": {
          "Required": false,
          "Documentation": "http://docs.aws.amazon.com/AWSCloudFormation/latest/UserGuide/aws-properties-appmesh-virtualrouter-tagref.html#cfn-appmesh-virtualrouter-tagref-value",
          "PrimitiveType": "String",
          "UpdateType": "Mutable"
        },
        "Key": {
          "Required": true,
          "Documentation": "http://docs.aws.amazon.com/AWSCloudFormation/latest/UserGuide/aws-properties-appmesh-virtualrouter-tagref.html#cfn-appmesh-virtualrouter-tagref-key",
          "PrimitiveType": "String",
          "UpdateType": "Mutable"
        }
      }
    }
  },
  "ResourceType": {
    "AWS::AppMesh::VirtualRouter": {
      "Documentation": "http://docs.aws.amazon.com/AWSCloudFormation/latest/UserGuide/aws-resource-appmesh-virtualrouter.html",
      "Attributes": {
        "Uid": {
          "PrimitiveType": "String"
        },
        "MeshName": {
          "PrimitiveType": "String"
        },
        "VirtualRouterName": {
          "PrimitiveType": "String"
        },
        "Arn": {
          "PrimitiveType": "String"
        }
      },
      "Properties": {
        "MeshName": {
          "Required": true,
          "Documentation": "http://docs.aws.amazon.com/AWSCloudFormation/latest/UserGuide/aws-resource-appmesh-virtualrouter.html#cfn-appmesh-virtualrouter-meshname",
          "PrimitiveType": "String",
          "UpdateType": "Immutable"
        },
        "VirtualRouterName": {
          "Required": true,
          "Documentation": "http://docs.aws.amazon.com/AWSCloudFormation/latest/UserGuide/aws-resource-appmesh-virtualrouter.html#cfn-appmesh-virtualrouter-virtualroutername",
          "PrimitiveType": "String",
          "UpdateType": "Immutable"
        },
        "Spec": {
          "Type": "VirtualRouterSpec",
          "Required": true,
          "Documentation": "http://docs.aws.amazon.com/AWSCloudFormation/latest/UserGuide/aws-resource-appmesh-virtualrouter.html#cfn-appmesh-virtualrouter-spec",
          "UpdateType": "Mutable"
        },
        "Tags": {
          "Type": "List",
          "Required": false,
          "Documentation": "http://docs.aws.amazon.com/AWSCloudFormation/latest/UserGuide/aws-resource-appmesh-virtualrouter.html#cfn-appmesh-virtualrouter-tags",
          "ItemType": "TagRef",
          "UpdateType": "Mutable"
        }
      }
    }
  },
  "ResourceSpecificationVersion": "3.0.0"
}