{
  "PropertyTypes": {
    "AWS::AppMesh::VirtualService.TagRef": {
      "Documentation": "http://docs.aws.amazon.com/AWSCloudFormation/latest/UserGuide/aws-properties-appmesh-virtualservice-tagref.html",
      "Properties": {
        "Value": {
          "Required": false,
          "Documentation": "http://docs.aws.amazon.com/AWSCloudFormation/latest/UserGuide/aws-properties-appmesh-virtualservice-tagref.html#cfn-appmesh-virtualservice-tagref-value",
          "PrimitiveType": "String",
          "UpdateType": "Mutable"
        },
        "Key": {
          "Required": true,
          "Documentation": "http://docs.aws.amazon.com/AWSCloudFormation/latest/UserGuide/aws-properties-appmesh-virtualservice-tagref.html#cfn-appmesh-virtualservice-tagref-key",
          "PrimitiveType": "String",
          "UpdateType": "Mutable"
        }
      }
    },
    "AWS::AppMesh::VirtualService.VirtualRouterServiceProvider": {
      "Documentation": "http://docs.aws.amazon.com/AWSCloudFormation/latest/UserGuide/aws-properties-appmesh-virtualservice-virtualrouterserviceprovider.html",
      "Properties": {
        "VirtualRouterName": {
          "Required": true,
          "Documentation": "http://docs.aws.amazon.com/AWSCloudFormation/latest/UserGuide/aws-properties-appmesh-virtualservice-virtualrouterserviceprovider.html#cfn-appmesh-virtualservice-virtualrouterserviceprovider-virtualroutername",
          "PrimitiveType": "String",
          "UpdateType": "Mutable"
        }
      }
    },
    "AWS::AppMesh::VirtualService.VirtualServiceSpec": {
      "Documentation": "http://docs.aws.amazon.com/AWSCloudFormation/latest/UserGuide/aws-properties-appmesh-virtualservice-virtualservicespec.html",
      "Properties": {
        "Provider": {
          "Type": "VirtualServiceProvider",
          "Required": false,
          "Documentation": "http://docs.aws.amazon.com/AWSCloudFormation/latest/UserGuide/aws-properties-appmesh-virtualservice-virtualservicespec.html#cfn-appmesh-virtualservice-virtualservicespec-provider",
          "UpdateType": "Mutable"
        }
      }
    },
    "AWS::AppMesh::VirtualService.VirtualNodeServiceProvider": {
      "Documentation": "http://docs.aws.amazon.com/AWSCloudFormation/latest/UserGuide/aws-properties-appmesh-virtualservice-virtualnodeserviceprovider.html",
      "Properties": {
        "VirtualNodeName": {
          "Required": true,
          "Documentation": "http://docs.aws.amazon.com/AWSCloudFormation/latest/UserGuide/aws-properties-appmesh-virtualservice-virtualnodeserviceprovider.html#cfn-appmesh-virtualservice-virtualnodeserviceprovider-virtualnodename",
          "PrimitiveType": "String",
          "UpdateType": "Mutable"
        }
      }
    },
    "AWS::AppMesh::VirtualService.VirtualServiceProvider": {
      "Documentation": "http://docs.aws.amazon.com/AWSCloudFormation/latest/UserGuide/aws-properties-appmesh-virtualservice-virtualserviceprovider.html",
      "Properties": {
        "VirtualNode": {
          "Type": "VirtualNodeServiceProvider",
          "Required": false,
          "Documentation": "http://docs.aws.amazon.com/AWSCloudFormation/latest/UserGuide/aws-properties-appmesh-virtualservice-virtualserviceprovider.html#cfn-appmesh-virtualservice-virtualserviceprovider-virtualnode",
          "UpdateType": "Mutable"
        },
        "VirtualRouter": {
          "Type": "VirtualRouterServiceProvider",
          "Required": false,
          "Documentation": "http://docs.aws.amazon.com/AWSCloudFormation/latest/UserGuide/aws-properties-appmesh-virtualservice-virtualserviceprovider.html#cfn-appmesh-virtualservice-virtualserviceprovider-virtualrouter",
          "UpdateType": "Mutable"
        }
      }
    }
  },
  "ResourceType": {
    "AWS::AppMesh::VirtualService": {
      "Documentation": "http://docs.aws.amazon.com/AWSCloudFormation/latest/UserGuide/aws-resource-appmesh-virtualservice.html",
      "Attributes": {
        "Uid": {
          "PrimitiveType": "String"
        },
        "MeshName": {
          "PrimitiveType": "String"
        },
        "VirtualServiceName": {
          "PrimitiveType": "String"
        },
        "Arn": {
          "PrimitiveType": "String"
        }
      },
      "Properties": {
        "MeshName": {
          "Required": true,
          "Documentation": "http://docs.aws.amazon.com/AWSCloudFormation/latest/UserGuide/aws-resource-appmesh-virtualservice.html#cfn-appmesh-virtualservice-meshname",
          "PrimitiveType": "String",
          "UpdateType": "Immutable"
        },
        "VirtualServiceName": {
          "Required": true,
          "Documentation": "http://docs.aws.amazon.com/AWSCloudFormation/latest/UserGuide/aws-resource-appmesh-virtualservice.html#cfn-appmesh-virtualservice-virtualservicename",
          "PrimitiveType": "String",
          "UpdateType": "Immutable"
        },
        "Spec": {
          "Type": "VirtualServiceSpec",
          "Required": true,
          "Documentation": "http://docs.aws.amazon.com/AWSCloudFormation/latest/UserGuide/aws-resource-appmesh-virtualservice.html#cfn-appmesh-virtualservice-spec",
          "UpdateType": "Mutable"
        },
        "Tags": {
          "Type": "List",
          "Required": false,
          "Documentation": "http://docs.aws.amazon.com/AWSCloudFormation/latest/UserGuide/aws-resource-appmesh-virtualservice.html#cfn-appmesh-virtualservice-tags",
          "ItemType": "TagRef",
          "UpdateType": "Mutable"
        }
      }
    }
  },
  "ResourceSpecificationVersion": "3.0.0"
}