{
  "PropertyTypes": {
    "AWS::AppMesh::VirtualNode.ServiceDiscovery": {
      "Documentation": "http://docs.aws.amazon.com/AWSCloudFormation/latest/UserGuide/aws-properties-appmesh-virtualnode-servicediscovery.html",
      "Properties": {
        "DNS": {
          "Type": "DnsServiceDiscovery",
          "Required": true,
          "Documentation": "http://docs.aws.amazon.com/AWSCloudFormation/latest/UserGuide/aws-properties-appmesh-virtualnode-servicediscovery.html#cfn-appmesh-virtualnode-servicediscovery-dns",
          "UpdateType": "Mutable"
        }
      }
    },
    "AWS::AppMesh::VirtualNode.DnsServiceDiscovery": {
      "Documentation": "http://docs.aws.amazon.com/AWSCloudFormation/latest/UserGuide/aws-properties-appmesh-virtualnode-dnsservicediscovery.html",
      "Properties": {
        "Hostname": {
          "Required": true,
          "Documentation": "http://docs.aws.amazon.com/AWSCloudFormation/latest/UserGuide/aws-properties-appmesh-virtualnode-dnsservicediscovery.html#cfn-appmesh-virtualnode-dnsservicediscovery-hostname",
          "PrimitiveType": "String",
          "UpdateType": "Mutable"
        }
      }
    },
    "AWS::AppMesh::VirtualNode.Listener": {
      "Documentation": "http://docs.aws.amazon.com/AWSCloudFormation/latest/UserGuide/aws-properties-appmesh-virtualnode-listener.html",
      "Properties": {
        "HealthCheck": {
          "Type": "HealthCheck",
          "Required": false,
          "Documentation": "http://docs.aws.amazon.com/AWSCloudFormation/latest/UserGuide/aws-properties-appmesh-virtualnode-listener.html#cfn-appmesh-virtualnode-listener-healthcheck",
          "UpdateType": "Mutable"
        },
        "PortMapping": {
          "Type": "PortMapping",
          "Required": true,
          "Documentation": "http://docs.aws.amazon.com/AWSCloudFormation/latest/UserGuide/aws-properties-appmesh-virtualnode-listener.html#cfn-appmesh-virtualnode-listener-portmapping",
          "UpdateType": "Mutable"
        }
      }
    },
    "AWS::AppMesh::VirtualNode.FileAccessLog": {
      "Documentation": "http://docs.aws.amazon.com/AWSCloudFormation/latest/UserGuide/aws-properties-appmesh-virtualnode-fileaccesslog.html",
      "Properties": {
        "Path": {
          "Required": true,
          "Documentation": "http://docs.aws.amazon.com/AWSCloudFormation/latest/UserGuide/aws-properties-appmesh-virtualnode-fileaccesslog.html#cfn-appmesh-virtualnode-fileaccesslog-path",
          "PrimitiveType": "String",
          "UpdateType": "Mutable"
        }
      }
    },
    "AWS::AppMesh::VirtualNode.AccessLog": {
      "Documentation": "http://docs.aws.amazon.com/AWSCloudFormation/latest/UserGuide/aws-properties-appmesh-virtualnode-accesslog.html",
      "Properties": {
        "File": {
          "Type": "FileAccessLog",
          "Required": false,
          "Documentation": "http://docs.aws.amazon.com/AWSCloudFormation/latest/UserGuide/aws-properties-appmesh-virtualnode-accesslog.html#cfn-appmesh-virtualnode-accesslog-file",
          "UpdateType": "Mutable"
        }
      }
    },
    "AWS::AppMesh::VirtualNode.Logging": {
      "Documentation": "http://docs.aws.amazon.com/AWSCloudFormation/latest/UserGuide/aws-properties-appmesh-virtualnode-logging.html",
      "Properties": {
        "AccessLog": {
          "Type": "AccessLog",
          "Required": false,
          "Documentation": "http://docs.aws.amazon.com/AWSCloudFormation/latest/UserGuide/aws-properties-appmesh-virtualnode-logging.html#cfn-appmesh-virtualnode-logging-accesslog",
          "UpdateType": "Mutable"
        }
      }
    },
    "AWS::AppMesh::VirtualNode.HealthCheck": {
      "Documentation": "http://docs.aws.amazon.com/AWSCloudFormation/latest/UserGuide/aws-properties-appmesh-virtualnode-healthcheck.html",
      "Properties": {
        "Path": {
          "Required": false,
          "Documentation": "http://docs.aws.amazon.com/AWSCloudFormation/latest/UserGuide/aws-properties-appmesh-virtualnode-healthcheck.html#cfn-appmesh-virtualnode-healthcheck-path",
          "PrimitiveType": "String",
          "UpdateType": "Mutable"
        },
        "UnhealthyThreshold": {
          "Required": true,
          "Documentation": "http://docs.aws.amazon.com/AWSCloudFormation/latest/UserGuide/aws-properties-appmesh-virtualnode-healthcheck.html#cfn-appmesh-virtualnode-healthcheck-unhealthythreshold",
          "PrimitiveType": "Integer",
          "UpdateType": "Mutable"
        },
        "Port": {
          "Required": false,
          "Documentation": "http://docs.aws.amazon.com/AWSCloudFormation/latest/UserGuide/aws-properties-appmesh-virtualnode-healthcheck.html#cfn-appmesh-virtualnode-healthcheck-port",
          "PrimitiveType": "Integer",
          "UpdateType": "Mutable"
        },
        "HealthyThreshold": {
          "Required": true,
          "Documentation": "http://docs.aws.amazon.com/AWSCloudFormation/latest/UserGuide/aws-properties-appmesh-virtualnode-healthcheck.html#cfn-appmesh-virtualnode-healthcheck-healthythreshold",
          "PrimitiveType": "Integer",
          "UpdateType": "Mutable"
        },
        "TimeoutMillis": {
          "Required": true,
          "Documentation": "http://docs.aws.amazon.com/AWSCloudFormation/latest/UserGuide/aws-properties-appmesh-virtualnode-healthcheck.html#cfn-appmesh-virtualnode-healthcheck-timeoutmillis",
          "PrimitiveType": "Integer",
          "UpdateType": "Mutable"
        },
        "Protocol": {
          "Required": true,
          "Documentation": "http://docs.aws.amazon.com/AWSCloudFormation/latest/UserGuide/aws-properties-appmesh-virtualnode-healthcheck.html#cfn-appmesh-virtualnode-healthcheck-protocol",
          "PrimitiveType": "String",
          "UpdateType": "Mutable"
        },
        "IntervalMillis": {
          "Required": true,
          "Documentation": "http://docs.aws.amazon.com/AWSCloudFormation/latest/UserGuide/aws-properties-appmesh-virtualnode-healthcheck.html#cfn-appmesh-virtualnode-healthcheck-intervalmillis",
          "PrimitiveType": "Integer",
          "UpdateType": "Mutable"
        }
      }
    },
    "AWS::AppMesh::VirtualNode.VirtualServiceBackend": {
      "Documentation": "http://docs.aws.amazon.com/AWSCloudFormation/latest/UserGuide/aws-properties-appmesh-virtualnode-virtualservicebackend.html",
      "Properties": {
        "VirtualServiceName": {
          "Required": true,
          "Documentation": "http://docs.aws.amazon.com/AWSCloudFormation/latest/UserGuide/aws-properties-appmesh-virtualnode-virtualservicebackend.html#cfn-appmesh-virtualnode-virtualservicebackend-virtualservicename",
          "PrimitiveType": "String",
          "UpdateType": "Mutable"
        }
      }
    },
    "AWS::AppMesh::VirtualNode.TagRef": {
      "Documentation": "http://docs.aws.amazon.com/AWSCloudFormation/latest/UserGuide/aws-properties-appmesh-virtualnode-tagref.html",
      "Properties": {
        "Value": {
          "Required": false,
          "Documentation": "http://docs.aws.amazon.com/AWSCloudFormation/latest/UserGuide/aws-properties-appmesh-virtualnode-tagref.html#cfn-appmesh-virtualnode-tagref-value",
          "PrimitiveType": "String",
          "UpdateType": "Mutable"
        },
        "Key": {
          "Required": true,
          "Documentation": "http://docs.aws.amazon.com/AWSCloudFormation/latest/UserGuide/aws-properties-appmesh-virtualnode-tagref.html#cfn-appmesh-virtualnode-tagref-key",
          "PrimitiveType": "String",
          "UpdateType": "Mutable"
        }
      }
    },
    "AWS::AppMesh::VirtualNode.VirtualNodeSpec": {
      "Documentation": "http://docs.aws.amazon.com/AWSCloudFormation/latest/UserGuide/aws-properties-appmesh-virtualnode-virtualnodespec.html",
      "Properties": {
        "Logging": {
          "Type": "Logging",
          "Required": false,
          "Documentation": "http://docs.aws.amazon.com/AWSCloudFormation/latest/UserGuide/aws-properties-appmesh-virtualnode-virtualnodespec.html#cfn-appmesh-virtualnode-virtualnodespec-logging",
          "UpdateType": "Mutable"
        },
        "Backends": {
          "Type": "List",
          "Required": false,
          "Documentation": "http://docs.aws.amazon.com/AWSCloudFormation/latest/UserGuide/aws-properties-appmesh-virtualnode-virtualnodespec.html#cfn-appmesh-virtualnode-virtualnodespec-backends",
          "ItemType": "Backend",
          "UpdateType": "Mutable"
        },
        "Listeners": {
          "Type": "List",
          "Required": false,
          "Documentation": "http://docs.aws.amazon.com/AWSCloudFormation/latest/UserGuide/aws-properties-appmesh-virtualnode-virtualnodespec.html#cfn-appmesh-virtualnode-virtualnodespec-listeners",
          "ItemType": "Listener",
          "UpdateType": "Mutable"
        },
        "ServiceDiscovery": {
          "Type": "ServiceDiscovery",
          "Required": false,
          "Documentation": "http://docs.aws.amazon.com/AWSCloudFormation/latest/UserGuide/aws-properties-appmesh-virtualnode-virtualnodespec.html#cfn-appmesh-virtualnode-virtualnodespec-servicediscovery",
          "UpdateType": "Mutable"
        }
      }
    },
    "AWS::AppMesh::VirtualNode.Backend": {
      "Documentation": "http://docs.aws.amazon.com/AWSCloudFormation/latest/UserGuide/aws-properties-appmesh-virtualnode-backend.html",
      "Properties": {
        "VirtualService": {
          "Type": "VirtualServiceBackend",
          "Required": false,
          "Documentation": "http://docs.aws.amazon.com/AWSCloudFormation/latest/UserGuide/aws-properties-appmesh-virtualnode-backend.html#cfn-appmesh-virtualnode-backend-virtualservice",
          "UpdateType": "Mutable"
        }
      }
    },
    "AWS::AppMesh::VirtualNode.PortMapping": {
      "Documentation": "http://docs.aws.amazon.com/AWSCloudFormation/latest/UserGuide/aws-properties-appmesh-virtualnode-portmapping.html",
      "Properties": {
        "Port": {
          "Required": true,
          "Documentation": "http://docs.aws.amazon.com/AWSCloudFormation/latest/UserGuide/aws-properties-appmesh-virtualnode-portmapping.html#cfn-appmesh-virtualnode-portmapping-port",
          "PrimitiveType": "Integer",
          "UpdateType": "Mutable"
        },
        "Protocol": {
          "Required": true,
          "Documentation": "http://docs.aws.amazon.com/AWSCloudFormation/latest/UserGuide/aws-properties-appmesh-virtualnode-portmapping.html#cfn-appmesh-virtualnode-portmapping-protocol",
          "PrimitiveType": "String",
          "UpdateType": "Mutable"
        }
      }
    }
  },
  "ResourceType": {
    "AWS::AppMesh::VirtualNode": {
      "Documentation": "http://docs.aws.amazon.com/AWSCloudFormation/latest/UserGuide/aws-resource-appmesh-virtualnode.html",
      "Attributes": {
        "Uid": {
          "PrimitiveType": "String"
        },
        "MeshName": {
          "PrimitiveType": "String"
        },
        "Arn": {
          "PrimitiveType": "String"
        },
        "VirtualNodeName": {
          "PrimitiveType": "String"
        }
      },
      "Properties": {
        "MeshName": {
          "Required": true,
          "Documentation": "http://docs.aws.amazon.com/AWSCloudFormation/latest/UserGuide/aws-resource-appmesh-virtualnode.html#cfn-appmesh-virtualnode-meshname",
          "PrimitiveType": "String",
          "UpdateType": "Immutable"
        },
        "Spec": {
          "Type": "VirtualNodeSpec",
          "Required": true,
          "Documentation": "http://docs.aws.amazon.com/AWSCloudFormation/latest/UserGuide/aws-resource-appmesh-virtualnode.html#cfn-appmesh-virtualnode-spec",
          "UpdateType": "Mutable"
        },
        "VirtualNodeName": {
          "Required": true,
          "Documentation": "http://docs.aws.amazon.com/AWSCloudFormation/latest/UserGuide/aws-resource-appmesh-virtualnode.html#cfn-appmesh-virtualnode-virtualnodename",
          "PrimitiveType": "String",
          "UpdateType": "Immutable"
        },
        "Tags": {
          "Type": "List",
          "Required": false,
          "Documentation": "http://docs.aws.amazon.com/AWSCloudFormation/latest/UserGuide/aws-resource-appmesh-virtualnode.html#cfn-appmesh-virtualnode-tags",
          "ItemType": "TagRef",
          "UpdateType": "Mutable"
        }
      }
    }
  },
  "ResourceSpecificationVersion": "3.0.0"
}