{
  "PropertyTypes": {
    "AWS::AppStream::DirectoryConfig.ServiceAccountCredentials": {
      "Documentation": "http://docs.aws.amazon.com/AWSCloudFormation/latest/UserGuide/aws-properties-appstream-directoryconfig-serviceaccountcredentials.html",
      "Properties": {
        "AccountName": {
          "Required": true,
          "Documentation": "http://docs.aws.amazon.com/AWSCloudFormation/latest/UserGuide/aws-properties-appstream-directoryconfig-serviceaccountcredentials.html#cfn-appstream-directoryconfig-serviceaccountcredentials-accountname",
          "PrimitiveType": "String",
          "UpdateType": "Mutable"
        },
        "AccountPassword": {
          "Required": true,
          "Documentation": "http://docs.aws.amazon.com/AWSCloudFormation/latest/UserGuide/aws-properties-appstream-directoryconfig-serviceaccountcredentials.html#cfn-appstream-directoryconfig-serviceaccountcredentials-accountpassword",
          "PrimitiveType": "String",
          "UpdateType": "Mutable"
        }
      }
    }
  },
  "ResourceType": {
    "AWS::AppStream::DirectoryConfig": {
      "Documentation": "http://docs.aws.amazon.com/AWSCloudFormation/latest/UserGuide/aws-resource-appstream-directoryconfig.html",
      "Properties": {
        "OrganizationalUnitDistinguishedNames": {
          "PrimitiveItemType": "String",
          "Type": "List",
          "Required": true,
          "Documentation": "http://docs.aws.amazon.com/AWSCloudFormation/latest/UserGuide/aws-resource-appstream-directoryconfig.html#cfn-appstream-directoryconfig-organizationalunitdistinguishednames",
          "UpdateType": "Mutable"
        },
        "ServiceAccountCredentials": {
          "Type": "ServiceAccountCredentials",
          "Required": true,
          "Documentation": "http://docs.aws.amazon.com/AWSCloudFormation/latest/UserGuide/aws-resource-appstream-directoryconfig.html#cfn-appstream-directoryconfig-serviceaccountcredentials",
          "UpdateType": "Mutable"
        },
        "DirectoryName": {
          "Required": true,
          "Documentation": "http://docs.aws.amazon.com/AWSCloudFormation/latest/UserGuide/aws-resource-appstream-directoryconfig.html#cfn-appstream-directoryconfig-directoryname",
          "PrimitiveType": "String",
          "UpdateType": "Immutable"
        }
      }
    }
  },
  "ResourceSpecificationVersion": "3.0.0"
}