{
  "ResourceType": {
    "AWS::AppStream::StackFleetAssociation": {
      "Documentation": "http://docs.aws.amazon.com/AWSCloudFormation/latest/UserGuide/aws-resource-appstream-stackfleetassociation.html",
      "Properties": {
        "FleetName": {
          "Required": true,
          "Documentation": "http://docs.aws.amazon.com/AWSCloudFormation/latest/UserGuide/aws-resource-appstream-stackfleetassociation.html#cfn-appstream-stackfleetassociation-fleetname",
          "PrimitiveType": "String",
          "UpdateType": "Mutable"
        },
        "StackName": {
          "Required": true,
          "Documentation": "http://docs.aws.amazon.com/AWSCloudFormation/latest/UserGuide/aws-resource-appstream-stackfleetassociation.html#cfn-appstream-stackfleetassociation-stackname",
          "PrimitiveType": "String",
          "UpdateType": "Mutable"
        }
      }
    }
  },
  "ResourceSpecificationVersion": "3.0.0"
}