{
  "PropertyTypes": {
    "AWS::AppSync::GraphQLApi.UserPoolConfig": {
      "Documentation": "http://docs.aws.amazon.com/AWSCloudFormation/latest/UserGuide/aws-properties-appsync-graphqlapi-userpoolconfig.html",
      "Properties": {
        "AppIdClientRegex": {
          "Required": false,
          "Documentation": "http://docs.aws.amazon.com/AWSCloudFormation/latest/UserGuide/aws-properties-appsync-graphqlapi-userpoolconfig.html#cfn-appsync-graphqlapi-userpoolconfig-appidclientregex",
          "PrimitiveType": "String",
          "UpdateType": "Mutable"
        },
        "UserPoolId": {
          "Required": false,
          "Documentation": "http://docs.aws.amazon.com/AWSCloudFormation/latest/UserGuide/aws-properties-appsync-graphqlapi-userpoolconfig.html#cfn-appsync-graphqlapi-userpoolconfig-userpoolid",
          "PrimitiveType": "String",
          "UpdateType": "Mutable"
        },
        "AwsRegion": {
          "Required": false,
          "Documentation": "http://docs.aws.amazon.com/AWSCloudFormation/latest/UserGuide/aws-properties-appsync-graphqlapi-userpoolconfig.html#cfn-appsync-graphqlapi-userpoolconfig-awsregion",
          "PrimitiveType": "String",
          "UpdateType": "Mutable"
        },
        "DefaultAction": {
          "Required": false,
          "Documentation": "http://docs.aws.amazon.com/AWSCloudFormation/latest/UserGuide/aws-properties-appsync-graphqlapi-userpoolconfig.html#cfn-appsync-graphqlapi-userpoolconfig-defaultaction",
          "PrimitiveType": "String",
          "UpdateType": "Mutable"
        }
      }
    },
    "AWS::AppSync::GraphQLApi.OpenIDConnectConfig": {
      "Documentation": "http://docs.aws.amazon.com/AWSCloudFormation/latest/UserGuide/aws-properties-appsync-graphqlapi-openidconnectconfig.html",
      "Properties": {
        "Issuer": {
          "Required": false,
          "Documentation": "http://docs.aws.amazon.com/AWSCloudFormation/latest/UserGuide/aws-properties-appsync-graphqlapi-openidconnectconfig.html#cfn-appsync-graphqlapi-openidconnectconfig-issuer",
          "PrimitiveType": "String",
          "UpdateType": "Mutable"
        },
        "ClientId": {
          "Required": false,
          "Documentation": "http://docs.aws.amazon.com/AWSCloudFormation/latest/UserGuide/aws-properties-appsync-graphqlapi-openidconnectconfig.html#cfn-appsync-graphqlapi-openidconnectconfig-clientid",
          "PrimitiveType": "String",
          "UpdateType": "Mutable"
        },
        "AuthTTL": {
          "Required": false,
          "Documentation": "http://docs.aws.amazon.com/AWSCloudFormation/latest/UserGuide/aws-properties-appsync-graphqlapi-openidconnectconfig.html#cfn-appsync-graphqlapi-openidconnectconfig-authttl",
          "PrimitiveType": "Double",
          "UpdateType": "Mutable"
        },
        "IatTTL": {
          "Required": false,
          "Documentation": "http://docs.aws.amazon.com/AWSCloudFormation/latest/UserGuide/aws-properties-appsync-graphqlapi-openidconnectconfig.html#cfn-appsync-graphqlapi-openidconnectconfig-iatttl",
          "PrimitiveType": "Double",
          "UpdateType": "Mutable"
        }
      }
    },
    "AWS::AppSync::GraphQLApi.LogConfig": {
      "Documentation": "http://docs.aws.amazon.com/AWSCloudFormation/latest/UserGuide/aws-properties-appsync-graphqlapi-logconfig.html",
      "Properties": {
        "CloudWatchLogsRoleArn": {
          "Required": false,
          "Documentation": "http://docs.aws.amazon.com/AWSCloudFormation/latest/UserGuide/aws-properties-appsync-graphqlapi-logconfig.html#cfn-appsync-graphqlapi-logconfig-cloudwatchlogsrolearn",
          "PrimitiveType": "String",
          "UpdateType": "Mutable"
        },
        "FieldLogLevel": {
          "Required": false,
          "Documentation": "http://docs.aws.amazon.com/AWSCloudFormation/latest/UserGuide/aws-properties-appsync-graphqlapi-logconfig.html#cfn-appsync-graphqlapi-logconfig-fieldloglevel",
          "PrimitiveType": "String",
          "UpdateType": "Mutable"
        }
      }
    }
  },
  "ResourceType": {
    "AWS::AppSync::GraphQLApi": {
      "Documentation": "http://docs.aws.amazon.com/AWSCloudFormation/latest/UserGuide/aws-resource-appsync-graphqlapi.html",
      "Attributes": {
        "GraphQLUrl": {
          "PrimitiveType": "String"
        },
        "Arn": {
          "PrimitiveType": "String"
        },
        "ApiId": {
          "PrimitiveType": "String"
        }
      },
      "Properties": {
        "OpenIDConnectConfig": {
          "Type": "OpenIDConnectConfig",
          "Required": false,
          "Documentation": "http://docs.aws.amazon.com/AWSCloudFormation/latest/UserGuide/aws-resource-appsync-graphqlapi.html#cfn-appsync-graphqlapi-openidconnectconfig",
          "UpdateType": "Mutable"
        },
        "UserPoolConfig": {
          "Type": "UserPoolConfig",
          "Required": false,
          "Documentation": "http://docs.aws.amazon.com/AWSCloudFormation/latest/UserGuide/aws-resource-appsync-graphqlapi.html#cfn-appsync-graphqlapi-userpoolconfig",
          "UpdateType": "Mutable"
        },
        "Name": {
          "Required": true,
          "Documentation": "http://docs.aws.amazon.com/AWSCloudFormation/latest/UserGuide/aws-resource-appsync-graphqlapi.html#cfn-appsync-graphqlapi-name",
          "PrimitiveType": "String",
          "UpdateType": "Mutable"
        },
        "AuthenticationType": {
          "Required": true,
          "Documentation": "http://docs.aws.amazon.com/AWSCloudFormation/latest/UserGuide/aws-resource-appsync-graphqlapi.html#cfn-appsync-graphqlapi-authenticationtype",
          "PrimitiveType": "String",
          "UpdateType": "Mutable"
        },
        "LogConfig": {
          "Type": "LogConfig",
          "Required": false,
          "Documentation": "http://docs.aws.amazon.com/AWSCloudFormation/latest/UserGuide/aws-resource-appsync-graphqlapi.html#cfn-appsync-graphqlapi-logconfig",
          "UpdateType": "Mutable"
        }
      }
    }
  },
  "ResourceSpecificationVersion": "3.0.0"
}