{
  "PropertyTypes": {
    "AWS::AppStream::Stack.StorageConnector": {
      "Documentation": "http://docs.aws.amazon.com/AWSCloudFormation/latest/UserGuide/aws-properties-appstream-stack-storageconnector.html",
      "Properties": {
        "Domains": {
          "PrimitiveItemType": "String",
          "Type": "List",
          "Required": false,
          "Documentation": "http://docs.aws.amazon.com/AWSCloudFormation/latest/UserGuide/aws-properties-appstream-stack-storageconnector.html#cfn-appstream-stack-storageconnector-domains",
          "UpdateType": "Mutable"
        },
        "ResourceIdentifier": {
          "Required": false,
          "Documentation": "http://docs.aws.amazon.com/AWSCloudFormation/latest/UserGuide/aws-properties-appstream-stack-storageconnector.html#cfn-appstream-stack-storageconnector-resourceidentifier",
          "PrimitiveType": "String",
          "UpdateType": "Mutable"
        },
        "ConnectorType": {
          "Required": true,
          "Documentation": "http://docs.aws.amazon.com/AWSCloudFormation/latest/UserGuide/aws-properties-appstream-stack-storageconnector.html#cfn-appstream-stack-storageconnector-connectortype",
          "PrimitiveType": "String",
          "UpdateType": "Mutable"
        }
      }
    },
    "AWS::AppStream::Stack.ApplicationSettings": {
      "Documentation": "http://docs.aws.amazon.com/AWSCloudFormation/latest/UserGuide/aws-properties-appstream-stack-applicationsettings.html",
      "Properties": {
        "SettingsGroup": {
          "Required": false,
          "Documentation": "http://docs.aws.amazon.com/AWSCloudFormation/latest/UserGuide/aws-properties-appstream-stack-applicationsettings.html#cfn-appstream-stack-applicationsettings-settingsgroup",
          "PrimitiveType": "String",
          "UpdateType": "Mutable"
        },
        "Enabled": {
          "Required": true,
          "Documentation": "http://docs.aws.amazon.com/AWSCloudFormation/latest/UserGuide/aws-properties-appstream-stack-applicationsettings.html#cfn-appstream-stack-applicationsettings-enabled",
          "PrimitiveType": "Boolean",
          "UpdateType": "Mutable"
        }
      }
    },
    "Tag": {
      "Documentation": "http://docs.aws.amazon.com/AWSCloudFormation/latest/UserGuide/aws-properties-appstream-stack-tag.html",
      "Properties": {
        "Value": {
          "Required": false,
          "Documentation": "http://docs.aws.amazon.com/AWSCloudFormation/latest/UserGuide/aws-properties-appstream-stack-tag.html#cfn-appstream-stack-tag-value",
          "PrimitiveType": "String",
          "UpdateType": "Mutable"
        },
        "Key": {
          "Required": true,
          "Documentation": "http://docs.aws.amazon.com/AWSCloudFormation/latest/UserGuide/aws-properties-appstream-stack-tag.html#cfn-appstream-stack-tag-key",
          "PrimitiveType": "String",
          "UpdateType": "Mutable"
        }
      }
    },
    "AWS::AppStream::Stack.UserSetting": {
      "Documentation": "http://docs.aws.amazon.com/AWSCloudFormation/latest/UserGuide/aws-properties-appstream-stack-usersetting.html",
      "Properties": {
        "Action": {
          "Required": true,
          "Documentation": "http://docs.aws.amazon.com/AWSCloudFormation/latest/UserGuide/aws-properties-appstream-stack-usersetting.html#cfn-appstream-stack-usersetting-action",
          "PrimitiveType": "String",
          "UpdateType": "Mutable"
        },
        "Permission": {
          "Required": true,
          "Documentation": "http://docs.aws.amazon.com/AWSCloudFormation/latest/UserGuide/aws-properties-appstream-stack-usersetting.html#cfn-appstream-stack-usersetting-permission",
          "PrimitiveType": "String",
          "UpdateType": "Mutable"
        }
      }
    }
  },
  "ResourceType": {
    "AWS::AppStream::Stack": {
      "Documentation": "http://docs.aws.amazon.com/AWSCloudFormation/latest/UserGuide/aws-resource-appstream-stack.html",
      "Properties": {
        "ApplicationSettings": {
          "Type": "ApplicationSettings",
          "Required": false,
          "Documentation": "http://docs.aws.amazon.com/AWSCloudFormation/latest/UserGuide/aws-resource-appstream-stack.html#cfn-appstream-stack-applicationsettings",
          "UpdateType": "Mutable"
        },
        "Description": {
          "Required": false,
          "Documentation": "http://docs.aws.amazon.com/AWSCloudFormation/latest/UserGuide/aws-resource-appstream-stack.html#cfn-appstream-stack-description",
          "PrimitiveType": "String",
          "UpdateType": "Mutable"
        },
        "StorageConnectors": {
          "Type": "List",
          "Required": false,
          "Documentation": "http://docs.aws.amazon.com/AWSCloudFormation/latest/UserGuide/aws-resource-appstream-stack.html#cfn-appstream-stack-storageconnectors",
          "ItemType": "StorageConnector",
          "UpdateType": "Mutable"
        },
        "DeleteStorageConnectors": {
          "Required": false,
          "Documentation": "http://docs.aws.amazon.com/AWSCloudFormation/latest/UserGuide/aws-resource-appstream-stack.html#cfn-appstream-stack-deletestorageconnectors",
          "PrimitiveType": "Boolean",
          "UpdateType": "Mutable"
        },
        "UserSettings": {
          "Type": "List",
          "Required": false,
          "Documentation": "http://docs.aws.amazon.com/AWSCloudFormation/latest/UserGuide/aws-resource-appstream-stack.html#cfn-appstream-stack-usersettings",
          "ItemType": "UserSetting",
          "UpdateType": "Mutable"
        },
        "AttributesToDelete": {
          "PrimitiveItemType": "String",
          "Type": "List",
          "Required": false,
          "Documentation": "http://docs.aws.amazon.com/AWSCloudFormation/latest/UserGuide/aws-resource-appstream-stack.html#cfn-appstream-stack-attributestodelete",
          "UpdateType": "Mutable"
        },
        "DisplayName": {
          "Required": false,
          "Documentation": "http://docs.aws.amazon.com/AWSCloudFormation/latest/UserGuide/aws-resource-appstream-stack.html#cfn-appstream-stack-displayname",
          "PrimitiveType": "String",
          "UpdateType": "Mutable"
        },
        "RedirectURL": {
          "Required": false,
          "Documentation": "http://docs.aws.amazon.com/AWSCloudFormation/latest/UserGuide/aws-resource-appstream-stack.html#cfn-appstream-stack-redirecturl",
          "PrimitiveType": "String",
          "UpdateType": "Mutable"
        },
        "Tags": {
          "Type": "List",
          "Required": false,
          "Documentation": "http://docs.aws.amazon.com/AWSCloudFormation/latest/UserGuide/aws-resource-appstream-stack.html#cfn-appstream-stack-tags",
          "ItemType": "Tag",
          "UpdateType": "Mutable"
        },
        "Name": {
          "Required": false,
          "Documentation": "http://docs.aws.amazon.com/AWSCloudFormation/latest/UserGuide/aws-resource-appstream-stack.html#cfn-appstream-stack-name",
          "PrimitiveType": "String",
          "UpdateType": "Immutable"
        },
        "FeedbackURL": {
          "Required": false,
          "Documentation": "http://docs.aws.amazon.com/AWSCloudFormation/latest/UserGuide/aws-resource-appstream-stack.html#cfn-appstream-stack-feedbackurl",
          "PrimitiveType": "String",
          "UpdateType": "Mutable"
        }
      }
    }
  },
  "ResourceSpecificationVersion": "3.0.0"
}