{
  "ResourceType": {
    "AWS::AppStream::User": {
      "Documentation": "http://docs.aws.amazon.com/AWSCloudFormation/latest/UserGuide/aws-resource-appstream-user.html",
      "Properties": {
        "UserName": {
          "Required": true,
          "Documentation": "http://docs.aws.amazon.com/AWSCloudFormation/latest/UserGuide/aws-resource-appstream-user.html#cfn-appstream-user-username",
          "PrimitiveType": "String",
          "UpdateType": "Immutable"
        },
        "FirstName": {
          "Required": false,
          "Documentation": "http://docs.aws.amazon.com/AWSCloudFormation/latest/UserGuide/aws-resource-appstream-user.html#cfn-appstream-user-firstname",
          "PrimitiveType": "String",
          "UpdateType": "Immutable"
        },
        "MessageAction": {
          "Required": false,
          "Documentation": "http://docs.aws.amazon.com/AWSCloudFormation/latest/UserGuide/aws-resource-appstream-user.html#cfn-appstream-user-messageaction",
          "PrimitiveType": "String",
          "UpdateType": "Immutable"
        },
        "LastName": {
          "Required": false,
          "Documentation": "http://docs.aws.amazon.com/AWSCloudFormation/latest/UserGuide/aws-resource-appstream-user.html#cfn-appstream-user-lastname",
          "PrimitiveType": "String",
          "UpdateType": "Immutable"
        },
        "AuthenticationType": {
          "Required": true,
          "Documentation": "http://docs.aws.amazon.com/AWSCloudFormation/latest/UserGuide/aws-resource-appstream-user.html#cfn-appstream-user-authenticationtype",
          "PrimitiveType": "String",
          "UpdateType": "Immutable"
        }
      }
    }
  },
  "ResourceSpecificationVersion": "3.0.0"
}