{
  "PropertyTypes": {
    "AWS::AppSync::DataSource.RelationalDatabaseConfig": {
      "Documentation": "http://docs.aws.amazon.com/AWSCloudFormation/latest/UserGuide/aws-properties-appsync-datasource-relationaldatabaseconfig.html",
      "Properties": {
        "RdsHttpEndpointConfig": {
          "Type": "RdsHttpEndpointConfig",
          "Required": false,
          "Documentation": "http://docs.aws.amazon.com/AWSCloudFormation/latest/UserGuide/aws-properties-appsync-datasource-relationaldatabaseconfig.html#cfn-appsync-datasource-relationaldatabaseconfig-rdshttpendpointconfig",
          "UpdateType": "Mutable"
        },
        "RelationalDatabaseSourceType": {
          "Required": true,
          "Documentation": "http://docs.aws.amazon.com/AWSCloudFormation/latest/UserGuide/aws-properties-appsync-datasource-relationaldatabaseconfig.html#cfn-appsync-datasource-relationaldatabaseconfig-relationaldatabasesourcetype",
          "PrimitiveType": "String",
          "UpdateType": "Mutable"
        }
      }
    },
    "AWS::AppSync::DataSource.AwsIamConfig": {
      "Documentation": "http://docs.aws.amazon.com/AWSCloudFormation/latest/UserGuide/aws-properties-appsync-datasource-awsiamconfig.html",
      "Properties": {
        "SigningRegion": {
          "Required": false,
          "Documentation": "http://docs.aws.amazon.com/AWSCloudFormation/latest/UserGuide/aws-properties-appsync-datasource-awsiamconfig.html#cfn-appsync-datasource-awsiamconfig-signingregion",
          "PrimitiveType": "String",
          "UpdateType": "Mutable"
        },
        "SigningServiceName": {
          "Required": false,
          "Documentation": "http://docs.aws.amazon.com/AWSCloudFormation/latest/UserGuide/aws-properties-appsync-datasource-awsiamconfig.html#cfn-appsync-datasource-awsiamconfig-signingservicename",
          "PrimitiveType": "String",
          "UpdateType": "Mutable"
        }
      }
    },
    "AWS::AppSync::DataSource.ElasticsearchConfig": {
      "Documentation": "http://docs.aws.amazon.com/AWSCloudFormation/latest/UserGuide/aws-properties-appsync-datasource-elasticsearchconfig.html",
      "Properties": {
        "AwsRegion": {
          "Required": true,
          "Documentation": "http://docs.aws.amazon.com/AWSCloudFormation/latest/UserGuide/aws-properties-appsync-datasource-elasticsearchconfig.html#cfn-appsync-datasource-elasticsearchconfig-awsregion",
          "PrimitiveType": "String",
          "UpdateType": "Mutable"
        },
        "Endpoint": {
          "Required": true,
          "Documentation": "http://docs.aws.amazon.com/AWSCloudFormation/latest/UserGuide/aws-properties-appsync-datasource-elasticsearchconfig.html#cfn-appsync-datasource-elasticsearchconfig-endpoint",
          "PrimitiveType": "String",
          "UpdateType": "Mutable"
        }
      }
    },
    "AWS::AppSync::DataSource.HttpConfig": {
      "Documentation": "http://docs.aws.amazon.com/AWSCloudFormation/latest/UserGuide/aws-properties-appsync-datasource-httpconfig.html",
      "Properties": {
        "Endpoint": {
          "Required": true,
          "Documentation": "http://docs.aws.amazon.com/AWSCloudFormation/latest/UserGuide/aws-properties-appsync-datasource-httpconfig.html#cfn-appsync-datasource-httpconfig-endpoint",
          "PrimitiveType": "String",
          "UpdateType": "Mutable"
        },
        "AuthorizationConfig": {
          "Type": "AuthorizationConfig",
          "Required": false,
          "Documentation": "http://docs.aws.amazon.com/AWSCloudFormation/latest/UserGuide/aws-properties-appsync-datasource-httpconfig.html#cfn-appsync-datasource-httpconfig-authorizationconfig",
          "UpdateType": "Mutable"
        }
      }
    },
    "AWS::AppSync::DataSource.DynamoDBConfig": {
      "Documentation": "http://docs.aws.amazon.com/AWSCloudFormation/latest/UserGuide/aws-properties-appsync-datasource-dynamodbconfig.html",
      "Properties": {
        "TableName": {
          "Required": true,
          "Documentation": "http://docs.aws.amazon.com/AWSCloudFormation/latest/UserGuide/aws-properties-appsync-datasource-dynamodbconfig.html#cfn-appsync-datasource-dynamodbconfig-tablename",
          "PrimitiveType": "String",
          "UpdateType": "Mutable"
        },
        "AwsRegion": {
          "Required": true,
          "Documentation": "http://docs.aws.amazon.com/AWSCloudFormation/latest/UserGuide/aws-properties-appsync-datasource-dynamodbconfig.html#cfn-appsync-datasource-dynamodbconfig-awsregion",
          "PrimitiveType": "String",
          "UpdateType": "Mutable"
        },
        "UseCallerCredentials": {
          "Required": false,
          "Documentation": "http://docs.aws.amazon.com/AWSCloudFormation/latest/UserGuide/aws-properties-appsync-datasource-dynamodbconfig.html#cfn-appsync-datasource-dynamodbconfig-usecallercredentials",
          "PrimitiveType": "Boolean",
          "UpdateType": "Mutable"
        }
      }
    },
    "AWS::AppSync::DataSource.RdsHttpEndpointConfig": {
      "Documentation": "http://docs.aws.amazon.com/AWSCloudFormation/latest/UserGuide/aws-properties-appsync-datasource-rdshttpendpointconfig.html",
      "Properties": {
        "AwsRegion": {
          "Required": true,
          "Documentation": "http://docs.aws.amazon.com/AWSCloudFormation/latest/UserGuide/aws-properties-appsync-datasource-rdshttpendpointconfig.html#cfn-appsync-datasource-rdshttpendpointconfig-awsregion",
          "PrimitiveType": "String",
          "UpdateType": "Mutable"
        },
        "Schema": {
          "Required": false,
          "Documentation": "http://docs.aws.amazon.com/AWSCloudFormation/latest/UserGuide/aws-properties-appsync-datasource-rdshttpendpointconfig.html#cfn-appsync-datasource-rdshttpendpointconfig-schema",
          "PrimitiveType": "String",
          "UpdateType": "Mutable"
        },
        "DatabaseName": {
          "Required": false,
          "Documentation": "http://docs.aws.amazon.com/AWSCloudFormation/latest/UserGuide/aws-properties-appsync-datasource-rdshttpendpointconfig.html#cfn-appsync-datasource-rdshttpendpointconfig-databasename",
          "PrimitiveType": "String",
          "UpdateType": "Mutable"
        },
        "DbClusterIdentifier": {
          "Required": true,
          "Documentation": "http://docs.aws.amazon.com/AWSCloudFormation/latest/UserGuide/aws-properties-appsync-datasource-rdshttpendpointconfig.html#cfn-appsync-datasource-rdshttpendpointconfig-dbclusteridentifier",
          "PrimitiveType": "String",
          "UpdateType": "Mutable"
        },
        "AwsSecretStoreArn": {
          "Required": true,
          "Documentation": "http://docs.aws.amazon.com/AWSCloudFormation/latest/UserGuide/aws-properties-appsync-datasource-rdshttpendpointconfig.html#cfn-appsync-datasource-rdshttpendpointconfig-awssecretstorearn",
          "PrimitiveType": "String",
          "UpdateType": "Mutable"
        }
      }
    },
    "AWS::AppSync::DataSource.AuthorizationConfig": {
      "Documentation": "http://docs.aws.amazon.com/AWSCloudFormation/latest/UserGuide/aws-properties-appsync-datasource-authorizationconfig.html",
      "Properties": {
        "AwsIamConfig": {
          "Type": "AwsIamConfig",
          "Required": false,
          "Documentation": "http://docs.aws.amazon.com/AWSCloudFormation/latest/UserGuide/aws-properties-appsync-datasource-authorizationconfig.html#cfn-appsync-datasource-authorizationconfig-awsiamconfig",
          "UpdateType": "Mutable"
        },
        "AuthorizationType": {
          "Required": true,
          "Documentation": "http://docs.aws.amazon.com/AWSCloudFormation/latest/UserGuide/aws-properties-appsync-datasource-authorizationconfig.html#cfn-appsync-datasource-authorizationconfig-authorizationtype",
          "PrimitiveType": "String",
          "UpdateType": "Mutable"
        }
      }
    },
    "AWS::AppSync::DataSource.LambdaConfig": {
      "Documentation": "http://docs.aws.amazon.com/AWSCloudFormation/latest/UserGuide/aws-properties-appsync-datasource-lambdaconfig.html",
      "Properties": {
        "LambdaFunctionArn": {
          "Required": true,
          "Documentation": "http://docs.aws.amazon.com/AWSCloudFormation/latest/UserGuide/aws-properties-appsync-datasource-lambdaconfig.html#cfn-appsync-datasource-lambdaconfig-lambdafunctionarn",
          "PrimitiveType": "String",
          "UpdateType": "Mutable"
        }
      }
    }
  },
  "ResourceType": {
    "AWS::AppSync::DataSource": {
      "Documentation": "http://docs.aws.amazon.com/AWSCloudFormation/latest/UserGuide/aws-resource-appsync-datasource.html",
      "Attributes": {
        "DataSourceArn": {
          "PrimitiveType": "String"
        },
        "Name": {
          "PrimitiveType": "String"
        }
      },
      "Properties": {
        "Type": {
          "Required": true,
          "Documentation": "http://docs.aws.amazon.com/AWSCloudFormation/latest/UserGuide/aws-resource-appsync-datasource.html#cfn-appsync-datasource-type",
          "PrimitiveType": "String",
          "UpdateType": "Mutable"
        },
        "Description": {
          "Required": false,
          "Documentation": "http://docs.aws.amazon.com/AWSCloudFormation/latest/UserGuide/aws-resource-appsync-datasource.html#cfn-appsync-datasource-description",
          "PrimitiveType": "String",
          "UpdateType": "Mutable"
        },
        "ServiceRoleArn": {
          "Required": false,
          "Documentation": "http://docs.aws.amazon.com/AWSCloudFormation/latest/UserGuide/aws-resource-appsync-datasource.html#cfn-appsync-datasource-servicerolearn",
          "PrimitiveType": "String",
          "UpdateType": "Mutable"
        },
        "HttpConfig": {
          "Type": "HttpConfig",
          "Required": false,
          "Documentation": "http://docs.aws.amazon.com/AWSCloudFormation/latest/UserGuide/aws-resource-appsync-datasource.html#cfn-appsync-datasource-httpconfig",
          "UpdateType": "Mutable"
        },
        "RelationalDatabaseConfig": {
          "Type": "RelationalDatabaseConfig",
          "Required": false,
          "Documentation": "http://docs.aws.amazon.com/AWSCloudFormation/latest/UserGuide/aws-resource-appsync-datasource.html#cfn-appsync-datasource-relationaldatabaseconfig",
          "UpdateType": "Mutable"
        },
        "LambdaConfig": {
          "Type": "LambdaConfig",
          "Required": false,
          "Documentation": "http://docs.aws.amazon.com/AWSCloudFormation/latest/UserGuide/aws-resource-appsync-datasource.html#cfn-appsync-datasource-lambdaconfig",
          "UpdateType": "Mutable"
        },
        "ApiId": {
          "Required": true,
          "Documentation": "http://docs.aws.amazon.com/AWSCloudFormation/latest/UserGuide/aws-resource-appsync-datasource.html#cfn-appsync-datasource-apiid",
          "PrimitiveType": "String",
          "UpdateType": "Immutable"
        },
        "Name": {
          "Required": true,
          "Documentation": "http://docs.aws.amazon.com/AWSCloudFormation/latest/UserGuide/aws-resource-appsync-datasource.html#cfn-appsync-datasource-name",
          "PrimitiveType": "String",
          "UpdateType": "Immutable"
        },
        "DynamoDBConfig": {
          "Type": "DynamoDBConfig",
          "Required": false,
          "Documentation": "http://docs.aws.amazon.com/AWSCloudFormation/latest/UserGuide/aws-resource-appsync-datasource.html#cfn-appsync-datasource-dynamodbconfig",
          "UpdateType": "Mutable"
        },
        "ElasticsearchConfig": {
          "Type": "ElasticsearchConfig",
          "Required": false,
          "Documentation": "http://docs.aws.amazon.com/AWSCloudFormation/latest/UserGuide/aws-resource-appsync-datasource.html#cfn-appsync-datasource-elasticsearchconfig",
          "UpdateType": "Mutable"
        }
      }
    }
  },
  "ResourceSpecificationVersion": "3.0.0"
}