{
  "PropertyTypes": {
    "AWS::AppStream::Fleet.ComputeCapacity": {
      "Documentation": "http://docs.aws.amazon.com/AWSCloudFormation/latest/UserGuide/aws-properties-appstream-fleet-computecapacity.html",
      "Properties": {
        "DesiredInstances": {
          "Required": true,
          "Documentation": "http://docs.aws.amazon.com/AWSCloudFormation/latest/UserGuide/aws-properties-appstream-fleet-computecapacity.html#cfn-appstream-fleet-computecapacity-desiredinstances",
          "PrimitiveType": "Integer",
          "UpdateType": "Mutable"
        }
      }
    },
    "AWS::AppStream::Fleet.DomainJoinInfo": {
      "Documentation": "http://docs.aws.amazon.com/AWSCloudFormation/latest/UserGuide/aws-properties-appstream-fleet-domainjoininfo.html",
      "Properties": {
        "OrganizationalUnitDistinguishedName": {
          "Required": false,
          "Documentation": "http://docs.aws.amazon.com/AWSCloudFormation/latest/UserGuide/aws-properties-appstream-fleet-domainjoininfo.html#cfn-appstream-fleet-domainjoininfo-organizationalunitdistinguishedname",
          "PrimitiveType": "String",
          "UpdateType": "Mutable"
        },
        "DirectoryName": {
          "Required": false,
          "Documentation": "http://docs.aws.amazon.com/AWSCloudFormation/latest/UserGuide/aws-properties-appstream-fleet-domainjoininfo.html#cfn-appstream-fleet-domainjoininfo-directoryname",
          "PrimitiveType": "String",
          "UpdateType": "Mutable"
        }
      }
    },
    "Tag": {
      "Documentation": "http://docs.aws.amazon.com/AWSCloudFormation/latest/UserGuide/aws-properties-appstream-fleet-tag.html",
      "Properties": {
        "Value": {
          "Required": false,
          "Documentation": "http://docs.aws.amazon.com/AWSCloudFormation/latest/UserGuide/aws-properties-appstream-fleet-tag.html#cfn-appstream-fleet-tag-value",
          "PrimitiveType": "String",
          "UpdateType": "Mutable"
        },
        "Key": {
          "Required": true,
          "Documentation": "http://docs.aws.amazon.com/AWSCloudFormation/latest/UserGuide/aws-properties-appstream-fleet-tag.html#cfn-appstream-fleet-tag-key",
          "PrimitiveType": "String",
          "UpdateType": "Mutable"
        }
      }
    },
    "AWS::AppStream::Fleet.VpcConfig": {
      "Documentation": "http://docs.aws.amazon.com/AWSCloudFormation/latest/UserGuide/aws-properties-appstream-fleet-vpcconfig.html",
      "Properties": {
        "SubnetIds": {
          "PrimitiveItemType": "String",
          "Type": "List",
          "Required": false,
          "Documentation": "http://docs.aws.amazon.com/AWSCloudFormation/latest/UserGuide/aws-properties-appstream-fleet-vpcconfig.html#cfn-appstream-fleet-vpcconfig-subnetids",
          "UpdateType": "Mutable"
        },
        "SecurityGroupIds": {
          "PrimitiveItemType": "String",
          "Type": "List",
          "Required": false,
          "Documentation": "http://docs.aws.amazon.com/AWSCloudFormation/latest/UserGuide/aws-properties-appstream-fleet-vpcconfig.html#cfn-appstream-fleet-vpcconfig-securitygroupids",
          "UpdateType": "Mutable"
        }
      }
    }
  },
  "ResourceType": {
    "AWS::AppStream::Fleet": {
      "Documentation": "http://docs.aws.amazon.com/AWSCloudFormation/latest/UserGuide/aws-resource-appstream-fleet.html",
      "Properties": {
        "Description": {
          "Required": false,
          "Documentation": "http://docs.aws.amazon.com/AWSCloudFormation/latest/UserGuide/aws-resource-appstream-fleet.html#cfn-appstream-fleet-description",
          "PrimitiveType": "String",
          "UpdateType": "Mutable"
        },
        "ComputeCapacity": {
          "Type": "ComputeCapacity",
          "Required": true,
          "Documentation": "http://docs.aws.amazon.com/AWSCloudFormation/latest/UserGuide/aws-resource-appstream-fleet.html#cfn-appstream-fleet-computecapacity",
          "UpdateType": "Mutable"
        },
        "VpcConfig": {
          "Type": "VpcConfig",
          "Required": false,
          "Documentation": "http://docs.aws.amazon.com/AWSCloudFormation/latest/UserGuide/aws-resource-appstream-fleet.html#cfn-appstream-fleet-vpcconfig",
          "UpdateType": "Mutable"
        },
        "FleetType": {
          "Required": false,
          "Documentation": "http://docs.aws.amazon.com/AWSCloudFormation/latest/UserGuide/aws-resource-appstream-fleet.html#cfn-appstream-fleet-fleettype",
          "PrimitiveType": "String",
          "UpdateType": "Immutable"
        },
        "EnableDefaultInternetAccess": {
          "Required": false,
          "Documentation": "http://docs.aws.amazon.com/AWSCloudFormation/latest/UserGuide/aws-resource-appstream-fleet.html#cfn-appstream-fleet-enabledefaultinternetaccess",
          "PrimitiveType": "Boolean",
          "UpdateType": "Mutable"
        },
        "DomainJoinInfo": {
          "Type": "DomainJoinInfo",
          "Required": false,
          "Documentation": "http://docs.aws.amazon.com/AWSCloudFormation/latest/UserGuide/aws-resource-appstream-fleet.html#cfn-appstream-fleet-domainjoininfo",
          "UpdateType": "Mutable"
        },
        "Name": {
          "Required": false,
          "Documentation": "http://docs.aws.amazon.com/AWSCloudFormation/latest/UserGuide/aws-resource-appstream-fleet.html#cfn-appstream-fleet-name",
          "PrimitiveType": "String",
          "UpdateType": "Immutable"
        },
        "ImageName": {
          "Required": false,
          "Documentation": "http://docs.aws.amazon.com/AWSCloudFormation/latest/UserGuide/aws-resource-appstream-fleet.html#cfn-appstream-fleet-imagename",
          "PrimitiveType": "String",
          "UpdateType": "Mutable"
        },
        "MaxUserDurationInSeconds": {
          "Required": false,
          "Documentation": "http://docs.aws.amazon.com/AWSCloudFormation/latest/UserGuide/aws-resource-appstream-fleet.html#cfn-appstream-fleet-maxuserdurationinseconds",
          "PrimitiveType": "Integer",
          "UpdateType": "Mutable"
        },
        "DisconnectTimeoutInSeconds": {
          "Required": false,
          "Documentation": "http://docs.aws.amazon.com/AWSCloudFormation/latest/UserGuide/aws-resource-appstream-fleet.html#cfn-appstream-fleet-disconnecttimeoutinseconds",
          "PrimitiveType": "Integer",
          "UpdateType": "Mutable"
        },
        "DisplayName": {
          "Required": false,
          "Documentation": "http://docs.aws.amazon.com/AWSCloudFormation/latest/UserGuide/aws-resource-appstream-fleet.html#cfn-appstream-fleet-displayname",
          "PrimitiveType": "String",
          "UpdateType": "Mutable"
        },
        "InstanceType": {
          "Required": true,
          "Documentation": "http://docs.aws.amazon.com/AWSCloudFormation/latest/UserGuide/aws-resource-appstream-fleet.html#cfn-appstream-fleet-instancetype",
          "PrimitiveType": "String",
          "UpdateType": "Mutable"
        },
        "Tags": {
          "Type": "List",
          "Required": false,
          "Documentation": "http://docs.aws.amazon.com/AWSCloudFormation/latest/UserGuide/aws-resource-appstream-fleet.html#cfn-appstream-fleet-tags",
          "ItemType": "Tag",
          "UpdateType": "Mutable"
        },
        "ImageArn": {
          "Required": false,
          "Documentation": "http://docs.aws.amazon.com/AWSCloudFormation/latest/UserGuide/aws-resource-appstream-fleet.html#cfn-appstream-fleet-imagearn",
          "PrimitiveType": "String",
          "UpdateType": "Mutable"
        }
      }
    }
  },
  "ResourceSpecificationVersion": "3.0.0"
}