{
  "PropertyTypes": {
    "AWS::AppSync::Resolver.PipelineConfig": {
      "Documentation": "http://docs.aws.amazon.com/AWSCloudFormation/latest/UserGuide/aws-properties-appsync-resolver-pipelineconfig.html",
      "Properties": {
        "Functions": {
          "PrimitiveItemType": "String",
          "Type": "List",
          "Required": false,
          "Documentation": "http://docs.aws.amazon.com/AWSCloudFormation/latest/UserGuide/aws-properties-appsync-resolver-pipelineconfig.html#cfn-appsync-resolver-pipelineconfig-functions",
          "UpdateType": "Mutable"
        }
      }
    }
  },
  "ResourceType": {
    "AWS::AppSync::Resolver": {
      "Documentation": "http://docs.aws.amazon.com/AWSCloudFormation/latest/UserGuide/aws-resource-appsync-resolver.html",
      "Attributes": {
        "TypeName": {
          "PrimitiveType": "String"
        },
        "ResolverArn": {
          "PrimitiveType": "String"
        },
        "FieldName": {
          "PrimitiveType": "String"
        }
      },
      "Properties": {
        "ResponseMappingTemplateS3Location": {
          "Required": false,
          "Documentation": "http://docs.aws.amazon.com/AWSCloudFormation/latest/UserGuide/aws-resource-appsync-resolver.html#cfn-appsync-resolver-responsemappingtemplates3location",
          "PrimitiveType": "String",
          "UpdateType": "Mutable"
        },
        "TypeName": {
          "Required": true,
          "Documentation": "http://docs.aws.amazon.com/AWSCloudFormation/latest/UserGuide/aws-resource-appsync-resolver.html#cfn-appsync-resolver-typename",
          "PrimitiveType": "String",
          "UpdateType": "Immutable"
        },
        "PipelineConfig": {
          "Type": "PipelineConfig",
          "Required": false,
          "Documentation": "http://docs.aws.amazon.com/AWSCloudFormation/latest/UserGuide/aws-resource-appsync-resolver.html#cfn-appsync-resolver-pipelineconfig",
          "UpdateType": "Mutable"
        },
        "DataSourceName": {
          "Required": false,
          "Documentation": "http://docs.aws.amazon.com/AWSCloudFormation/latest/UserGuide/aws-resource-appsync-resolver.html#cfn-appsync-resolver-datasourcename",
          "PrimitiveType": "String",
          "UpdateType": "Mutable"
        },
        "RequestMappingTemplate": {
          "Required": false,
          "Documentation": "http://docs.aws.amazon.com/AWSCloudFormation/latest/UserGuide/aws-resource-appsync-resolver.html#cfn-appsync-resolver-requestmappingtemplate",
          "PrimitiveType": "String",
          "UpdateType": "Mutable"
        },
        "ResponseMappingTemplate": {
          "Required": false,
          "Documentation": "http://docs.aws.amazon.com/AWSCloudFormation/latest/UserGuide/aws-resource-appsync-resolver.html#cfn-appsync-resolver-responsemappingtemplate",
          "PrimitiveType": "String",
          "UpdateType": "Mutable"
        },
        "Kind": {
          "Required": false,
          "Documentation": "http://docs.aws.amazon.com/AWSCloudFormation/latest/UserGuide/aws-resource-appsync-resolver.html#cfn-appsync-resolver-kind",
          "PrimitiveType": "String",
          "UpdateType": "Mutable"
        },
        "RequestMappingTemplateS3Location": {
          "Required": false,
          "Documentation": "http://docs.aws.amazon.com/AWSCloudFormation/latest/UserGuide/aws-resource-appsync-resolver.html#cfn-appsync-resolver-requestmappingtemplates3location",
          "PrimitiveType": "String",
          "UpdateType": "Mutable"
        },
        "ApiId": {
          "Required": true,
          "Documentation": "http://docs.aws.amazon.com/AWSCloudFormation/latest/UserGuide/aws-resource-appsync-resolver.html#cfn-appsync-resolver-apiid",
          "PrimitiveType": "String",
          "UpdateType": "Immutable"
        },
        "FieldName": {
          "Required": true,
          "Documentation": "http://docs.aws.amazon.com/AWSCloudFormation/latest/UserGuide/aws-resource-appsync-resolver.html#cfn-appsync-resolver-fieldname",
          "PrimitiveType": "String",
          "UpdateType": "Immutable"
        }
      }
    }
  },
  "ResourceSpecificationVersion": "3.0.0"
}