{
  "PropertyTypes": {
    "AWS::AppStream::ImageBuilder.DomainJoinInfo": {
      "Documentation": "http://docs.aws.amazon.com/AWSCloudFormation/latest/UserGuide/aws-properties-appstream-imagebuilder-domainjoininfo.html",
      "Properties": {
        "OrganizationalUnitDistinguishedName": {
          "Required": false,
          "Documentation": "http://docs.aws.amazon.com/AWSCloudFormation/latest/UserGuide/aws-properties-appstream-imagebuilder-domainjoininfo.html#cfn-appstream-imagebuilder-domainjoininfo-organizationalunitdistinguishedname",
          "PrimitiveType": "String",
          "UpdateType": "Mutable"
        },
        "DirectoryName": {
          "Required": false,
          "Documentation": "http://docs.aws.amazon.com/AWSCloudFormation/latest/UserGuide/aws-properties-appstream-imagebuilder-domainjoininfo.html#cfn-appstream-imagebuilder-domainjoininfo-directoryname",
          "PrimitiveType": "String",
          "UpdateType": "Mutable"
        }
      }
    },
    "Tag": {
      "Documentation": "http://docs.aws.amazon.com/AWSCloudFormation/latest/UserGuide/aws-properties-appstream-imagebuilder-tag.html",
      "Properties": {
        "Value": {
          "Required": false,
          "Documentation": "http://docs.aws.amazon.com/AWSCloudFormation/latest/UserGuide/aws-properties-appstream-imagebuilder-tag.html#cfn-appstream-imagebuilder-tag-value",
          "PrimitiveType": "String",
          "UpdateType": "Mutable"
        },
        "Key": {
          "Required": true,
          "Documentation": "http://docs.aws.amazon.com/AWSCloudFormation/latest/UserGuide/aws-properties-appstream-imagebuilder-tag.html#cfn-appstream-imagebuilder-tag-key",
          "PrimitiveType": "String",
          "UpdateType": "Mutable"
        }
      }
    },
    "AWS::AppStream::ImageBuilder.VpcConfig": {
      "Documentation": "http://docs.aws.amazon.com/AWSCloudFormation/latest/UserGuide/aws-properties-appstream-imagebuilder-vpcconfig.html",
      "Properties": {
        "SecurityGroupIds": {
          "PrimitiveItemType": "String",
          "Type": "List",
          "Required": false,
          "Documentation": "http://docs.aws.amazon.com/AWSCloudFormation/latest/UserGuide/aws-properties-appstream-imagebuilder-vpcconfig.html#cfn-appstream-imagebuilder-vpcconfig-securitygroupids",
          "UpdateType": "Mutable"
        },
        "SubnetIds": {
          "PrimitiveItemType": "String",
          "Type": "List",
          "Required": false,
          "Documentation": "http://docs.aws.amazon.com/AWSCloudFormation/latest/UserGuide/aws-properties-appstream-imagebuilder-vpcconfig.html#cfn-appstream-imagebuilder-vpcconfig-subnetids",
          "UpdateType": "Mutable"
        }
      }
    }
  },
  "ResourceType": {
    "AWS::AppStream::ImageBuilder": {
      "Documentation": "http://docs.aws.amazon.com/AWSCloudFormation/latest/UserGuide/aws-resource-appstream-imagebuilder.html",
      "Attributes": {
        "StreamingUrl": {
          "PrimitiveType": "String"
        }
      },
      "Properties": {
        "ImageName": {
          "Required": false,
          "Documentation": "http://docs.aws.amazon.com/AWSCloudFormation/latest/UserGuide/aws-resource-appstream-imagebuilder.html#cfn-appstream-imagebuilder-imagename",
          "PrimitiveType": "String",
          "UpdateType": "Mutable"
        },
        "Description": {
          "Required": false,
          "Documentation": "http://docs.aws.amazon.com/AWSCloudFormation/latest/UserGuide/aws-resource-appstream-imagebuilder.html#cfn-appstream-imagebuilder-description",
          "PrimitiveType": "String",
          "UpdateType": "Mutable"
        },
        "VpcConfig": {
          "Type": "VpcConfig",
          "Required": false,
          "Documentation": "http://docs.aws.amazon.com/AWSCloudFormation/latest/UserGuide/aws-resource-appstream-imagebuilder.html#cfn-appstream-imagebuilder-vpcconfig",
          "UpdateType": "Mutable"
        },
        "EnableDefaultInternetAccess": {
          "Required": false,
          "Documentation": "http://docs.aws.amazon.com/AWSCloudFormation/latest/UserGuide/aws-resource-appstream-imagebuilder.html#cfn-appstream-imagebuilder-enabledefaultinternetaccess",
          "PrimitiveType": "Boolean",
          "UpdateType": "Mutable"
        },
        "DisplayName": {
          "Required": false,
          "Documentation": "http://docs.aws.amazon.com/AWSCloudFormation/latest/UserGuide/aws-resource-appstream-imagebuilder.html#cfn-appstream-imagebuilder-displayname",
          "PrimitiveType": "String",
          "UpdateType": "Mutable"
        },
        "DomainJoinInfo": {
          "Type": "DomainJoinInfo",
          "Required": false,
          "Documentation": "http://docs.aws.amazon.com/AWSCloudFormation/latest/UserGuide/aws-resource-appstream-imagebuilder.html#cfn-appstream-imagebuilder-domainjoininfo",
          "UpdateType": "Mutable"
        },
        "AppstreamAgentVersion": {
          "Required": false,
          "Documentation": "http://docs.aws.amazon.com/AWSCloudFormation/latest/UserGuide/aws-resource-appstream-imagebuilder.html#cfn-appstream-imagebuilder-appstreamagentversion",
          "PrimitiveType": "String",
          "UpdateType": "Mutable"
        },
        "InstanceType": {
          "Required": true,
          "Documentation": "http://docs.aws.amazon.com/AWSCloudFormation/latest/UserGuide/aws-resource-appstream-imagebuilder.html#cfn-appstream-imagebuilder-instancetype",
          "PrimitiveType": "String",
          "UpdateType": "Mutable"
        },
        "Tags": {
          "Type": "List",
          "Required": false,
          "Documentation": "http://docs.aws.amazon.com/AWSCloudFormation/latest/UserGuide/aws-resource-appstream-imagebuilder.html#cfn-appstream-imagebuilder-tags",
          "ItemType": "Tag",
          "UpdateType": "Mutable"
        },
        "Name": {
          "Required": false,
          "Documentation": "http://docs.aws.amazon.com/AWSCloudFormation/latest/UserGuide/aws-resource-appstream-imagebuilder.html#cfn-appstream-imagebuilder-name",
          "PrimitiveType": "String",
          "UpdateType": "Mutable"
        },
        "ImageArn": {
          "Required": false,
          "Documentation": "http://docs.aws.amazon.com/AWSCloudFormation/latest/UserGuide/aws-resource-appstream-imagebuilder.html#cfn-appstream-imagebuilder-imagearn",
          "PrimitiveType": "String",
          "UpdateType": "Mutable"
        }
      }
    }
  },
  "ResourceSpecificationVersion": "3.0.0"
}