{
  "ResourceType": {
    "AWS::Athena::NamedQuery": {
      "Documentation": "http://docs.aws.amazon.com/AWSCloudFormation/latest/UserGuide/aws-resource-athena-namedquery.html",
      "Properties": {
        "Description": {
          "Required": false,
          "Documentation": "http://docs.aws.amazon.com/AWSCloudFormation/latest/UserGuide/aws-resource-athena-namedquery.html#cfn-athena-namedquery-description",
          "PrimitiveType": "String",
          "UpdateType": "Immutable"
        },
        "QueryString": {
          "Required": true,
          "Documentation": "http://docs.aws.amazon.com/AWSCloudFormation/latest/UserGuide/aws-resource-athena-namedquery.html#cfn-athena-namedquery-querystring",
          "PrimitiveType": "String",
          "UpdateType": "Immutable"
        },
        "Database": {
          "Required": true,
          "Documentation": "http://docs.aws.amazon.com/AWSCloudFormation/latest/UserGuide/aws-resource-athena-namedquery.html#cfn-athena-namedquery-database",
          "PrimitiveType": "String",
          "UpdateType": "Immutable"
        },
        "Name": {
          "Required": false,
          "Documentation": "http://docs.aws.amazon.com/AWSCloudFormation/latest/UserGuide/aws-resource-athena-namedquery.html#cfn-athena-namedquery-name",
          "PrimitiveType": "String",
          "UpdateType": "Immutable"
        }
      }
    }
  },
  "ResourceSpecificationVersion": "3.0.0"
}