{
  "ResourceType": {
    "AWS::AutoScaling::LifecycleHook": {
      "Documentation": "http://docs.aws.amazon.com/AWSCloudFormation/latest/UserGuide/aws-resource-as-lifecyclehook.html",
      "Properties": {
        "AutoScalingGroupName": {
          "Documentation": "http://docs.aws.amazon.com/AWSCloudFormation/latest/UserGuide/aws-resource-as-lifecyclehook.html#cfn-as-lifecyclehook-autoscalinggroupname",
          "PrimitiveType": "String",
          "Required": true,
          "UpdateType": "Immutable"
        },
        "DefaultResult": {
          "Documentation": "http://docs.aws.amazon.com/AWSCloudFormation/latest/UserGuide/aws-resource-as-lifecyclehook.html#cfn-as-lifecyclehook-defaultresult",
          "PrimitiveType": "String",
          "Required": false,
          "UpdateType": "Mutable"
        },
        "HeartbeatTimeout": {
          "Documentation": "http://docs.aws.amazon.com/AWSCloudFormation/latest/UserGuide/aws-resource-as-lifecyclehook.html#cfn-as-lifecyclehook-heartbeattimeout",
          "PrimitiveType": "Integer",
          "Required": false,
          "UpdateType": "Mutable"
        },
        "LifecycleHookName": {
          "Documentation": "http://docs.aws.amazon.com/AWSCloudFormation/latest/UserGuide/aws-resource-as-lifecyclehook.html#cfn-autoscaling-lifecyclehook-lifecyclehookname",
          "PrimitiveType": "String",
          "Required": false,
          "UpdateType": "Immutable"
        },
        "LifecycleTransition": {
          "Documentation": "http://docs.aws.amazon.com/AWSCloudFormation/latest/UserGuide/aws-resource-as-lifecyclehook.html#cfn-as-lifecyclehook-lifecycletransition",
          "PrimitiveType": "String",
          "Required": true,
          "UpdateType": "Mutable"
        },
        "NotificationMetadata": {
          "Documentation": "http://docs.aws.amazon.com/AWSCloudFormation/latest/UserGuide/aws-resource-as-lifecyclehook.html#cfn-as-lifecyclehook-notificationmetadata",
          "PrimitiveType": "String",
          "Required": false,
          "UpdateType": "Mutable"
        },
        "NotificationTargetARN": {
          "Documentation": "http://docs.aws.amazon.com/AWSCloudFormation/latest/UserGuide/aws-resource-as-lifecyclehook.html#cfn-as-lifecyclehook-notificationtargetarn",
          "PrimitiveType": "String",
          "Required": false,
          "UpdateType": "Mutable"
        },
        "RoleARN": {
          "Documentation": "http://docs.aws.amazon.com/AWSCloudFormation/latest/UserGuide/aws-resource-as-lifecyclehook.html#cfn-as-lifecyclehook-rolearn",
          "PrimitiveType": "String",
          "Required": false,
          "UpdateType": "Mutable"
        }
      }
    }
  },
  "ResourceSpecificationVersion": "3.0.0"
}