{
  "ResourceType": {
    "AWS::AutoScaling::ScheduledAction": {
      "Documentation": "http://docs.aws.amazon.com/AWSCloudFormation/latest/UserGuide/aws-resource-as-scheduledaction.html",
      "Properties": {
        "AutoScalingGroupName": {
          "Documentation": "http://docs.aws.amazon.com/AWSCloudFormation/latest/UserGuide/aws-resource-as-scheduledaction.html#cfn-as-scheduledaction-asgname",
          "PrimitiveType": "String",
          "Required": true,
          "UpdateType": "Immutable"
        },
        "DesiredCapacity": {
          "Documentation": "http://docs.aws.amazon.com/AWSCloudFormation/latest/UserGuide/aws-resource-as-scheduledaction.html#cfn-as-scheduledaction-desiredcapacity",
          "PrimitiveType": "Integer",
          "Required": false,
          "UpdateType": "Mutable"
        },
        "EndTime": {
          "Documentation": "http://docs.aws.amazon.com/AWSCloudFormation/latest/UserGuide/aws-resource-as-scheduledaction.html#cfn-as-scheduledaction-endtime",
          "PrimitiveType": "String",
          "Required": false,
          "UpdateType": "Mutable"
        },
        "MaxSize": {
          "Documentation": "http://docs.aws.amazon.com/AWSCloudFormation/latest/UserGuide/aws-resource-as-scheduledaction.html#cfn-as-scheduledaction-maxsize",
          "PrimitiveType": "Integer",
          "Required": false,
          "UpdateType": "Mutable"
        },
        "MinSize": {
          "Documentation": "http://docs.aws.amazon.com/AWSCloudFormation/latest/UserGuide/aws-resource-as-scheduledaction.html#cfn-as-scheduledaction-minsize",
          "PrimitiveType": "Integer",
          "Required": false,
          "UpdateType": "Mutable"
        },
        "Recurrence": {
          "Documentation": "http://docs.aws.amazon.com/AWSCloudFormation/latest/UserGuide/aws-resource-as-scheduledaction.html#cfn-as-scheduledaction-recurrence",
          "PrimitiveType": "String",
          "Required": false,
          "UpdateType": "Mutable"
        },
        "StartTime": {
          "Documentation": "http://docs.aws.amazon.com/AWSCloudFormation/latest/UserGuide/aws-resource-as-scheduledaction.html#cfn-as-scheduledaction-starttime",
          "PrimitiveType": "String",
          "Required": false,
          "UpdateType": "Mutable"
        }
      }
    }
  },
  "ResourceSpecificationVersion": "3.0.0"
}