{
  "PropertyTypes": {
    "AWS::AutoScaling::ScalingPolicy.CustomizedMetricSpecification": {
      "Documentation": "http://docs.aws.amazon.com/AWSCloudFormation/latest/UserGuide/aws-properties-autoscaling-scalingpolicy-customizedmetricspecification.html",
      "Properties": {
        "Dimensions": {
          "Documentation": "http://docs.aws.amazon.com/AWSCloudFormation/latest/UserGuide/aws-properties-autoscaling-scalingpolicy-customizedmetricspecification.html#cfn-autoscaling-scalingpolicy-customizedmetricspecification-dimensions",
          "DuplicatesAllowed": false,
          "ItemType": "MetricDimension",
          "Required": false,
          "Type": "List",
          "UpdateType": "Mutable"
        },
        "MetricName": {
          "Documentation": "http://docs.aws.amazon.com/AWSCloudFormation/latest/UserGuide/aws-properties-autoscaling-scalingpolicy-customizedmetricspecification.html#cfn-autoscaling-scalingpolicy-customizedmetricspecification-metricname",
          "PrimitiveType": "String",
          "Required": true,
          "UpdateType": "Mutable"
        },
        "Namespace": {
          "Documentation": "http://docs.aws.amazon.com/AWSCloudFormation/latest/UserGuide/aws-properties-autoscaling-scalingpolicy-customizedmetricspecification.html#cfn-autoscaling-scalingpolicy-customizedmetricspecification-namespace",
          "PrimitiveType": "String",
          "Required": true,
          "UpdateType": "Mutable"
        },
        "Statistic": {
          "Documentation": "http://docs.aws.amazon.com/AWSCloudFormation/latest/UserGuide/aws-properties-autoscaling-scalingpolicy-customizedmetricspecification.html#cfn-autoscaling-scalingpolicy-customizedmetricspecification-statistic",
          "PrimitiveType": "String",
          "Required": true,
          "UpdateType": "Mutable"
        },
        "Unit": {
          "Documentation": "http://docs.aws.amazon.com/AWSCloudFormation/latest/UserGuide/aws-properties-autoscaling-scalingpolicy-customizedmetricspecification.html#cfn-autoscaling-scalingpolicy-customizedmetricspecification-unit",
          "PrimitiveType": "String",
          "Required": false,
          "UpdateType": "Mutable"
        }
      }
    },
    "AWS::AutoScaling::ScalingPolicy.MetricDimension": {
      "Documentation": "http://docs.aws.amazon.com/AWSCloudFormation/latest/UserGuide/aws-properties-autoscaling-scalingpolicy-metricdimension.html",
      "Properties": {
        "Name": {
          "Documentation": "http://docs.aws.amazon.com/AWSCloudFormation/latest/UserGuide/aws-properties-autoscaling-scalingpolicy-metricdimension.html#cfn-autoscaling-scalingpolicy-metricdimension-name",
          "PrimitiveType": "String",
          "Required": true,
          "UpdateType": "Mutable"
        },
        "Value": {
          "Documentation": "http://docs.aws.amazon.com/AWSCloudFormation/latest/UserGuide/aws-properties-autoscaling-scalingpolicy-metricdimension.html#cfn-autoscaling-scalingpolicy-metricdimension-value",
          "PrimitiveType": "String",
          "Required": true,
          "UpdateType": "Mutable"
        }
      }
    },
    "AWS::AutoScaling::ScalingPolicy.PredefinedMetricSpecification": {
      "Documentation": "http://docs.aws.amazon.com/AWSCloudFormation/latest/UserGuide/aws-properties-autoscaling-scalingpolicy-predefinedmetricspecification.html",
      "Properties": {
        "PredefinedMetricType": {
          "Documentation": "http://docs.aws.amazon.com/AWSCloudFormation/latest/UserGuide/aws-properties-autoscaling-scalingpolicy-predefinedmetricspecification.html#cfn-autoscaling-scalingpolicy-predefinedmetricspecification-predefinedmetrictype",
          "PrimitiveType": "String",
          "Required": true,
          "UpdateType": "Mutable"
        },
        "ResourceLabel": {
          "Documentation": "http://docs.aws.amazon.com/AWSCloudFormation/latest/UserGuide/aws-properties-autoscaling-scalingpolicy-predefinedmetricspecification.html#cfn-autoscaling-scalingpolicy-predefinedmetricspecification-resourcelabel",
          "PrimitiveType": "String",
          "Required": false,
          "UpdateType": "Mutable"
        }
      }
    },
    "AWS::AutoScaling::ScalingPolicy.StepAdjustment": {
      "Documentation": "http://docs.aws.amazon.com/AWSCloudFormation/latest/UserGuide/aws-properties-autoscaling-scalingpolicy-stepadjustments.html",
      "Properties": {
        "MetricIntervalLowerBound": {
          "Documentation": "http://docs.aws.amazon.com/AWSCloudFormation/latest/UserGuide/aws-properties-autoscaling-scalingpolicy-stepadjustments.html#cfn-autoscaling-scalingpolicy-stepadjustment-metricintervallowerbound",
          "PrimitiveType": "Double",
          "Required": false,
          "UpdateType": "Mutable"
        },
        "MetricIntervalUpperBound": {
          "Documentation": "http://docs.aws.amazon.com/AWSCloudFormation/latest/UserGuide/aws-properties-autoscaling-scalingpolicy-stepadjustments.html#cfn-autoscaling-scalingpolicy-stepadjustment-metricintervalupperbound",
          "PrimitiveType": "Double",
          "Required": false,
          "UpdateType": "Mutable"
        },
        "ScalingAdjustment": {
          "Documentation": "http://docs.aws.amazon.com/AWSCloudFormation/latest/UserGuide/aws-properties-autoscaling-scalingpolicy-stepadjustments.html#cfn-autoscaling-scalingpolicy-stepadjustment-scalingadjustment",
          "PrimitiveType": "Integer",
          "Required": true,
          "UpdateType": "Mutable"
        }
      }
    },
    "AWS::AutoScaling::ScalingPolicy.TargetTrackingConfiguration": {
      "Documentation": "http://docs.aws.amazon.com/AWSCloudFormation/latest/UserGuide/aws-properties-autoscaling-scalingpolicy-targettrackingconfiguration.html",
      "Properties": {
        "CustomizedMetricSpecification": {
          "Documentation": "http://docs.aws.amazon.com/AWSCloudFormation/latest/UserGuide/aws-properties-autoscaling-scalingpolicy-targettrackingconfiguration.html#cfn-autoscaling-scalingpolicy-targettrackingconfiguration-customizedmetricspecification",
          "Required": false,
          "Type": "CustomizedMetricSpecification",
          "UpdateType": "Mutable"
        },
        "DisableScaleIn": {
          "Documentation": "http://docs.aws.amazon.com/AWSCloudFormation/latest/UserGuide/aws-properties-autoscaling-scalingpolicy-targettrackingconfiguration.html#cfn-autoscaling-scalingpolicy-targettrackingconfiguration-disablescalein",
          "PrimitiveType": "Boolean",
          "Required": false,
          "UpdateType": "Mutable"
        },
        "PredefinedMetricSpecification": {
          "Documentation": "http://docs.aws.amazon.com/AWSCloudFormation/latest/UserGuide/aws-properties-autoscaling-scalingpolicy-targettrackingconfiguration.html#cfn-autoscaling-scalingpolicy-targettrackingconfiguration-predefinedmetricspecification",
          "Required": false,
          "Type": "PredefinedMetricSpecification",
          "UpdateType": "Mutable"
        },
        "TargetValue": {
          "Documentation": "http://docs.aws.amazon.com/AWSCloudFormation/latest/UserGuide/aws-properties-autoscaling-scalingpolicy-targettrackingconfiguration.html#cfn-autoscaling-scalingpolicy-targettrackingconfiguration-targetvalue",
          "PrimitiveType": "Double",
          "Required": true,
          "UpdateType": "Mutable"
        }
      }
    }
  },
  "ResourceType": {
    "AWS::AutoScaling::ScalingPolicy": {
      "Documentation": "http://docs.aws.amazon.com/AWSCloudFormation/latest/UserGuide/aws-properties-as-policy.html",
      "Properties": {
        "AdjustmentType": {
          "Documentation": "http://docs.aws.amazon.com/AWSCloudFormation/latest/UserGuide/aws-properties-as-policy.html#cfn-as-scalingpolicy-adjustmenttype",
          "PrimitiveType": "String",
          "Required": false,
          "UpdateType": "Mutable"
        },
        "AutoScalingGroupName": {
          "Documentation": "http://docs.aws.amazon.com/AWSCloudFormation/latest/UserGuide/aws-properties-as-policy.html#cfn-as-scalingpolicy-autoscalinggroupname",
          "PrimitiveType": "String",
          "Required": true,
          "UpdateType": "Mutable"
        },
        "Cooldown": {
          "Documentation": "http://docs.aws.amazon.com/AWSCloudFormation/latest/UserGuide/aws-properties-as-policy.html#cfn-as-scalingpolicy-cooldown",
          "PrimitiveType": "String",
          "Required": false,
          "UpdateType": "Mutable"
        },
        "EstimatedInstanceWarmup": {
          "Documentation": "http://docs.aws.amazon.com/AWSCloudFormation/latest/UserGuide/aws-properties-as-policy.html#cfn-as-scalingpolicy-estimatedinstancewarmup",
          "PrimitiveType": "Integer",
          "Required": false,
          "UpdateType": "Mutable"
        },
        "MetricAggregationType": {
          "Documentation": "http://docs.aws.amazon.com/AWSCloudFormation/latest/UserGuide/aws-properties-as-policy.html#cfn-as-scalingpolicy-metricaggregationtype",
          "PrimitiveType": "String",
          "Required": false,
          "UpdateType": "Mutable"
        },
        "MinAdjustmentMagnitude": {
          "Documentation": "http://docs.aws.amazon.com/AWSCloudFormation/latest/UserGuide/aws-properties-as-policy.html#cfn-as-scalingpolicy-minadjustmentmagnitude",
          "PrimitiveType": "Integer",
          "Required": false,
          "UpdateType": "Mutable"
        },
        "PolicyType": {
          "Documentation": "http://docs.aws.amazon.com/AWSCloudFormation/latest/UserGuide/aws-properties-as-policy.html#cfn-as-scalingpolicy-policytype",
          "PrimitiveType": "String",
          "Required": false,
          "UpdateType": "Mutable"
        },
        "ScalingAdjustment": {
          "Documentation": "http://docs.aws.amazon.com/AWSCloudFormation/latest/UserGuide/aws-properties-as-policy.html#cfn-as-scalingpolicy-scalingadjustment",
          "PrimitiveType": "Integer",
          "Required": false,
          "UpdateType": "Mutable"
        },
        "StepAdjustments": {
          "Documentation": "http://docs.aws.amazon.com/AWSCloudFormation/latest/UserGuide/aws-properties-as-policy.html#cfn-as-scalingpolicy-stepadjustments",
          "DuplicatesAllowed": false,
          "ItemType": "StepAdjustment",
          "Required": false,
          "Type": "List",
          "UpdateType": "Mutable"
        },
        "TargetTrackingConfiguration": {
          "Documentation": "http://docs.aws.amazon.com/AWSCloudFormation/latest/UserGuide/aws-properties-as-policy.html#cfn-autoscaling-scalingpolicy-targettrackingconfiguration",
          "Required": false,
          "Type": "TargetTrackingConfiguration",
          "UpdateType": "Mutable"
        }
      }
    }
  },
  "ResourceSpecificationVersion": "3.0.0"
}