{
  "PropertyTypes": {
    "AWS::Batch::JobDefinition.ContainerProperties": {
      "Documentation": "http://docs.aws.amazon.com/AWSCloudFormation/latest/UserGuide/aws-properties-batch-jobdefinition-containerproperties.html",
      "Properties": {
        "User": {
          "Required": false,
          "Documentation": "http://docs.aws.amazon.com/AWSCloudFormation/latest/UserGuide/aws-properties-batch-jobdefinition-containerproperties.html#cfn-batch-jobdefinition-containerproperties-user",
          "PrimitiveType": "String",
          "UpdateType": "Mutable"
        },
        "Memory": {
          "Required": true,
          "Documentation": "http://docs.aws.amazon.com/AWSCloudFormation/latest/UserGuide/aws-properties-batch-jobdefinition-containerproperties.html#cfn-batch-jobdefinition-containerproperties-memory",
          "PrimitiveType": "Integer",
          "UpdateType": "Mutable"
        },
        "Privileged": {
          "Required": false,
          "Documentation": "http://docs.aws.amazon.com/AWSCloudFormation/latest/UserGuide/aws-properties-batch-jobdefinition-containerproperties.html#cfn-batch-jobdefinition-containerproperties-privileged",
          "PrimitiveType": "Boolean",
          "UpdateType": "Mutable"
        },
        "JobRoleArn": {
          "Required": false,
          "Documentation": "http://docs.aws.amazon.com/AWSCloudFormation/latest/UserGuide/aws-properties-batch-jobdefinition-containerproperties.html#cfn-batch-jobdefinition-containerproperties-jobrolearn",
          "PrimitiveType": "String",
          "UpdateType": "Mutable"
        },
        "ReadonlyRootFilesystem": {
          "Required": false,
          "Documentation": "http://docs.aws.amazon.com/AWSCloudFormation/latest/UserGuide/aws-properties-batch-jobdefinition-containerproperties.html#cfn-batch-jobdefinition-containerproperties-readonlyrootfilesystem",
          "PrimitiveType": "Boolean",
          "UpdateType": "Mutable"
        },
        "Vcpus": {
          "Required": true,
          "Documentation": "http://docs.aws.amazon.com/AWSCloudFormation/latest/UserGuide/aws-properties-batch-jobdefinition-containerproperties.html#cfn-batch-jobdefinition-containerproperties-vcpus",
          "PrimitiveType": "Integer",
          "UpdateType": "Mutable"
        },
        "Image": {
          "Required": true,
          "Documentation": "http://docs.aws.amazon.com/AWSCloudFormation/latest/UserGuide/aws-properties-batch-jobdefinition-containerproperties.html#cfn-batch-jobdefinition-containerproperties-image",
          "PrimitiveType": "String",
          "UpdateType": "Mutable"
        },
        "ResourceRequirements": {
          "Type": "List",
          "Required": false,
          "Documentation": "http://docs.aws.amazon.com/AWSCloudFormation/latest/UserGuide/aws-properties-batch-jobdefinition-containerproperties.html#cfn-batch-jobdefinition-containerproperties-resourcerequirements",
          "ItemType": "ResourceRequirement",
          "UpdateType": "Mutable"
        },
        "MountPoints": {
          "Type": "List",
          "Required": false,
          "Documentation": "http://docs.aws.amazon.com/AWSCloudFormation/latest/UserGuide/aws-properties-batch-jobdefinition-containerproperties.html#cfn-batch-jobdefinition-containerproperties-mountpoints",
          "ItemType": "MountPoints",
          "UpdateType": "Mutable"
        },
        "Volumes": {
          "Type": "List",
          "Required": false,
          "Documentation": "http://docs.aws.amazon.com/AWSCloudFormation/latest/UserGuide/aws-properties-batch-jobdefinition-containerproperties.html#cfn-batch-jobdefinition-containerproperties-volumes",
          "ItemType": "Volumes",
          "UpdateType": "Mutable"
        },
        "Command": {
          "PrimitiveItemType": "String",
          "Type": "List",
          "Required": false,
          "Documentation": "http://docs.aws.amazon.com/AWSCloudFormation/latest/UserGuide/aws-properties-batch-jobdefinition-containerproperties.html#cfn-batch-jobdefinition-containerproperties-command",
          "UpdateType": "Mutable"
        },
        "Environment": {
          "Type": "List",
          "Required": false,
          "Documentation": "http://docs.aws.amazon.com/AWSCloudFormation/latest/UserGuide/aws-properties-batch-jobdefinition-containerproperties.html#cfn-batch-jobdefinition-containerproperties-environment",
          "ItemType": "Environment",
          "UpdateType": "Mutable"
        },
        "Ulimits": {
          "Type": "List",
          "Required": false,
          "Documentation": "http://docs.aws.amazon.com/AWSCloudFormation/latest/UserGuide/aws-properties-batch-jobdefinition-containerproperties.html#cfn-batch-jobdefinition-containerproperties-ulimits",
          "ItemType": "Ulimit",
          "UpdateType": "Mutable"
        },
        "InstanceType": {
          "Required": false,
          "Documentation": "http://docs.aws.amazon.com/AWSCloudFormation/latest/UserGuide/aws-properties-batch-jobdefinition-containerproperties.html#cfn-batch-jobdefinition-containerproperties-instancetype",
          "PrimitiveType": "String",
          "UpdateType": "Mutable"
        }
      }
    },
    "AWS::Batch::JobDefinition.Environment": {
      "Documentation": "http://docs.aws.amazon.com/AWSCloudFormation/latest/UserGuide/aws-properties-batch-jobdefinition-environment.html",
      "Properties": {
        "Value": {
          "Required": false,
          "Documentation": "http://docs.aws.amazon.com/AWSCloudFormation/latest/UserGuide/aws-properties-batch-jobdefinition-environment.html#cfn-batch-jobdefinition-environment-value",
          "PrimitiveType": "String",
          "UpdateType": "Mutable"
        },
        "Name": {
          "Required": false,
          "Documentation": "http://docs.aws.amazon.com/AWSCloudFormation/latest/UserGuide/aws-properties-batch-jobdefinition-environment.html#cfn-batch-jobdefinition-environment-name",
          "PrimitiveType": "String",
          "UpdateType": "Mutable"
        }
      }
    },
    "AWS::Batch::JobDefinition.NodeRangeProperty": {
      "Documentation": "http://docs.aws.amazon.com/AWSCloudFormation/latest/UserGuide/aws-properties-batch-jobdefinition-noderangeproperty.html",
      "Properties": {
        "Container": {
          "Type": "ContainerProperties",
          "Required": false,
          "Documentation": "http://docs.aws.amazon.com/AWSCloudFormation/latest/UserGuide/aws-properties-batch-jobdefinition-noderangeproperty.html#cfn-batch-jobdefinition-noderangeproperty-container",
          "UpdateType": "Mutable"
        },
        "TargetNodes": {
          "Required": true,
          "Documentation": "http://docs.aws.amazon.com/AWSCloudFormation/latest/UserGuide/aws-properties-batch-jobdefinition-noderangeproperty.html#cfn-batch-jobdefinition-noderangeproperty-targetnodes",
          "PrimitiveType": "String",
          "UpdateType": "Mutable"
        }
      }
    },
    "AWS::Batch::JobDefinition.RetryStrategy": {
      "Documentation": "http://docs.aws.amazon.com/AWSCloudFormation/latest/UserGuide/aws-properties-batch-jobdefinition-retrystrategy.html",
      "Properties": {
        "Attempts": {
          "Required": false,
          "Documentation": "http://docs.aws.amazon.com/AWSCloudFormation/latest/UserGuide/aws-properties-batch-jobdefinition-retrystrategy.html#cfn-batch-jobdefinition-retrystrategy-attempts",
          "PrimitiveType": "Integer",
          "UpdateType": "Mutable"
        }
      }
    },
    "AWS::Batch::JobDefinition.NodeProperties": {
      "Documentation": "http://docs.aws.amazon.com/AWSCloudFormation/latest/UserGuide/aws-properties-batch-jobdefinition-nodeproperties.html",
      "Properties": {
        "MainNode": {
          "Required": true,
          "Documentation": "http://docs.aws.amazon.com/AWSCloudFormation/latest/UserGuide/aws-properties-batch-jobdefinition-nodeproperties.html#cfn-batch-jobdefinition-nodeproperties-mainnode",
          "PrimitiveType": "Integer",
          "UpdateType": "Mutable"
        },
        "NodeRangeProperties": {
          "Type": "List",
          "Required": true,
          "Documentation": "http://docs.aws.amazon.com/AWSCloudFormation/latest/UserGuide/aws-properties-batch-jobdefinition-nodeproperties.html#cfn-batch-jobdefinition-nodeproperties-noderangeproperties",
          "ItemType": "NodeRangeProperty",
          "UpdateType": "Mutable"
        },
        "NumNodes": {
          "Required": true,
          "Documentation": "http://docs.aws.amazon.com/AWSCloudFormation/latest/UserGuide/aws-properties-batch-jobdefinition-nodeproperties.html#cfn-batch-jobdefinition-nodeproperties-numnodes",
          "PrimitiveType": "Integer",
          "UpdateType": "Mutable"
        }
      }
    },
    "AWS::Batch::JobDefinition.Ulimit": {
      "Documentation": "http://docs.aws.amazon.com/AWSCloudFormation/latest/UserGuide/aws-properties-batch-jobdefinition-ulimit.html",
      "Properties": {
        "SoftLimit": {
          "Required": true,
          "Documentation": "http://docs.aws.amazon.com/AWSCloudFormation/latest/UserGuide/aws-properties-batch-jobdefinition-ulimit.html#cfn-batch-jobdefinition-ulimit-softlimit",
          "PrimitiveType": "Integer",
          "UpdateType": "Mutable"
        },
        "HardLimit": {
          "Required": true,
          "Documentation": "http://docs.aws.amazon.com/AWSCloudFormation/latest/UserGuide/aws-properties-batch-jobdefinition-ulimit.html#cfn-batch-jobdefinition-ulimit-hardlimit",
          "PrimitiveType": "Integer",
          "UpdateType": "Mutable"
        },
        "Name": {
          "Required": true,
          "Documentation": "http://docs.aws.amazon.com/AWSCloudFormation/latest/UserGuide/aws-properties-batch-jobdefinition-ulimit.html#cfn-batch-jobdefinition-ulimit-name",
          "PrimitiveType": "String",
          "UpdateType": "Mutable"
        }
      }
    },
    "AWS::Batch::JobDefinition.VolumesHost": {
      "Documentation": "http://docs.aws.amazon.com/AWSCloudFormation/latest/UserGuide/aws-properties-batch-jobdefinition-volumeshost.html",
      "Properties": {
        "SourcePath": {
          "Required": false,
          "Documentation": "http://docs.aws.amazon.com/AWSCloudFormation/latest/UserGuide/aws-properties-batch-jobdefinition-volumeshost.html#cfn-batch-jobdefinition-volumeshost-sourcepath",
          "PrimitiveType": "String",
          "UpdateType": "Mutable"
        }
      }
    },
    "AWS::Batch::JobDefinition.Timeout": {
      "Documentation": "http://docs.aws.amazon.com/AWSCloudFormation/latest/UserGuide/aws-properties-batch-jobdefinition-timeout.html",
      "Properties": {
        "AttemptDurationSeconds": {
          "Required": false,
          "Documentation": "http://docs.aws.amazon.com/AWSCloudFormation/latest/UserGuide/aws-properties-batch-jobdefinition-timeout.html#cfn-batch-jobdefinition-timeout-attemptdurationseconds",
          "PrimitiveType": "Integer",
          "UpdateType": "Mutable"
        }
      }
    },
    "AWS::Batch::JobDefinition.ResourceRequirement": {
      "Documentation": "http://docs.aws.amazon.com/AWSCloudFormation/latest/UserGuide/aws-properties-batch-jobdefinition-resourcerequirement.html",
      "Properties": {
        "Type": {
          "Required": false,
          "Documentation": "http://docs.aws.amazon.com/AWSCloudFormation/latest/UserGuide/aws-properties-batch-jobdefinition-resourcerequirement.html#cfn-batch-jobdefinition-resourcerequirement-type",
          "PrimitiveType": "String",
          "UpdateType": "Mutable"
        },
        "Value": {
          "Required": false,
          "Documentation": "http://docs.aws.amazon.com/AWSCloudFormation/latest/UserGuide/aws-properties-batch-jobdefinition-resourcerequirement.html#cfn-batch-jobdefinition-resourcerequirement-value",
          "PrimitiveType": "String",
          "UpdateType": "Mutable"
        }
      }
    },
    "AWS::Batch::JobDefinition.Volumes": {
      "Documentation": "http://docs.aws.amazon.com/AWSCloudFormation/latest/UserGuide/aws-properties-batch-jobdefinition-volumes.html",
      "Properties": {
        "Host": {
          "Type": "VolumesHost",
          "Required": false,
          "Documentation": "http://docs.aws.amazon.com/AWSCloudFormation/latest/UserGuide/aws-properties-batch-jobdefinition-volumes.html#cfn-batch-jobdefinition-volumes-host",
          "UpdateType": "Mutable"
        },
        "Name": {
          "Required": false,
          "Documentation": "http://docs.aws.amazon.com/AWSCloudFormation/latest/UserGuide/aws-properties-batch-jobdefinition-volumes.html#cfn-batch-jobdefinition-volumes-name",
          "PrimitiveType": "String",
          "UpdateType": "Mutable"
        }
      }
    },
    "AWS::Batch::JobDefinition.MountPoints": {
      "Documentation": "http://docs.aws.amazon.com/AWSCloudFormation/latest/UserGuide/aws-properties-batch-jobdefinition-mountpoints.html",
      "Properties": {
        "ReadOnly": {
          "Required": false,
          "Documentation": "http://docs.aws.amazon.com/AWSCloudFormation/latest/UserGuide/aws-properties-batch-jobdefinition-mountpoints.html#cfn-batch-jobdefinition-mountpoints-readonly",
          "PrimitiveType": "Boolean",
          "UpdateType": "Mutable"
        },
        "SourceVolume": {
          "Required": false,
          "Documentation": "http://docs.aws.amazon.com/AWSCloudFormation/latest/UserGuide/aws-properties-batch-jobdefinition-mountpoints.html#cfn-batch-jobdefinition-mountpoints-sourcevolume",
          "PrimitiveType": "String",
          "UpdateType": "Mutable"
        },
        "ContainerPath": {
          "Required": false,
          "Documentation": "http://docs.aws.amazon.com/AWSCloudFormation/latest/UserGuide/aws-properties-batch-jobdefinition-mountpoints.html#cfn-batch-jobdefinition-mountpoints-containerpath",
          "PrimitiveType": "String",
          "UpdateType": "Mutable"
        }
      }
    }
  },
  "ResourceType": {
    "AWS::Batch::JobDefinition": {
      "Documentation": "http://docs.aws.amazon.com/AWSCloudFormation/latest/UserGuide/aws-resource-batch-jobdefinition.html",
      "Properties": {
        "Type": {
          "Required": true,
          "Documentation": "http://docs.aws.amazon.com/AWSCloudFormation/latest/UserGuide/aws-resource-batch-jobdefinition.html#cfn-batch-jobdefinition-type",
          "PrimitiveType": "String",
          "UpdateType": "Mutable"
        },
        "Parameters": {
          "Required": false,
          "Documentation": "http://docs.aws.amazon.com/AWSCloudFormation/latest/UserGuide/aws-resource-batch-jobdefinition.html#cfn-batch-jobdefinition-parameters",
          "PrimitiveType": "Json",
          "UpdateType": "Mutable"
        },
        "NodeProperties": {
          "Type": "NodeProperties",
          "Required": false,
          "Documentation": "http://docs.aws.amazon.com/AWSCloudFormation/latest/UserGuide/aws-resource-batch-jobdefinition.html#cfn-batch-jobdefinition-nodeproperties",
          "UpdateType": "Mutable"
        },
        "Timeout": {
          "Type": "Timeout",
          "Required": false,
          "Documentation": "http://docs.aws.amazon.com/AWSCloudFormation/latest/UserGuide/aws-resource-batch-jobdefinition.html#cfn-batch-jobdefinition-timeout",
          "UpdateType": "Mutable"
        },
        "ContainerProperties": {
          "Type": "ContainerProperties",
          "Required": false,
          "Documentation": "http://docs.aws.amazon.com/AWSCloudFormation/latest/UserGuide/aws-resource-batch-jobdefinition.html#cfn-batch-jobdefinition-containerproperties",
          "UpdateType": "Mutable"
        },
        "JobDefinitionName": {
          "Required": false,
          "Documentation": "http://docs.aws.amazon.com/AWSCloudFormation/latest/UserGuide/aws-resource-batch-jobdefinition.html#cfn-batch-jobdefinition-jobdefinitionname",
          "PrimitiveType": "String",
          "UpdateType": "Immutable"
        },
        "RetryStrategy": {
          "Type": "RetryStrategy",
          "Required": false,
          "Documentation": "http://docs.aws.amazon.com/AWSCloudFormation/latest/UserGuide/aws-resource-batch-jobdefinition.html#cfn-batch-jobdefinition-retrystrategy",
          "UpdateType": "Mutable"
        }
      }
    }
  },
  "ResourceSpecificationVersion": "3.0.0"
}