{
  "PropertyTypes": {
    "AWS::Batch::ComputeEnvironment.ComputeResources": {
      "Documentation": "http://docs.aws.amazon.com/AWSCloudFormation/latest/UserGuide/aws-properties-batch-computeenvironment-computeresources.html",
      "Properties": {
        "SpotIamFleetRole": {
          "Required": false,
          "Documentation": "http://docs.aws.amazon.com/AWSCloudFormation/latest/UserGuide/aws-properties-batch-computeenvironment-computeresources.html#cfn-batch-computeenvironment-computeresources-spotiamfleetrole",
          "PrimitiveType": "String",
          "UpdateType": "Immutable"
        },
        "MaxvCpus": {
          "Required": true,
          "Documentation": "http://docs.aws.amazon.com/AWSCloudFormation/latest/UserGuide/aws-properties-batch-computeenvironment-computeresources.html#cfn-batch-computeenvironment-computeresources-maxvcpus",
          "PrimitiveType": "Integer",
          "UpdateType": "Mutable"
        },
        "BidPercentage": {
          "Required": false,
          "Documentation": "http://docs.aws.amazon.com/AWSCloudFormation/latest/UserGuide/aws-properties-batch-computeenvironment-computeresources.html#cfn-batch-computeenvironment-computeresources-bidpercentage",
          "PrimitiveType": "Integer",
          "UpdateType": "Immutable"
        },
        "SecurityGroupIds": {
          "PrimitiveItemType": "String",
          "Type": "List",
          "Required": true,
          "Documentation": "http://docs.aws.amazon.com/AWSCloudFormation/latest/UserGuide/aws-properties-batch-computeenvironment-computeresources.html#cfn-batch-computeenvironment-computeresources-securitygroupids",
          "UpdateType": "Immutable"
        },
        "Subnets": {
          "PrimitiveItemType": "String",
          "Type": "List",
          "Required": true,
          "Documentation": "http://docs.aws.amazon.com/AWSCloudFormation/latest/UserGuide/aws-properties-batch-computeenvironment-computeresources.html#cfn-batch-computeenvironment-computeresources-subnets",
          "UpdateType": "Immutable"
        },
        "Type": {
          "Required": true,
          "Documentation": "http://docs.aws.amazon.com/AWSCloudFormation/latest/UserGuide/aws-properties-batch-computeenvironment-computeresources.html#cfn-batch-computeenvironment-computeresources-type",
          "PrimitiveType": "String",
          "UpdateType": "Immutable"
        },
        "MinvCpus": {
          "Required": true,
          "Documentation": "http://docs.aws.amazon.com/AWSCloudFormation/latest/UserGuide/aws-properties-batch-computeenvironment-computeresources.html#cfn-batch-computeenvironment-computeresources-minvcpus",
          "PrimitiveType": "Integer",
          "UpdateType": "Mutable"
        },
        "LaunchTemplate": {
          "Type": "LaunchTemplateSpecification",
          "Required": false,
          "Documentation": "http://docs.aws.amazon.com/AWSCloudFormation/latest/UserGuide/aws-properties-batch-computeenvironment-computeresources.html#cfn-batch-computeenvironment-computeresources-launchtemplate",
          "UpdateType": "Immutable"
        },
        "ImageId": {
          "Required": false,
          "Documentation": "http://docs.aws.amazon.com/AWSCloudFormation/latest/UserGuide/aws-properties-batch-computeenvironment-computeresources.html#cfn-batch-computeenvironment-computeresources-imageid",
          "PrimitiveType": "String",
          "UpdateType": "Immutable"
        },
        "InstanceRole": {
          "Required": true,
          "Documentation": "http://docs.aws.amazon.com/AWSCloudFormation/latest/UserGuide/aws-properties-batch-computeenvironment-computeresources.html#cfn-batch-computeenvironment-computeresources-instancerole",
          "PrimitiveType": "String",
          "UpdateType": "Immutable"
        },
        "InstanceTypes": {
          "PrimitiveItemType": "String",
          "Type": "List",
          "Required": true,
          "Documentation": "http://docs.aws.amazon.com/AWSCloudFormation/latest/UserGuide/aws-properties-batch-computeenvironment-computeresources.html#cfn-batch-computeenvironment-computeresources-instancetypes",
          "UpdateType": "Immutable"
        },
        "Ec2KeyPair": {
          "Required": false,
          "Documentation": "http://docs.aws.amazon.com/AWSCloudFormation/latest/UserGuide/aws-properties-batch-computeenvironment-computeresources.html#cfn-batch-computeenvironment-computeresources-ec2keypair",
          "PrimitiveType": "String",
          "UpdateType": "Immutable"
        },
        "PlacementGroup": {
          "Required": false,
          "Documentation": "http://docs.aws.amazon.com/AWSCloudFormation/latest/UserGuide/aws-properties-batch-computeenvironment-computeresources.html#cfn-batch-computeenvironment-computeresources-placementgroup",
          "PrimitiveType": "String",
          "UpdateType": "Immutable"
        },
        "Tags": {
          "Required": false,
          "Documentation": "http://docs.aws.amazon.com/AWSCloudFormation/latest/UserGuide/aws-properties-batch-computeenvironment-computeresources.html#cfn-batch-computeenvironment-computeresources-tags",
          "PrimitiveType": "Json",
          "UpdateType": "Immutable"
        },
        "DesiredvCpus": {
          "Required": false,
          "Documentation": "http://docs.aws.amazon.com/AWSCloudFormation/latest/UserGuide/aws-properties-batch-computeenvironment-computeresources.html#cfn-batch-computeenvironment-computeresources-desiredvcpus",
          "PrimitiveType": "Integer",
          "UpdateType": "Mutable"
        }
      }
    },
    "AWS::Batch::ComputeEnvironment.LaunchTemplateSpecification": {
      "Documentation": "http://docs.aws.amazon.com/AWSCloudFormation/latest/UserGuide/aws-properties-batch-computeenvironment-launchtemplatespecification.html",
      "Properties": {
        "LaunchTemplateName": {
          "Required": false,
          "Documentation": "http://docs.aws.amazon.com/AWSCloudFormation/latest/UserGuide/aws-properties-batch-computeenvironment-launchtemplatespecification.html#cfn-batch-computeenvironment-launchtemplatespecification-launchtemplatename",
          "PrimitiveType": "String",
          "UpdateType": "Immutable"
        },
        "Version": {
          "Required": false,
          "Documentation": "http://docs.aws.amazon.com/AWSCloudFormation/latest/UserGuide/aws-properties-batch-computeenvironment-launchtemplatespecification.html#cfn-batch-computeenvironment-launchtemplatespecification-version",
          "PrimitiveType": "String",
          "UpdateType": "Immutable"
        },
        "LaunchTemplateId": {
          "Required": false,
          "Documentation": "http://docs.aws.amazon.com/AWSCloudFormation/latest/UserGuide/aws-properties-batch-computeenvironment-launchtemplatespecification.html#cfn-batch-computeenvironment-launchtemplatespecification-launchtemplateid",
          "PrimitiveType": "String",
          "UpdateType": "Immutable"
        }
      }
    }
  },
  "ResourceType": {
    "AWS::Batch::ComputeEnvironment": {
      "Documentation": "http://docs.aws.amazon.com/AWSCloudFormation/latest/UserGuide/aws-resource-batch-computeenvironment.html",
      "Properties": {
        "Type": {
          "Required": true,
          "Documentation": "http://docs.aws.amazon.com/AWSCloudFormation/latest/UserGuide/aws-resource-batch-computeenvironment.html#cfn-batch-computeenvironment-type",
          "PrimitiveType": "String",
          "UpdateType": "Immutable"
        },
        "ServiceRole": {
          "Required": true,
          "Documentation": "http://docs.aws.amazon.com/AWSCloudFormation/latest/UserGuide/aws-resource-batch-computeenvironment.html#cfn-batch-computeenvironment-servicerole",
          "PrimitiveType": "String",
          "UpdateType": "Mutable"
        },
        "ComputeEnvironmentName": {
          "Required": false,
          "Documentation": "http://docs.aws.amazon.com/AWSCloudFormation/latest/UserGuide/aws-resource-batch-computeenvironment.html#cfn-batch-computeenvironment-computeenvironmentname",
          "PrimitiveType": "String",
          "UpdateType": "Immutable"
        },
        "ComputeResources": {
          "Type": "ComputeResources",
          "Required": false,
          "Documentation": "http://docs.aws.amazon.com/AWSCloudFormation/latest/UserGuide/aws-resource-batch-computeenvironment.html#cfn-batch-computeenvironment-computeresources",
          "UpdateType": "Mutable"
        },
        "State": {
          "Required": false,
          "Documentation": "http://docs.aws.amazon.com/AWSCloudFormation/latest/UserGuide/aws-resource-batch-computeenvironment.html#cfn-batch-computeenvironment-state",
          "PrimitiveType": "String",
          "UpdateType": "Mutable"
        }
      }
    }
  },
  "ResourceSpecificationVersion": "3.0.0"
}