{
  "PropertyTypes": {
    "AWS::Batch::JobQueue.ComputeEnvironmentOrder": {
      "Documentation": "http://docs.aws.amazon.com/AWSCloudFormation/latest/UserGuide/aws-properties-batch-jobqueue-computeenvironmentorder.html",
      "Properties": {
        "ComputeEnvironment": {
          "Required": true,
          "Documentation": "http://docs.aws.amazon.com/AWSCloudFormation/latest/UserGuide/aws-properties-batch-jobqueue-computeenvironmentorder.html#cfn-batch-jobqueue-computeenvironmentorder-computeenvironment",
          "PrimitiveType": "String",
          "UpdateType": "Mutable"
        },
        "Order": {
          "Required": true,
          "Documentation": "http://docs.aws.amazon.com/AWSCloudFormation/latest/UserGuide/aws-properties-batch-jobqueue-computeenvironmentorder.html#cfn-batch-jobqueue-computeenvironmentorder-order",
          "PrimitiveType": "Integer",
          "UpdateType": "Mutable"
        }
      }
    }
  },
  "ResourceType": {
    "AWS::Batch::JobQueue": {
      "Documentation": "http://docs.aws.amazon.com/AWSCloudFormation/latest/UserGuide/aws-resource-batch-jobqueue.html",
      "Properties": {
        "ComputeEnvironmentOrder": {
          "Type": "List",
          "Required": true,
          "Documentation": "http://docs.aws.amazon.com/AWSCloudFormation/latest/UserGuide/aws-resource-batch-jobqueue.html#cfn-batch-jobqueue-computeenvironmentorder",
          "ItemType": "ComputeEnvironmentOrder",
          "UpdateType": "Mutable"
        },
        "Priority": {
          "Required": true,
          "Documentation": "http://docs.aws.amazon.com/AWSCloudFormation/latest/UserGuide/aws-resource-batch-jobqueue.html#cfn-batch-jobqueue-priority",
          "PrimitiveType": "Integer",
          "UpdateType": "Mutable"
        },
        "State": {
          "Required": false,
          "Documentation": "http://docs.aws.amazon.com/AWSCloudFormation/latest/UserGuide/aws-resource-batch-jobqueue.html#cfn-batch-jobqueue-state",
          "PrimitiveType": "String",
          "UpdateType": "Mutable"
        },
        "JobQueueName": {
          "Required": false,
          "Documentation": "http://docs.aws.amazon.com/AWSCloudFormation/latest/UserGuide/aws-resource-batch-jobqueue.html#cfn-batch-jobqueue-jobqueuename",
          "PrimitiveType": "String",
          "UpdateType": "Immutable"
        }
      }
    }
  },
  "ResourceSpecificationVersion": "3.0.0"
}