{
  "PropertyTypes": {
    "AWS::Budgets::Budget.Notification": {
      "Documentation": "http://docs.aws.amazon.com/AWSCloudFormation/latest/UserGuide/aws-properties-budgets-budget-notification.html",
      "Properties": {
        "ComparisonOperator": {
          "Required": true,
          "Documentation": "http://docs.aws.amazon.com/AWSCloudFormation/latest/UserGuide/aws-properties-budgets-budget-notification.html#cfn-budgets-budget-notification-comparisonoperator",
          "PrimitiveType": "String",
          "UpdateType": "Mutable"
        },
        "NotificationType": {
          "Required": true,
          "Documentation": "http://docs.aws.amazon.com/AWSCloudFormation/latest/UserGuide/aws-properties-budgets-budget-notification.html#cfn-budgets-budget-notification-notificationtype",
          "PrimitiveType": "String",
          "UpdateType": "Mutable"
        },
        "Threshold": {
          "Required": true,
          "Documentation": "http://docs.aws.amazon.com/AWSCloudFormation/latest/UserGuide/aws-properties-budgets-budget-notification.html#cfn-budgets-budget-notification-threshold",
          "PrimitiveType": "Double",
          "UpdateType": "Mutable"
        },
        "ThresholdType": {
          "Required": false,
          "Documentation": "http://docs.aws.amazon.com/AWSCloudFormation/latest/UserGuide/aws-properties-budgets-budget-notification.html#cfn-budgets-budget-notification-thresholdtype",
          "PrimitiveType": "String",
          "UpdateType": "Mutable"
        }
      }
    },
    "AWS::Budgets::Budget.CostTypes": {
      "Documentation": "http://docs.aws.amazon.com/AWSCloudFormation/latest/UserGuide/aws-properties-budgets-budget-costtypes.html",
      "Properties": {
        "IncludeSupport": {
          "Required": false,
          "Documentation": "http://docs.aws.amazon.com/AWSCloudFormation/latest/UserGuide/aws-properties-budgets-budget-costtypes.html#cfn-budgets-budget-costtypes-includesupport",
          "PrimitiveType": "Boolean",
          "UpdateType": "Mutable"
        },
        "IncludeOtherSubscription": {
          "Required": false,
          "Documentation": "http://docs.aws.amazon.com/AWSCloudFormation/latest/UserGuide/aws-properties-budgets-budget-costtypes.html#cfn-budgets-budget-costtypes-includeothersubscription",
          "PrimitiveType": "Boolean",
          "UpdateType": "Mutable"
        },
        "IncludeTax": {
          "Required": false,
          "Documentation": "http://docs.aws.amazon.com/AWSCloudFormation/latest/UserGuide/aws-properties-budgets-budget-costtypes.html#cfn-budgets-budget-costtypes-includetax",
          "PrimitiveType": "Boolean",
          "UpdateType": "Mutable"
        },
        "IncludeSubscription": {
          "Required": false,
          "Documentation": "http://docs.aws.amazon.com/AWSCloudFormation/latest/UserGuide/aws-properties-budgets-budget-costtypes.html#cfn-budgets-budget-costtypes-includesubscription",
          "PrimitiveType": "Boolean",
          "UpdateType": "Mutable"
        },
        "UseBlended": {
          "Required": false,
          "Documentation": "http://docs.aws.amazon.com/AWSCloudFormation/latest/UserGuide/aws-properties-budgets-budget-costtypes.html#cfn-budgets-budget-costtypes-useblended",
          "PrimitiveType": "Boolean",
          "UpdateType": "Mutable"
        },
        "IncludeUpfront": {
          "Required": false,
          "Documentation": "http://docs.aws.amazon.com/AWSCloudFormation/latest/UserGuide/aws-properties-budgets-budget-costtypes.html#cfn-budgets-budget-costtypes-includeupfront",
          "PrimitiveType": "Boolean",
          "UpdateType": "Mutable"
        },
        "IncludeDiscount": {
          "Required": false,
          "Documentation": "http://docs.aws.amazon.com/AWSCloudFormation/latest/UserGuide/aws-properties-budgets-budget-costtypes.html#cfn-budgets-budget-costtypes-includediscount",
          "PrimitiveType": "Boolean",
          "UpdateType": "Mutable"
        },
        "IncludeCredit": {
          "Required": false,
          "Documentation": "http://docs.aws.amazon.com/AWSCloudFormation/latest/UserGuide/aws-properties-budgets-budget-costtypes.html#cfn-budgets-budget-costtypes-includecredit",
          "PrimitiveType": "Boolean",
          "UpdateType": "Mutable"
        },
        "IncludeRecurring": {
          "Required": false,
          "Documentation": "http://docs.aws.amazon.com/AWSCloudFormation/latest/UserGuide/aws-properties-budgets-budget-costtypes.html#cfn-budgets-budget-costtypes-includerecurring",
          "PrimitiveType": "Boolean",
          "UpdateType": "Mutable"
        },
        "UseAmortized": {
          "Required": false,
          "Documentation": "http://docs.aws.amazon.com/AWSCloudFormation/latest/UserGuide/aws-properties-budgets-budget-costtypes.html#cfn-budgets-budget-costtypes-useamortized",
          "PrimitiveType": "Boolean",
          "UpdateType": "Mutable"
        },
        "IncludeRefund": {
          "Required": false,
          "Documentation": "http://docs.aws.amazon.com/AWSCloudFormation/latest/UserGuide/aws-properties-budgets-budget-costtypes.html#cfn-budgets-budget-costtypes-includerefund",
          "PrimitiveType": "Boolean",
          "UpdateType": "Mutable"
        }
      }
    },
    "AWS::Budgets::Budget.NotificationWithSubscribers": {
      "Documentation": "http://docs.aws.amazon.com/AWSCloudFormation/latest/UserGuide/aws-properties-budgets-budget-notificationwithsubscribers.html",
      "Properties": {
        "Subscribers": {
          "Type": "List",
          "Required": true,
          "Documentation": "http://docs.aws.amazon.com/AWSCloudFormation/latest/UserGuide/aws-properties-budgets-budget-notificationwithsubscribers.html#cfn-budgets-budget-notificationwithsubscribers-subscribers",
          "ItemType": "Subscriber",
          "UpdateType": "Mutable"
        },
        "Notification": {
          "Type": "Notification",
          "Required": true,
          "Documentation": "http://docs.aws.amazon.com/AWSCloudFormation/latest/UserGuide/aws-properties-budgets-budget-notificationwithsubscribers.html#cfn-budgets-budget-notificationwithsubscribers-notification",
          "UpdateType": "Mutable"
        }
      }
    },
    "AWS::Budgets::Budget.Spend": {
      "Documentation": "http://docs.aws.amazon.com/AWSCloudFormation/latest/UserGuide/aws-properties-budgets-budget-spend.html",
      "Properties": {
        "Amount": {
          "Required": true,
          "Documentation": "http://docs.aws.amazon.com/AWSCloudFormation/latest/UserGuide/aws-properties-budgets-budget-spend.html#cfn-budgets-budget-spend-amount",
          "PrimitiveType": "Double",
          "UpdateType": "Mutable"
        },
        "Unit": {
          "Required": true,
          "Documentation": "http://docs.aws.amazon.com/AWSCloudFormation/latest/UserGuide/aws-properties-budgets-budget-spend.html#cfn-budgets-budget-spend-unit",
          "PrimitiveType": "String",
          "UpdateType": "Mutable"
        }
      }
    },
    "AWS::Budgets::Budget.BudgetData": {
      "Documentation": "http://docs.aws.amazon.com/AWSCloudFormation/latest/UserGuide/aws-properties-budgets-budget-budgetdata.html",
      "Properties": {
        "BudgetLimit": {
          "Type": "Spend",
          "Required": false,
          "Documentation": "http://docs.aws.amazon.com/AWSCloudFormation/latest/UserGuide/aws-properties-budgets-budget-budgetdata.html#cfn-budgets-budget-budgetdata-budgetlimit",
          "UpdateType": "Mutable"
        },
        "TimePeriod": {
          "Type": "TimePeriod",
          "Required": false,
          "Documentation": "http://docs.aws.amazon.com/AWSCloudFormation/latest/UserGuide/aws-properties-budgets-budget-budgetdata.html#cfn-budgets-budget-budgetdata-timeperiod",
          "UpdateType": "Mutable"
        },
        "TimeUnit": {
          "Required": true,
          "Documentation": "http://docs.aws.amazon.com/AWSCloudFormation/latest/UserGuide/aws-properties-budgets-budget-budgetdata.html#cfn-budgets-budget-budgetdata-timeunit",
          "PrimitiveType": "String",
          "UpdateType": "Mutable"
        },
        "CostFilters": {
          "Required": false,
          "Documentation": "http://docs.aws.amazon.com/AWSCloudFormation/latest/UserGuide/aws-properties-budgets-budget-budgetdata.html#cfn-budgets-budget-budgetdata-costfilters",
          "PrimitiveType": "Json",
          "UpdateType": "Mutable"
        },
        "BudgetName": {
          "Required": false,
          "Documentation": "http://docs.aws.amazon.com/AWSCloudFormation/latest/UserGuide/aws-properties-budgets-budget-budgetdata.html#cfn-budgets-budget-budgetdata-budgetname",
          "PrimitiveType": "String",
          "UpdateType": "Immutable"
        },
        "CostTypes": {
          "Type": "CostTypes",
          "Required": false,
          "Documentation": "http://docs.aws.amazon.com/AWSCloudFormation/latest/UserGuide/aws-properties-budgets-budget-budgetdata.html#cfn-budgets-budget-budgetdata-costtypes",
          "UpdateType": "Mutable"
        },
        "BudgetType": {
          "Required": true,
          "Documentation": "http://docs.aws.amazon.com/AWSCloudFormation/latest/UserGuide/aws-properties-budgets-budget-budgetdata.html#cfn-budgets-budget-budgetdata-budgettype",
          "PrimitiveType": "String",
          "UpdateType": "Mutable"
        }
      }
    },
    "AWS::Budgets::Budget.Subscriber": {
      "Documentation": "http://docs.aws.amazon.com/AWSCloudFormation/latest/UserGuide/aws-properties-budgets-budget-subscriber.html",
      "Properties": {
        "SubscriptionType": {
          "Required": true,
          "Documentation": "http://docs.aws.amazon.com/AWSCloudFormation/latest/UserGuide/aws-properties-budgets-budget-subscriber.html#cfn-budgets-budget-subscriber-subscriptiontype",
          "PrimitiveType": "String",
          "UpdateType": "Mutable"
        },
        "Address": {
          "Required": true,
          "Documentation": "http://docs.aws.amazon.com/AWSCloudFormation/latest/UserGuide/aws-properties-budgets-budget-subscriber.html#cfn-budgets-budget-subscriber-address",
          "PrimitiveType": "String",
          "UpdateType": "Mutable"
        }
      }
    },
    "AWS::Budgets::Budget.TimePeriod": {
      "Documentation": "http://docs.aws.amazon.com/AWSCloudFormation/latest/UserGuide/aws-properties-budgets-budget-timeperiod.html",
      "Properties": {
        "Start": {
          "Required": false,
          "Documentation": "http://docs.aws.amazon.com/AWSCloudFormation/latest/UserGuide/aws-properties-budgets-budget-timeperiod.html#cfn-budgets-budget-timeperiod-start",
          "PrimitiveType": "String",
          "UpdateType": "Mutable"
        },
        "End": {
          "Required": false,
          "Documentation": "http://docs.aws.amazon.com/AWSCloudFormation/latest/UserGuide/aws-properties-budgets-budget-timeperiod.html#cfn-budgets-budget-timeperiod-end",
          "PrimitiveType": "String",
          "UpdateType": "Mutable"
        }
      }
    }
  },
  "ResourceType": {
    "AWS::Budgets::Budget": {
      "Documentation": "http://docs.aws.amazon.com/AWSCloudFormation/latest/UserGuide/aws-resource-budgets-budget.html",
      "Properties": {
        "NotificationsWithSubscribers": {
          "Type": "List",
          "Required": false,
          "Documentation": "http://docs.aws.amazon.com/AWSCloudFormation/latest/UserGuide/aws-resource-budgets-budget.html#cfn-budgets-budget-notificationswithsubscribers",
          "ItemType": "NotificationWithSubscribers",
          "UpdateType": "Immutable"
        },
        "Budget": {
          "Type": "BudgetData",
          "Required": true,
          "Documentation": "http://docs.aws.amazon.com/AWSCloudFormation/latest/UserGuide/aws-resource-budgets-budget.html#cfn-budgets-budget-budget",
          "UpdateType": "Mutable"
        }
      }
    }
  },
  "ResourceSpecificationVersion": "3.0.0"
}