{
  "ResourceType": {
    "AWS::CloudFormation::WaitCondition": {
      "Attributes": {
        "Data": {
          "PrimitiveType": "Json"
        }
      },
      "Documentation": "http://docs.aws.amazon.com/AWSCloudFormation/latest/UserGuide/aws-properties-waitcondition.html",
      "Properties": {
        "Count": {
          "Documentation": "http://docs.aws.amazon.com/AWSCloudFormation/latest/UserGuide/aws-properties-waitcondition.html#cfn-waitcondition-count",
          "PrimitiveType": "Integer",
          "Required": false,
          "UpdateType": "Mutable"
        },
        "Handle": {
          "Documentation": "http://docs.aws.amazon.com/AWSCloudFormation/latest/UserGuide/aws-properties-waitcondition.html#cfn-waitcondition-handle",
          "PrimitiveType": "String",
          "Required": false,
          "UpdateType": "Mutable"
        },
        "Timeout": {
          "Documentation": "http://docs.aws.amazon.com/AWSCloudFormation/latest/UserGuide/aws-properties-waitcondition.html#cfn-waitcondition-timeout",
          "PrimitiveType": "String",
          "Required": false,
          "UpdateType": "Mutable"
        }
      }
    }
  },
  "ResourceSpecificationVersion": "3.0.0"
}