{
  "PropertyTypes": {
    "AWS::CloudFront::Distribution.CustomOriginConfig": {
      "Documentation": "http://docs.aws.amazon.com/AWSCloudFormation/latest/UserGuide/aws-properties-cloudfront-distribution-customoriginconfig.html",
      "Properties": {
        "OriginReadTimeout": {
          "Required": false,
          "Documentation": "http://docs.aws.amazon.com/AWSCloudFormation/latest/UserGuide/aws-properties-cloudfront-distribution-customoriginconfig.html#cfn-cloudfront-distribution-customoriginconfig-originreadtimeout",
          "PrimitiveType": "Integer",
          "UpdateType": "Mutable"
        },
        "HTTPSPort": {
          "Required": false,
          "Documentation": "http://docs.aws.amazon.com/AWSCloudFormation/latest/UserGuide/aws-properties-cloudfront-distribution-customoriginconfig.html#cfn-cloudfront-distribution-customoriginconfig-httpsport",
          "PrimitiveType": "Integer",
          "UpdateType": "Mutable"
        },
        "OriginKeepaliveTimeout": {
          "Required": false,
          "Documentation": "http://docs.aws.amazon.com/AWSCloudFormation/latest/UserGuide/aws-properties-cloudfront-distribution-customoriginconfig.html#cfn-cloudfront-distribution-customoriginconfig-originkeepalivetimeout",
          "PrimitiveType": "Integer",
          "UpdateType": "Mutable"
        },
        "OriginSSLProtocols": {
          "PrimitiveItemType": "String",
          "Type": "List",
          "Required": false,
          "Documentation": "http://docs.aws.amazon.com/AWSCloudFormation/latest/UserGuide/aws-properties-cloudfront-distribution-customoriginconfig.html#cfn-cloudfront-distribution-customoriginconfig-originsslprotocols",
          "UpdateType": "Mutable"
        },
        "HTTPPort": {
          "Required": false,
          "Documentation": "http://docs.aws.amazon.com/AWSCloudFormation/latest/UserGuide/aws-properties-cloudfront-distribution-customoriginconfig.html#cfn-cloudfront-distribution-customoriginconfig-httpport",
          "PrimitiveType": "Integer",
          "UpdateType": "Mutable"
        },
        "OriginProtocolPolicy": {
          "Required": true,
          "Documentation": "http://docs.aws.amazon.com/AWSCloudFormation/latest/UserGuide/aws-properties-cloudfront-distribution-customoriginconfig.html#cfn-cloudfront-distribution-customoriginconfig-originprotocolpolicy",
          "PrimitiveType": "String",
          "UpdateType": "Mutable"
        }
      }
    },
    "AWS::CloudFront::Distribution.Origin": {
      "Documentation": "http://docs.aws.amazon.com/AWSCloudFormation/latest/UserGuide/aws-properties-cloudfront-distribution-origin.html",
      "Properties": {
        "OriginCustomHeaders": {
          "Type": "List",
          "Required": false,
          "Documentation": "http://docs.aws.amazon.com/AWSCloudFormation/latest/UserGuide/aws-properties-cloudfront-distribution-origin.html#cfn-cloudfront-distribution-origin-origincustomheaders",
          "ItemType": "OriginCustomHeader",
          "UpdateType": "Mutable"
        },
        "DomainName": {
          "Required": true,
          "Documentation": "http://docs.aws.amazon.com/AWSCloudFormation/latest/UserGuide/aws-properties-cloudfront-distribution-origin.html#cfn-cloudfront-distribution-origin-domainname",
          "PrimitiveType": "String",
          "UpdateType": "Mutable"
        },
        "S3OriginConfig": {
          "Type": "S3OriginConfig",
          "Required": false,
          "Documentation": "http://docs.aws.amazon.com/AWSCloudFormation/latest/UserGuide/aws-properties-cloudfront-distribution-origin.html#cfn-cloudfront-distribution-origin-s3originconfig",
          "UpdateType": "Mutable"
        },
        "OriginPath": {
          "Required": false,
          "Documentation": "http://docs.aws.amazon.com/AWSCloudFormation/latest/UserGuide/aws-properties-cloudfront-distribution-origin.html#cfn-cloudfront-distribution-origin-originpath",
          "PrimitiveType": "String",
          "UpdateType": "Mutable"
        },
        "Id": {
          "Required": true,
          "Documentation": "http://docs.aws.amazon.com/AWSCloudFormation/latest/UserGuide/aws-properties-cloudfront-distribution-origin.html#cfn-cloudfront-distribution-origin-id",
          "PrimitiveType": "String",
          "UpdateType": "Mutable"
        },
        "CustomOriginConfig": {
          "Type": "CustomOriginConfig",
          "Required": false,
          "Documentation": "http://docs.aws.amazon.com/AWSCloudFormation/latest/UserGuide/aws-properties-cloudfront-distribution-origin.html#cfn-cloudfront-distribution-origin-customoriginconfig",
          "UpdateType": "Mutable"
        }
      }
    },
    "AWS::CloudFront::Distribution.LambdaFunctionAssociation": {
      "Documentation": "http://docs.aws.amazon.com/AWSCloudFormation/latest/UserGuide/aws-properties-cloudfront-distribution-lambdafunctionassociation.html",
      "Properties": {
        "EventType": {
          "Required": false,
          "Documentation": "http://docs.aws.amazon.com/AWSCloudFormation/latest/UserGuide/aws-properties-cloudfront-distribution-lambdafunctionassociation.html#cfn-cloudfront-distribution-lambdafunctionassociation-eventtype",
          "PrimitiveType": "String",
          "UpdateType": "Mutable"
        },
        "LambdaFunctionARN": {
          "Required": false,
          "Documentation": "http://docs.aws.amazon.com/AWSCloudFormation/latest/UserGuide/aws-properties-cloudfront-distribution-lambdafunctionassociation.html#cfn-cloudfront-distribution-lambdafunctionassociation-lambdafunctionarn",
          "PrimitiveType": "String",
          "UpdateType": "Mutable"
        }
      }
    },
    "AWS::CloudFront::Distribution.CustomErrorResponse": {
      "Documentation": "http://docs.aws.amazon.com/AWSCloudFormation/latest/UserGuide/aws-properties-cloudfront-distribution-customerrorresponse.html",
      "Properties": {
        "ResponseCode": {
          "Required": false,
          "Documentation": "http://docs.aws.amazon.com/AWSCloudFormation/latest/UserGuide/aws-properties-cloudfront-distribution-customerrorresponse.html#cfn-cloudfront-distribution-customerrorresponse-responsecode",
          "PrimitiveType": "Integer",
          "UpdateType": "Mutable"
        },
        "ErrorCachingMinTTL": {
          "Required": false,
          "Documentation": "http://docs.aws.amazon.com/AWSCloudFormation/latest/UserGuide/aws-properties-cloudfront-distribution-customerrorresponse.html#cfn-cloudfront-distribution-customerrorresponse-errorcachingminttl",
          "PrimitiveType": "Double",
          "UpdateType": "Mutable"
        },
        "ErrorCode": {
          "Required": true,
          "Documentation": "http://docs.aws.amazon.com/AWSCloudFormation/latest/UserGuide/aws-properties-cloudfront-distribution-customerrorresponse.html#cfn-cloudfront-distribution-customerrorresponse-errorcode",
          "PrimitiveType": "Integer",
          "UpdateType": "Mutable"
        },
        "ResponsePagePath": {
          "Required": false,
          "Documentation": "http://docs.aws.amazon.com/AWSCloudFormation/latest/UserGuide/aws-properties-cloudfront-distribution-customerrorresponse.html#cfn-cloudfront-distribution-customerrorresponse-responsepagepath",
          "PrimitiveType": "String",
          "UpdateType": "Mutable"
        }
      }
    },
    "AWS::CloudFront::Distribution.ForwardedValues": {
      "Documentation": "http://docs.aws.amazon.com/AWSCloudFormation/latest/UserGuide/aws-properties-cloudfront-distribution-forwardedvalues.html",
      "Properties": {
        "Cookies": {
          "Type": "Cookies",
          "Required": false,
          "Documentation": "http://docs.aws.amazon.com/AWSCloudFormation/latest/UserGuide/aws-properties-cloudfront-distribution-forwardedvalues.html#cfn-cloudfront-distribution-forwardedvalues-cookies",
          "UpdateType": "Mutable"
        },
        "Headers": {
          "PrimitiveItemType": "String",
          "Type": "List",
          "Required": false,
          "Documentation": "http://docs.aws.amazon.com/AWSCloudFormation/latest/UserGuide/aws-properties-cloudfront-distribution-forwardedvalues.html#cfn-cloudfront-distribution-forwardedvalues-headers",
          "UpdateType": "Mutable"
        },
        "QueryString": {
          "Required": true,
          "Documentation": "http://docs.aws.amazon.com/AWSCloudFormation/latest/UserGuide/aws-properties-cloudfront-distribution-forwardedvalues.html#cfn-cloudfront-distribution-forwardedvalues-querystring",
          "PrimitiveType": "Boolean",
          "UpdateType": "Mutable"
        },
        "QueryStringCacheKeys": {
          "PrimitiveItemType": "String",
          "Type": "List",
          "Required": false,
          "Documentation": "http://docs.aws.amazon.com/AWSCloudFormation/latest/UserGuide/aws-properties-cloudfront-distribution-forwardedvalues.html#cfn-cloudfront-distribution-forwardedvalues-querystringcachekeys",
          "UpdateType": "Mutable"
        }
      }
    },
    "AWS::CloudFront::Distribution.Logging": {
      "Documentation": "http://docs.aws.amazon.com/AWSCloudFormation/latest/UserGuide/aws-properties-cloudfront-distribution-logging.html",
      "Properties": {
        "IncludeCookies": {
          "Required": false,
          "Documentation": "http://docs.aws.amazon.com/AWSCloudFormation/latest/UserGuide/aws-properties-cloudfront-distribution-logging.html#cfn-cloudfront-distribution-logging-includecookies",
          "PrimitiveType": "Boolean",
          "UpdateType": "Mutable"
        },
        "Bucket": {
          "Required": true,
          "Documentation": "http://docs.aws.amazon.com/AWSCloudFormation/latest/UserGuide/aws-properties-cloudfront-distribution-logging.html#cfn-cloudfront-distribution-logging-bucket",
          "PrimitiveType": "String",
          "UpdateType": "Mutable"
        },
        "Prefix": {
          "Required": false,
          "Documentation": "http://docs.aws.amazon.com/AWSCloudFormation/latest/UserGuide/aws-properties-cloudfront-distribution-logging.html#cfn-cloudfront-distribution-logging-prefix",
          "PrimitiveType": "String",
          "UpdateType": "Mutable"
        }
      }
    },
    "AWS::CloudFront::Distribution.DistributionConfig": {
      "Documentation": "http://docs.aws.amazon.com/AWSCloudFormation/latest/UserGuide/aws-properties-cloudfront-distribution-distributionconfig.html",
      "Properties": {
        "Logging": {
          "Type": "Logging",
          "Required": false,
          "Documentation": "http://docs.aws.amazon.com/AWSCloudFormation/latest/UserGuide/aws-properties-cloudfront-distribution-distributionconfig.html#cfn-cloudfront-distribution-distributionconfig-logging",
          "UpdateType": "Mutable"
        },
        "Comment": {
          "Required": false,
          "Documentation": "http://docs.aws.amazon.com/AWSCloudFormation/latest/UserGuide/aws-properties-cloudfront-distribution-distributionconfig.html#cfn-cloudfront-distribution-distributionconfig-comment",
          "PrimitiveType": "String",
          "UpdateType": "Mutable"
        },
        "DefaultRootObject": {
          "Required": false,
          "Documentation": "http://docs.aws.amazon.com/AWSCloudFormation/latest/UserGuide/aws-properties-cloudfront-distribution-distributionconfig.html#cfn-cloudfront-distribution-distributionconfig-defaultrootobject",
          "PrimitiveType": "String",
          "UpdateType": "Mutable"
        },
        "Origins": {
          "Type": "List",
          "Required": false,
          "Documentation": "http://docs.aws.amazon.com/AWSCloudFormation/latest/UserGuide/aws-properties-cloudfront-distribution-distributionconfig.html#cfn-cloudfront-distribution-distributionconfig-origins",
          "ItemType": "Origin",
          "UpdateType": "Mutable"
        },
        "ViewerCertificate": {
          "Type": "ViewerCertificate",
          "Required": false,
          "Documentation": "http://docs.aws.amazon.com/AWSCloudFormation/latest/UserGuide/aws-properties-cloudfront-distribution-distributionconfig.html#cfn-cloudfront-distribution-distributionconfig-viewercertificate",
          "UpdateType": "Mutable"
        },
        "PriceClass": {
          "Required": false,
          "Documentation": "http://docs.aws.amazon.com/AWSCloudFormation/latest/UserGuide/aws-properties-cloudfront-distribution-distributionconfig.html#cfn-cloudfront-distribution-distributionconfig-priceclass",
          "PrimitiveType": "String",
          "UpdateType": "Mutable"
        },
        "DefaultCacheBehavior": {
          "Type": "DefaultCacheBehavior",
          "Required": false,
          "Documentation": "http://docs.aws.amazon.com/AWSCloudFormation/latest/UserGuide/aws-properties-cloudfront-distribution-distributionconfig.html#cfn-cloudfront-distribution-distributionconfig-defaultcachebehavior",
          "UpdateType": "Mutable"
        },
        "CustomErrorResponses": {
          "Type": "List",
          "Required": false,
          "Documentation": "http://docs.aws.amazon.com/AWSCloudFormation/latest/UserGuide/aws-properties-cloudfront-distribution-distributionconfig.html#cfn-cloudfront-distribution-distributionconfig-customerrorresponses",
          "ItemType": "CustomErrorResponse",
          "UpdateType": "Mutable"
        },
        "Enabled": {
          "Required": true,
          "Documentation": "http://docs.aws.amazon.com/AWSCloudFormation/latest/UserGuide/aws-properties-cloudfront-distribution-distributionconfig.html#cfn-cloudfront-distribution-distributionconfig-enabled",
          "PrimitiveType": "Boolean",
          "UpdateType": "Mutable"
        },
        "Aliases": {
          "PrimitiveItemType": "String",
          "Type": "List",
          "Required": false,
          "Documentation": "http://docs.aws.amazon.com/AWSCloudFormation/latest/UserGuide/aws-properties-cloudfront-distribution-distributionconfig.html#cfn-cloudfront-distribution-distributionconfig-aliases",
          "UpdateType": "Mutable"
        },
        "IPV6Enabled": {
          "Required": false,
          "Documentation": "http://docs.aws.amazon.com/AWSCloudFormation/latest/UserGuide/aws-properties-cloudfront-distribution-distributionconfig.html#cfn-cloudfront-distribution-distributionconfig-ipv6enabled",
          "PrimitiveType": "Boolean",
          "UpdateType": "Mutable"
        },
        "WebACLId": {
          "Required": false,
          "Documentation": "http://docs.aws.amazon.com/AWSCloudFormation/latest/UserGuide/aws-properties-cloudfront-distribution-distributionconfig.html#cfn-cloudfront-distribution-distributionconfig-webaclid",
          "PrimitiveType": "String",
          "UpdateType": "Mutable"
        },
        "HttpVersion": {
          "Required": false,
          "Documentation": "http://docs.aws.amazon.com/AWSCloudFormation/latest/UserGuide/aws-properties-cloudfront-distribution-distributionconfig.html#cfn-cloudfront-distribution-distributionconfig-httpversion",
          "PrimitiveType": "String",
          "UpdateType": "Mutable"
        },
        "Restrictions": {
          "Type": "Restrictions",
          "Required": false,
          "Documentation": "http://docs.aws.amazon.com/AWSCloudFormation/latest/UserGuide/aws-properties-cloudfront-distribution-distributionconfig.html#cfn-cloudfront-distribution-distributionconfig-restrictions",
          "UpdateType": "Mutable"
        },
        "CacheBehaviors": {
          "Type": "List",
          "Required": false,
          "Documentation": "http://docs.aws.amazon.com/AWSCloudFormation/latest/UserGuide/aws-properties-cloudfront-distribution-distributionconfig.html#cfn-cloudfront-distribution-distributionconfig-cachebehaviors",
          "ItemType": "CacheBehavior",
          "UpdateType": "Mutable"
        }
      }
    },
    "AWS::CloudFront::Distribution.OriginCustomHeader": {
      "Documentation": "http://docs.aws.amazon.com/AWSCloudFormation/latest/UserGuide/aws-properties-cloudfront-distribution-origincustomheader.html",
      "Properties": {
        "HeaderValue": {
          "Required": true,
          "Documentation": "http://docs.aws.amazon.com/AWSCloudFormation/latest/UserGuide/aws-properties-cloudfront-distribution-origincustomheader.html#cfn-cloudfront-distribution-origincustomheader-headervalue",
          "PrimitiveType": "String",
          "UpdateType": "Mutable"
        },
        "HeaderName": {
          "Required": true,
          "Documentation": "http://docs.aws.amazon.com/AWSCloudFormation/latest/UserGuide/aws-properties-cloudfront-distribution-origincustomheader.html#cfn-cloudfront-distribution-origincustomheader-headername",
          "PrimitiveType": "String",
          "UpdateType": "Mutable"
        }
      }
    },
    "AWS::CloudFront::Distribution.S3OriginConfig": {
      "Documentation": "http://docs.aws.amazon.com/AWSCloudFormation/latest/UserGuide/aws-properties-cloudfront-distribution-s3originconfig.html",
      "Properties": {
        "OriginAccessIdentity": {
          "Required": false,
          "Documentation": "http://docs.aws.amazon.com/AWSCloudFormation/latest/UserGuide/aws-properties-cloudfront-distribution-s3originconfig.html#cfn-cloudfront-distribution-s3originconfig-originaccessidentity",
          "PrimitiveType": "String",
          "UpdateType": "Mutable"
        }
      }
    },
    "AWS::CloudFront::Distribution.CacheBehavior": {
      "Documentation": "http://docs.aws.amazon.com/AWSCloudFormation/latest/UserGuide/aws-properties-cloudfront-distribution-cachebehavior.html",
      "Properties": {
        "Compress": {
          "Required": false,
          "Documentation": "http://docs.aws.amazon.com/AWSCloudFormation/latest/UserGuide/aws-properties-cloudfront-distribution-cachebehavior.html#cfn-cloudfront-distribution-cachebehavior-compress",
          "PrimitiveType": "Boolean",
          "UpdateType": "Mutable"
        },
        "LambdaFunctionAssociations": {
          "Type": "List",
          "Required": false,
          "Documentation": "http://docs.aws.amazon.com/AWSCloudFormation/latest/UserGuide/aws-properties-cloudfront-distribution-cachebehavior.html#cfn-cloudfront-distribution-cachebehavior-lambdafunctionassociations",
          "ItemType": "LambdaFunctionAssociation",
          "UpdateType": "Mutable"
        },
        "TargetOriginId": {
          "Required": true,
          "Documentation": "http://docs.aws.amazon.com/AWSCloudFormation/latest/UserGuide/aws-properties-cloudfront-distribution-cachebehavior.html#cfn-cloudfront-distribution-cachebehavior-targetoriginid",
          "PrimitiveType": "String",
          "UpdateType": "Mutable"
        },
        "ViewerProtocolPolicy": {
          "Required": true,
          "Documentation": "http://docs.aws.amazon.com/AWSCloudFormation/latest/UserGuide/aws-properties-cloudfront-distribution-cachebehavior.html#cfn-cloudfront-distribution-cachebehavior-viewerprotocolpolicy",
          "PrimitiveType": "String",
          "UpdateType": "Mutable"
        },
        "TrustedSigners": {
          "PrimitiveItemType": "String",
          "Type": "List",
          "Required": false,
          "Documentation": "http://docs.aws.amazon.com/AWSCloudFormation/latest/UserGuide/aws-properties-cloudfront-distribution-cachebehavior.html#cfn-cloudfront-distribution-cachebehavior-trustedsigners",
          "UpdateType": "Mutable"
        },
        "DefaultTTL": {
          "Required": false,
          "Documentation": "http://docs.aws.amazon.com/AWSCloudFormation/latest/UserGuide/aws-properties-cloudfront-distribution-cachebehavior.html#cfn-cloudfront-distribution-cachebehavior-defaultttl",
          "PrimitiveType": "Double",
          "UpdateType": "Mutable"
        },
        "FieldLevelEncryptionId": {
          "Required": false,
          "Documentation": "http://docs.aws.amazon.com/AWSCloudFormation/latest/UserGuide/aws-properties-cloudfront-distribution-cachebehavior.html#cfn-cloudfront-distribution-cachebehavior-fieldlevelencryptionid",
          "PrimitiveType": "String",
          "UpdateType": "Mutable"
        },
        "AllowedMethods": {
          "PrimitiveItemType": "String",
          "Type": "List",
          "Required": false,
          "Documentation": "http://docs.aws.amazon.com/AWSCloudFormation/latest/UserGuide/aws-properties-cloudfront-distribution-cachebehavior.html#cfn-cloudfront-distribution-cachebehavior-allowedmethods",
          "UpdateType": "Mutable"
        },
        "PathPattern": {
          "Required": true,
          "Documentation": "http://docs.aws.amazon.com/AWSCloudFormation/latest/UserGuide/aws-properties-cloudfront-distribution-cachebehavior.html#cfn-cloudfront-distribution-cachebehavior-pathpattern",
          "PrimitiveType": "String",
          "UpdateType": "Mutable"
        },
        "CachedMethods": {
          "PrimitiveItemType": "String",
          "Type": "List",
          "Required": false,
          "Documentation": "http://docs.aws.amazon.com/AWSCloudFormation/latest/UserGuide/aws-properties-cloudfront-distribution-cachebehavior.html#cfn-cloudfront-distribution-cachebehavior-cachedmethods",
          "UpdateType": "Mutable"
        },
        "SmoothStreaming": {
          "Required": false,
          "Documentation": "http://docs.aws.amazon.com/AWSCloudFormation/latest/UserGuide/aws-properties-cloudfront-distribution-cachebehavior.html#cfn-cloudfront-distribution-cachebehavior-smoothstreaming",
          "PrimitiveType": "Boolean",
          "UpdateType": "Mutable"
        },
        "ForwardedValues": {
          "Type": "ForwardedValues",
          "Required": true,
          "Documentation": "http://docs.aws.amazon.com/AWSCloudFormation/latest/UserGuide/aws-properties-cloudfront-distribution-cachebehavior.html#cfn-cloudfront-distribution-cachebehavior-forwardedvalues",
          "UpdateType": "Mutable"
        },
        "MinTTL": {
          "Required": false,
          "Documentation": "http://docs.aws.amazon.com/AWSCloudFormation/latest/UserGuide/aws-properties-cloudfront-distribution-cachebehavior.html#cfn-cloudfront-distribution-cachebehavior-minttl",
          "PrimitiveType": "Double",
          "UpdateType": "Mutable"
        },
        "MaxTTL": {
          "Required": false,
          "Documentation": "http://docs.aws.amazon.com/AWSCloudFormation/latest/UserGuide/aws-properties-cloudfront-distribution-cachebehavior.html#cfn-cloudfront-distribution-cachebehavior-maxttl",
          "PrimitiveType": "Double",
          "UpdateType": "Mutable"
        }
      }
    },
    "AWS::CloudFront::Distribution.Cookies": {
      "Documentation": "http://docs.aws.amazon.com/AWSCloudFormation/latest/UserGuide/aws-properties-cloudfront-distribution-cookies.html",
      "Properties": {
        "WhitelistedNames": {
          "PrimitiveItemType": "String",
          "Type": "List",
          "Required": false,
          "Documentation": "http://docs.aws.amazon.com/AWSCloudFormation/latest/UserGuide/aws-properties-cloudfront-distribution-cookies.html#cfn-cloudfront-distribution-cookies-whitelistednames",
          "UpdateType": "Mutable"
        },
        "Forward": {
          "Required": true,
          "Documentation": "http://docs.aws.amazon.com/AWSCloudFormation/latest/UserGuide/aws-properties-cloudfront-distribution-cookies.html#cfn-cloudfront-distribution-cookies-forward",
          "PrimitiveType": "String",
          "UpdateType": "Mutable"
        }
      }
    },
    "AWS::CloudFront::Distribution.GeoRestriction": {
      "Documentation": "http://docs.aws.amazon.com/AWSCloudFormation/latest/UserGuide/aws-properties-cloudfront-distribution-georestriction.html",
      "Properties": {
        "Locations": {
          "PrimitiveItemType": "String",
          "Type": "List",
          "Required": false,
          "Documentation": "http://docs.aws.amazon.com/AWSCloudFormation/latest/UserGuide/aws-properties-cloudfront-distribution-georestriction.html#cfn-cloudfront-distribution-georestriction-locations",
          "UpdateType": "Mutable"
        },
        "RestrictionType": {
          "Required": true,
          "Documentation": "http://docs.aws.amazon.com/AWSCloudFormation/latest/UserGuide/aws-properties-cloudfront-distribution-georestriction.html#cfn-cloudfront-distribution-georestriction-restrictiontype",
          "PrimitiveType": "String",
          "UpdateType": "Mutable"
        }
      }
    },
    "Tag": {
      "Documentation": "http://docs.aws.amazon.com/AWSCloudFormation/latest/UserGuide/aws-properties-cloudfront-distribution-tag.html",
      "Properties": {
        "Value": {
          "Required": false,
          "Documentation": "http://docs.aws.amazon.com/AWSCloudFormation/latest/UserGuide/aws-properties-cloudfront-distribution-tag.html#cfn-cloudfront-distribution-tag-value",
          "PrimitiveType": "String",
          "UpdateType": "Mutable"
        },
        "Key": {
          "Required": false,
          "Documentation": "http://docs.aws.amazon.com/AWSCloudFormation/latest/UserGuide/aws-properties-cloudfront-distribution-tag.html#cfn-cloudfront-distribution-tag-key",
          "PrimitiveType": "String",
          "UpdateType": "Mutable"
        }
      }
    },
    "AWS::CloudFront::Distribution.ViewerCertificate": {
      "Documentation": "http://docs.aws.amazon.com/AWSCloudFormation/latest/UserGuide/aws-properties-cloudfront-distribution-viewercertificate.html",
      "Properties": {
        "IamCertificateId": {
          "Required": false,
          "Documentation": "http://docs.aws.amazon.com/AWSCloudFormation/latest/UserGuide/aws-properties-cloudfront-distribution-viewercertificate.html#cfn-cloudfront-distribution-viewercertificate-iamcertificateid",
          "PrimitiveType": "String",
          "UpdateType": "Mutable"
        },
        "SslSupportMethod": {
          "Required": false,
          "Documentation": "http://docs.aws.amazon.com/AWSCloudFormation/latest/UserGuide/aws-properties-cloudfront-distribution-viewercertificate.html#cfn-cloudfront-distribution-viewercertificate-sslsupportmethod",
          "PrimitiveType": "String",
          "UpdateType": "Mutable"
        },
        "MinimumProtocolVersion": {
          "Required": false,
          "Documentation": "http://docs.aws.amazon.com/AWSCloudFormation/latest/UserGuide/aws-properties-cloudfront-distribution-viewercertificate.html#cfn-cloudfront-distribution-viewercertificate-minimumprotocolversion",
          "PrimitiveType": "String",
          "UpdateType": "Mutable"
        },
        "CloudFrontDefaultCertificate": {
          "Required": false,
          "Documentation": "http://docs.aws.amazon.com/AWSCloudFormation/latest/UserGuide/aws-properties-cloudfront-distribution-viewercertificate.html#cfn-cloudfront-distribution-viewercertificate-cloudfrontdefaultcertificate",
          "PrimitiveType": "Boolean",
          "UpdateType": "Mutable"
        },
        "AcmCertificateArn": {
          "Required": false,
          "Documentation": "http://docs.aws.amazon.com/AWSCloudFormation/latest/UserGuide/aws-properties-cloudfront-distribution-viewercertificate.html#cfn-cloudfront-distribution-viewercertificate-acmcertificatearn",
          "PrimitiveType": "String",
          "UpdateType": "Mutable"
        }
      }
    },
    "AWS::CloudFront::Distribution.DefaultCacheBehavior": {
      "Documentation": "http://docs.aws.amazon.com/AWSCloudFormation/latest/UserGuide/aws-properties-cloudfront-distribution-defaultcachebehavior.html",
      "Properties": {
        "Compress": {
          "Required": false,
          "Documentation": "http://docs.aws.amazon.com/AWSCloudFormation/latest/UserGuide/aws-properties-cloudfront-distribution-defaultcachebehavior.html#cfn-cloudfront-distribution-defaultcachebehavior-compress",
          "PrimitiveType": "Boolean",
          "UpdateType": "Mutable"
        },
        "LambdaFunctionAssociations": {
          "Type": "List",
          "Required": false,
          "Documentation": "http://docs.aws.amazon.com/AWSCloudFormation/latest/UserGuide/aws-properties-cloudfront-distribution-defaultcachebehavior.html#cfn-cloudfront-distribution-defaultcachebehavior-lambdafunctionassociations",
          "ItemType": "LambdaFunctionAssociation",
          "UpdateType": "Mutable"
        },
        "TargetOriginId": {
          "Required": true,
          "Documentation": "http://docs.aws.amazon.com/AWSCloudFormation/latest/UserGuide/aws-properties-cloudfront-distribution-defaultcachebehavior.html#cfn-cloudfront-distribution-defaultcachebehavior-targetoriginid",
          "PrimitiveType": "String",
          "UpdateType": "Mutable"
        },
        "ViewerProtocolPolicy": {
          "Required": true,
          "Documentation": "http://docs.aws.amazon.com/AWSCloudFormation/latest/UserGuide/aws-properties-cloudfront-distribution-defaultcachebehavior.html#cfn-cloudfront-distribution-defaultcachebehavior-viewerprotocolpolicy",
          "PrimitiveType": "String",
          "UpdateType": "Mutable"
        },
        "TrustedSigners": {
          "PrimitiveItemType": "String",
          "Type": "List",
          "Required": false,
          "Documentation": "http://docs.aws.amazon.com/AWSCloudFormation/latest/UserGuide/aws-properties-cloudfront-distribution-defaultcachebehavior.html#cfn-cloudfront-distribution-defaultcachebehavior-trustedsigners",
          "UpdateType": "Mutable"
        },
        "DefaultTTL": {
          "Required": false,
          "Documentation": "http://docs.aws.amazon.com/AWSCloudFormation/latest/UserGuide/aws-properties-cloudfront-distribution-defaultcachebehavior.html#cfn-cloudfront-distribution-defaultcachebehavior-defaultttl",
          "PrimitiveType": "Double",
          "UpdateType": "Mutable"
        },
        "FieldLevelEncryptionId": {
          "Required": false,
          "Documentation": "http://docs.aws.amazon.com/AWSCloudFormation/latest/UserGuide/aws-properties-cloudfront-distribution-defaultcachebehavior.html#cfn-cloudfront-distribution-defaultcachebehavior-fieldlevelencryptionid",
          "PrimitiveType": "String",
          "UpdateType": "Mutable"
        },
        "AllowedMethods": {
          "PrimitiveItemType": "String",
          "Type": "List",
          "Required": false,
          "Documentation": "http://docs.aws.amazon.com/AWSCloudFormation/latest/UserGuide/aws-properties-cloudfront-distribution-defaultcachebehavior.html#cfn-cloudfront-distribution-defaultcachebehavior-allowedmethods",
          "UpdateType": "Mutable"
        },
        "CachedMethods": {
          "PrimitiveItemType": "String",
          "Type": "List",
          "Required": false,
          "Documentation": "http://docs.aws.amazon.com/AWSCloudFormation/latest/UserGuide/aws-properties-cloudfront-distribution-defaultcachebehavior.html#cfn-cloudfront-distribution-defaultcachebehavior-cachedmethods",
          "UpdateType": "Mutable"
        },
        "SmoothStreaming": {
          "Required": false,
          "Documentation": "http://docs.aws.amazon.com/AWSCloudFormation/latest/UserGuide/aws-properties-cloudfront-distribution-defaultcachebehavior.html#cfn-cloudfront-distribution-defaultcachebehavior-smoothstreaming",
          "PrimitiveType": "Boolean",
          "UpdateType": "Mutable"
        },
        "ForwardedValues": {
          "Type": "ForwardedValues",
          "Required": true,
          "Documentation": "http://docs.aws.amazon.com/AWSCloudFormation/latest/UserGuide/aws-properties-cloudfront-distribution-defaultcachebehavior.html#cfn-cloudfront-distribution-defaultcachebehavior-forwardedvalues",
          "UpdateType": "Mutable"
        },
        "MinTTL": {
          "Required": false,
          "Documentation": "http://docs.aws.amazon.com/AWSCloudFormation/latest/UserGuide/aws-properties-cloudfront-distribution-defaultcachebehavior.html#cfn-cloudfront-distribution-defaultcachebehavior-minttl",
          "PrimitiveType": "Double",
          "UpdateType": "Mutable"
        },
        "MaxTTL": {
          "Required": false,
          "Documentation": "http://docs.aws.amazon.com/AWSCloudFormation/latest/UserGuide/aws-properties-cloudfront-distribution-defaultcachebehavior.html#cfn-cloudfront-distribution-defaultcachebehavior-maxttl",
          "PrimitiveType": "Double",
          "UpdateType": "Mutable"
        }
      }
    },
    "AWS::CloudFront::Distribution.Restrictions": {
      "Documentation": "http://docs.aws.amazon.com/AWSCloudFormation/latest/UserGuide/aws-properties-cloudfront-distribution-restrictions.html",
      "Properties": {
        "GeoRestriction": {
          "Type": "GeoRestriction",
          "Required": true,
          "Documentation": "http://docs.aws.amazon.com/AWSCloudFormation/latest/UserGuide/aws-properties-cloudfront-distribution-restrictions.html#cfn-cloudfront-distribution-restrictions-georestriction",
          "UpdateType": "Mutable"
        }
      }
    }
  },
  "ResourceType": {
    "AWS::CloudFront::Distribution": {
      "Documentation": "http://docs.aws.amazon.com/AWSCloudFormation/latest/UserGuide/aws-resource-cloudfront-distribution.html",
      "Attributes": {
        "DomainName": {
          "PrimitiveType": "String"
        }
      },
      "Properties": {
        "DistributionConfig": {
          "Type": "DistributionConfig",
          "Required": true,
          "Documentation": "http://docs.aws.amazon.com/AWSCloudFormation/latest/UserGuide/aws-resource-cloudfront-distribution.html#cfn-cloudfront-distribution-distributionconfig",
          "UpdateType": "Mutable"
        },
        "Tags": {
          "Type": "List",
          "Required": false,
          "Documentation": "http://docs.aws.amazon.com/AWSCloudFormation/latest/UserGuide/aws-resource-cloudfront-distribution.html#cfn-cloudfront-distribution-tags",
          "ItemType": "Tag",
          "UpdateType": "Mutable"
        }
      }
    }
  },
  "ResourceSpecificationVersion": "3.0.0"
}