{
  "PropertyTypes": {
    "AWS::Cloud9::EnvironmentEC2.Repository": {
      "Documentation": "http://docs.aws.amazon.com/AWSCloudFormation/latest/UserGuide/aws-properties-cloud9-environmentec2-repository.html",
      "Properties": {
        "PathComponent": {
          "Required": true,
          "Documentation": "http://docs.aws.amazon.com/AWSCloudFormation/latest/UserGuide/aws-properties-cloud9-environmentec2-repository.html#cfn-cloud9-environmentec2-repository-pathcomponent",
          "PrimitiveType": "String",
          "UpdateType": "Mutable"
        },
        "RepositoryUrl": {
          "Required": true,
          "Documentation": "http://docs.aws.amazon.com/AWSCloudFormation/latest/UserGuide/aws-properties-cloud9-environmentec2-repository.html#cfn-cloud9-environmentec2-repository-repositoryurl",
          "PrimitiveType": "String",
          "UpdateType": "Mutable"
        }
      }
    }
  },
  "ResourceType": {
    "AWS::Cloud9::EnvironmentEC2": {
      "Documentation": "http://docs.aws.amazon.com/AWSCloudFormation/latest/UserGuide/aws-resource-cloud9-environmentec2.html",
      "Attributes": {
        "Arn": {
          "PrimitiveType": "String"
        },
        "Name": {
          "PrimitiveType": "String"
        }
      },
      "Properties": {
        "Repositories": {
          "Type": "List",
          "Required": false,
          "Documentation": "http://docs.aws.amazon.com/AWSCloudFormation/latest/UserGuide/aws-resource-cloud9-environmentec2.html#cfn-cloud9-environmentec2-repositories",
          "ItemType": "Repository",
          "UpdateType": "Immutable"
        },
        "OwnerArn": {
          "Required": false,
          "Documentation": "http://docs.aws.amazon.com/AWSCloudFormation/latest/UserGuide/aws-resource-cloud9-environmentec2.html#cfn-cloud9-environmentec2-ownerarn",
          "PrimitiveType": "String",
          "UpdateType": "Immutable"
        },
        "Description": {
          "Required": false,
          "Documentation": "http://docs.aws.amazon.com/AWSCloudFormation/latest/UserGuide/aws-resource-cloud9-environmentec2.html#cfn-cloud9-environmentec2-description",
          "PrimitiveType": "String",
          "UpdateType": "Immutable"
        },
        "AutomaticStopTimeMinutes": {
          "Required": false,
          "Documentation": "http://docs.aws.amazon.com/AWSCloudFormation/latest/UserGuide/aws-resource-cloud9-environmentec2.html#cfn-cloud9-environmentec2-automaticstoptimeminutes",
          "PrimitiveType": "Integer",
          "UpdateType": "Immutable"
        },
        "SubnetId": {
          "Required": false,
          "Documentation": "http://docs.aws.amazon.com/AWSCloudFormation/latest/UserGuide/aws-resource-cloud9-environmentec2.html#cfn-cloud9-environmentec2-subnetid",
          "PrimitiveType": "String",
          "UpdateType": "Immutable"
        },
        "InstanceType": {
          "Required": true,
          "Documentation": "http://docs.aws.amazon.com/AWSCloudFormation/latest/UserGuide/aws-resource-cloud9-environmentec2.html#cfn-cloud9-environmentec2-instancetype",
          "PrimitiveType": "String",
          "UpdateType": "Immutable"
        },
        "Name": {
          "Required": false,
          "Documentation": "http://docs.aws.amazon.com/AWSCloudFormation/latest/UserGuide/aws-resource-cloud9-environmentec2.html#cfn-cloud9-environmentec2-name",
          "PrimitiveType": "String",
          "UpdateType": "Immutable"
        }
      }
    }
  },
  "ResourceSpecificationVersion": "3.0.0"
}