{
  "PropertyTypes": {
    "AWS::CloudFront::CloudFrontOriginAccessIdentity.CloudFrontOriginAccessIdentityConfig": {
      "Documentation": "http://docs.aws.amazon.com/AWSCloudFormation/latest/UserGuide/aws-properties-cloudfront-cloudfrontoriginaccessidentity-cloudfrontoriginaccessidentityconfig.html",
      "Properties": {
        "Comment": {
          "Required": true,
          "Documentation": "http://docs.aws.amazon.com/AWSCloudFormation/latest/UserGuide/aws-properties-cloudfront-cloudfrontoriginaccessidentity-cloudfrontoriginaccessidentityconfig.html#cfn-cloudfront-cloudfrontoriginaccessidentity-cloudfrontoriginaccessidentityconfig-comment",
          "PrimitiveType": "String",
          "UpdateType": "Mutable"
        }
      }
    }
  },
  "ResourceType": {
    "AWS::CloudFront::CloudFrontOriginAccessIdentity": {
      "Documentation": "http://docs.aws.amazon.com/AWSCloudFormation/latest/UserGuide/aws-resource-cloudfront-cloudfrontoriginaccessidentity.html",
      "Attributes": {
        "S3CanonicalUserId": {
          "PrimitiveType": "String"
        }
      },
      "Properties": {
        "CloudFrontOriginAccessIdentityConfig": {
          "Type": "CloudFrontOriginAccessIdentityConfig",
          "Required": true,
          "Documentation": "http://docs.aws.amazon.com/AWSCloudFormation/latest/UserGuide/aws-resource-cloudfront-cloudfrontoriginaccessidentity.html#cfn-cloudfront-cloudfrontoriginaccessidentity-cloudfrontoriginaccessidentityconfig",
          "UpdateType": "Mutable"
        }
      }
    }
  },
  "ResourceSpecificationVersion": "3.0.0"
}