{
  "PropertyTypes": {
    "AWS::CodeDeploy::DeploymentConfig.MinimumHealthyHosts": {
      "Documentation": "http://docs.aws.amazon.com/AWSCloudFormation/latest/UserGuide/aws-properties-codedeploy-deploymentconfig-minimumhealthyhosts.html",
      "Properties": {
        "Type": {
          "Documentation": "http://docs.aws.amazon.com/AWSCloudFormation/latest/UserGuide/aws-properties-codedeploy-deploymentconfig-minimumhealthyhosts.html#cfn-codedeploy-deploymentconfig-minimumhealthyhosts-type",
          "PrimitiveType": "String",
          "Required": true,
          "UpdateType": "Mutable"
        },
        "Value": {
          "Documentation": "http://docs.aws.amazon.com/AWSCloudFormation/latest/UserGuide/aws-properties-codedeploy-deploymentconfig-minimumhealthyhosts.html#cfn-codedeploy-deploymentconfig-minimumhealthyhosts-value",
          "PrimitiveType": "Integer",
          "Required": true,
          "UpdateType": "Mutable"
        }
      }
    }
  },
  "ResourceType": {
    "AWS::CodeDeploy::DeploymentConfig": {
      "Documentation": "http://docs.aws.amazon.com/AWSCloudFormation/latest/UserGuide/aws-resource-codedeploy-deploymentconfig.html",
      "Properties": {
        "DeploymentConfigName": {
          "Documentation": "http://docs.aws.amazon.com/AWSCloudFormation/latest/UserGuide/aws-resource-codedeploy-deploymentconfig.html#cfn-codedeploy-deploymentconfig-deploymentconfigname",
          "PrimitiveType": "String",
          "Required": false,
          "UpdateType": "Immutable"
        },
        "MinimumHealthyHosts": {
          "Documentation": "http://docs.aws.amazon.com/AWSCloudFormation/latest/UserGuide/aws-resource-codedeploy-deploymentconfig.html#cfn-codedeploy-deploymentconfig-minimumhealthyhosts",
          "Required": false,
          "Type": "MinimumHealthyHosts",
          "UpdateType": "Immutable"
        }
      }
    }
  },
  "ResourceSpecificationVersion": "3.0.0"
}