{
  "PropertyTypes": {
    "AWS::CodePipeline::CustomActionType.ArtifactDetails": {
      "Documentation": "http://docs.aws.amazon.com/AWSCloudFormation/latest/UserGuide/aws-properties-codepipeline-customactiontype-artifactdetails.html",
      "Properties": {
        "MaximumCount": {
          "Documentation": "http://docs.aws.amazon.com/AWSCloudFormation/latest/UserGuide/aws-properties-codepipeline-customactiontype-artifactdetails.html#cfn-codepipeline-customactiontype-artifactdetails-maximumcount",
          "PrimitiveType": "Integer",
          "Required": true,
          "UpdateType": "Mutable"
        },
        "MinimumCount": {
          "Documentation": "http://docs.aws.amazon.com/AWSCloudFormation/latest/UserGuide/aws-properties-codepipeline-customactiontype-artifactdetails.html#cfn-codepipeline-customactiontype-artifactdetails-minimumcount",
          "PrimitiveType": "Integer",
          "Required": true,
          "UpdateType": "Mutable"
        }
      }
    },
    "AWS::CodePipeline::CustomActionType.ConfigurationProperties": {
      "Documentation": "http://docs.aws.amazon.com/AWSCloudFormation/latest/UserGuide/aws-properties-codepipeline-customactiontype-configurationproperties.html",
      "Properties": {
        "Description": {
          "Documentation": "http://docs.aws.amazon.com/AWSCloudFormation/latest/UserGuide/aws-properties-codepipeline-customactiontype-configurationproperties.html#cfn-codepipeline-customactiontype-configurationproperties-description",
          "PrimitiveType": "String",
          "Required": false,
          "UpdateType": "Mutable"
        },
        "Key": {
          "Documentation": "http://docs.aws.amazon.com/AWSCloudFormation/latest/UserGuide/aws-properties-codepipeline-customactiontype-configurationproperties.html#cfn-codepipeline-customactiontype-configurationproperties-key",
          "PrimitiveType": "Boolean",
          "Required": true,
          "UpdateType": "Mutable"
        },
        "Name": {
          "Documentation": "http://docs.aws.amazon.com/AWSCloudFormation/latest/UserGuide/aws-properties-codepipeline-customactiontype-configurationproperties.html#cfn-codepipeline-customactiontype-configurationproperties-name",
          "PrimitiveType": "String",
          "Required": true,
          "UpdateType": "Mutable"
        },
        "Queryable": {
          "Documentation": "http://docs.aws.amazon.com/AWSCloudFormation/latest/UserGuide/aws-properties-codepipeline-customactiontype-configurationproperties.html#cfn-codepipeline-customactiontype-configurationproperties-queryable",
          "PrimitiveType": "Boolean",
          "Required": false,
          "UpdateType": "Mutable"
        },
        "Required": {
          "Documentation": "http://docs.aws.amazon.com/AWSCloudFormation/latest/UserGuide/aws-properties-codepipeline-customactiontype-configurationproperties.html#cfn-codepipeline-customactiontype-configurationproperties-required",
          "PrimitiveType": "Boolean",
          "Required": true,
          "UpdateType": "Mutable"
        },
        "Secret": {
          "Documentation": "http://docs.aws.amazon.com/AWSCloudFormation/latest/UserGuide/aws-properties-codepipeline-customactiontype-configurationproperties.html#cfn-codepipeline-customactiontype-configurationproperties-secret",
          "PrimitiveType": "Boolean",
          "Required": true,
          "UpdateType": "Mutable"
        },
        "Type": {
          "Documentation": "http://docs.aws.amazon.com/AWSCloudFormation/latest/UserGuide/aws-properties-codepipeline-customactiontype-configurationproperties.html#cfn-codepipeline-customactiontype-configurationproperties-type",
          "PrimitiveType": "String",
          "Required": false,
          "UpdateType": "Mutable"
        }
      }
    },
    "AWS::CodePipeline::CustomActionType.Settings": {
      "Documentation": "http://docs.aws.amazon.com/AWSCloudFormation/latest/UserGuide/aws-properties-codepipeline-customactiontype-settings.html",
      "Properties": {
        "EntityUrlTemplate": {
          "Documentation": "http://docs.aws.amazon.com/AWSCloudFormation/latest/UserGuide/aws-properties-codepipeline-customactiontype-settings.html#cfn-codepipeline-customactiontype-settings-entityurltemplate",
          "PrimitiveType": "String",
          "Required": false,
          "UpdateType": "Mutable"
        },
        "ExecutionUrlTemplate": {
          "Documentation": "http://docs.aws.amazon.com/AWSCloudFormation/latest/UserGuide/aws-properties-codepipeline-customactiontype-settings.html#cfn-codepipeline-customactiontype-settings-executionurltemplate",
          "PrimitiveType": "String",
          "Required": false,
          "UpdateType": "Mutable"
        },
        "RevisionUrlTemplate": {
          "Documentation": "http://docs.aws.amazon.com/AWSCloudFormation/latest/UserGuide/aws-properties-codepipeline-customactiontype-settings.html#cfn-codepipeline-customactiontype-settings-revisionurltemplate",
          "PrimitiveType": "String",
          "Required": false,
          "UpdateType": "Mutable"
        },
        "ThirdPartyConfigurationUrl": {
          "Documentation": "http://docs.aws.amazon.com/AWSCloudFormation/latest/UserGuide/aws-properties-codepipeline-customactiontype-settings.html#cfn-codepipeline-customactiontype-settings-thirdpartyconfigurationurl",
          "PrimitiveType": "String",
          "Required": false,
          "UpdateType": "Mutable"
        }
      }
    }
  },
  "ResourceType": {
    "AWS::CodePipeline::CustomActionType": {
      "Documentation": "http://docs.aws.amazon.com/AWSCloudFormation/latest/UserGuide/aws-resource-codepipeline-customactiontype.html",
      "Properties": {
        "Category": {
          "Documentation": "http://docs.aws.amazon.com/AWSCloudFormation/latest/UserGuide/aws-resource-codepipeline-customactiontype.html#cfn-codepipeline-customactiontype-category",
          "PrimitiveType": "String",
          "Required": true,
          "UpdateType": "Immutable"
        },
        "ConfigurationProperties": {
          "Documentation": "http://docs.aws.amazon.com/AWSCloudFormation/latest/UserGuide/aws-resource-codepipeline-customactiontype.html#cfn-codepipeline-customactiontype-configurationproperties",
          "DuplicatesAllowed": false,
          "ItemType": "ConfigurationProperties",
          "Required": false,
          "Type": "List",
          "UpdateType": "Immutable"
        },
        "InputArtifactDetails": {
          "Documentation": "http://docs.aws.amazon.com/AWSCloudFormation/latest/UserGuide/aws-resource-codepipeline-customactiontype.html#cfn-codepipeline-customactiontype-inputartifactdetails",
          "Required": true,
          "Type": "ArtifactDetails",
          "UpdateType": "Immutable"
        },
        "OutputArtifactDetails": {
          "Documentation": "http://docs.aws.amazon.com/AWSCloudFormation/latest/UserGuide/aws-resource-codepipeline-customactiontype.html#cfn-codepipeline-customactiontype-outputartifactdetails",
          "Required": true,
          "Type": "ArtifactDetails",
          "UpdateType": "Immutable"
        },
        "Provider": {
          "Documentation": "http://docs.aws.amazon.com/AWSCloudFormation/latest/UserGuide/aws-resource-codepipeline-customactiontype.html#cfn-codepipeline-customactiontype-provider",
          "PrimitiveType": "String",
          "Required": true,
          "UpdateType": "Immutable"
        },
        "Settings": {
          "Documentation": "http://docs.aws.amazon.com/AWSCloudFormation/latest/UserGuide/aws-resource-codepipeline-customactiontype.html#cfn-codepipeline-customactiontype-settings",
          "Required": false,
          "Type": "Settings",
          "UpdateType": "Immutable"
        },
        "Version": {
          "Documentation": "http://docs.aws.amazon.com/AWSCloudFormation/latest/UserGuide/aws-resource-codepipeline-customactiontype.html#cfn-codepipeline-customactiontype-version",
          "PrimitiveType": "String",
          "Required": false,
          "UpdateType": "Immutable"
        }
      }
    }
  },
  "ResourceSpecificationVersion": "3.0.0"
}