{
  "PropertyTypes": {
    "AWS::CodePipeline::Pipeline.ActionDeclaration": {
      "Documentation": "http://docs.aws.amazon.com/AWSCloudFormation/latest/UserGuide/aws-properties-codepipeline-pipeline-stages-actions.html",
      "Properties": {
        "ActionTypeId": {
          "Documentation": "http://docs.aws.amazon.com/AWSCloudFormation/latest/UserGuide/aws-properties-codepipeline-pipeline-stages-actions.html#cfn-codepipeline-pipeline-stages-actions-actiontypeid",
          "Required": true,
          "Type": "ActionTypeId",
          "UpdateType": "Mutable"
        },
        "Configuration": {
          "Documentation": "http://docs.aws.amazon.com/AWSCloudFormation/latest/UserGuide/aws-properties-codepipeline-pipeline-stages-actions.html#cfn-codepipeline-pipeline-stages-actions-configuration",
          "PrimitiveType": "Json",
          "Required": false,
          "UpdateType": "Mutable"
        },
        "InputArtifacts": {
          "Documentation": "http://docs.aws.amazon.com/AWSCloudFormation/latest/UserGuide/aws-properties-codepipeline-pipeline-stages-actions.html#cfn-codepipeline-pipeline-stages-actions-inputartifacts",
          "DuplicatesAllowed": false,
          "ItemType": "InputArtifact",
          "Required": false,
          "Type": "List",
          "UpdateType": "Mutable"
        },
        "Name": {
          "Documentation": "http://docs.aws.amazon.com/AWSCloudFormation/latest/UserGuide/aws-properties-codepipeline-pipeline-stages-actions.html#cfn-codepipeline-pipeline-stages-actions-name",
          "PrimitiveType": "String",
          "Required": true,
          "UpdateType": "Mutable"
        },
        "OutputArtifacts": {
          "Documentation": "http://docs.aws.amazon.com/AWSCloudFormation/latest/UserGuide/aws-properties-codepipeline-pipeline-stages-actions.html#cfn-codepipeline-pipeline-stages-actions-outputartifacts",
          "DuplicatesAllowed": false,
          "ItemType": "OutputArtifact",
          "Required": false,
          "Type": "List",
          "UpdateType": "Mutable"
        },
        "Region": {
          "Documentation": "http://docs.aws.amazon.com/AWSCloudFormation/latest/UserGuide/aws-properties-codepipeline-pipeline-stages-actions.html#cfn-codepipeline-pipeline-stages-actions-region",
          "PrimitiveType": "String",
          "Required": false,
          "UpdateType": "Mutable"
        },
        "RoleArn": {
          "Documentation": "http://docs.aws.amazon.com/AWSCloudFormation/latest/UserGuide/aws-properties-codepipeline-pipeline-stages-actions.html#cfn-codepipeline-pipeline-stages-actions-rolearn",
          "PrimitiveType": "String",
          "Required": false,
          "UpdateType": "Mutable"
        },
        "RunOrder": {
          "Documentation": "http://docs.aws.amazon.com/AWSCloudFormation/latest/UserGuide/aws-properties-codepipeline-pipeline-stages-actions.html#cfn-codepipeline-pipeline-stages-actions-runorder",
          "PrimitiveType": "Integer",
          "Required": false,
          "UpdateType": "Mutable"
        }
      }
    },
    "AWS::CodePipeline::Pipeline.ActionTypeId": {
      "Documentation": "http://docs.aws.amazon.com/AWSCloudFormation/latest/UserGuide/aws-properties-codepipeline-pipeline-stages-actions-actiontypeid.html",
      "Properties": {
        "Category": {
          "Documentation": "http://docs.aws.amazon.com/AWSCloudFormation/latest/UserGuide/aws-properties-codepipeline-pipeline-stages-actions-actiontypeid.html#cfn-codepipeline-pipeline-stages-actions-actiontypeid-category",
          "PrimitiveType": "String",
          "Required": true,
          "UpdateType": "Mutable"
        },
        "Owner": {
          "Documentation": "http://docs.aws.amazon.com/AWSCloudFormation/latest/UserGuide/aws-properties-codepipeline-pipeline-stages-actions-actiontypeid.html#cfn-codepipeline-pipeline-stages-actions-actiontypeid-owner",
          "PrimitiveType": "String",
          "Required": true,
          "UpdateType": "Mutable"
        },
        "Provider": {
          "Documentation": "http://docs.aws.amazon.com/AWSCloudFormation/latest/UserGuide/aws-properties-codepipeline-pipeline-stages-actions-actiontypeid.html#cfn-codepipeline-pipeline-stages-actions-actiontypeid-provider",
          "PrimitiveType": "String",
          "Required": true,
          "UpdateType": "Mutable"
        },
        "Version": {
          "Documentation": "http://docs.aws.amazon.com/AWSCloudFormation/latest/UserGuide/aws-properties-codepipeline-pipeline-stages-actions-actiontypeid.html#cfn-codepipeline-pipeline-stages-actions-actiontypeid-version",
          "PrimitiveType": "String",
          "Required": true,
          "UpdateType": "Mutable"
        }
      }
    },
    "AWS::CodePipeline::Pipeline.ArtifactStore": {
      "Documentation": "http://docs.aws.amazon.com/AWSCloudFormation/latest/UserGuide/aws-properties-codepipeline-pipeline-artifactstore.html",
      "Properties": {
        "EncryptionKey": {
          "Documentation": "http://docs.aws.amazon.com/AWSCloudFormation/latest/UserGuide/aws-properties-codepipeline-pipeline-artifactstore.html#cfn-codepipeline-pipeline-artifactstore-encryptionkey",
          "Required": false,
          "Type": "EncryptionKey",
          "UpdateType": "Mutable"
        },
        "Location": {
          "Documentation": "http://docs.aws.amazon.com/AWSCloudFormation/latest/UserGuide/aws-properties-codepipeline-pipeline-artifactstore.html#cfn-codepipeline-pipeline-artifactstore-location",
          "PrimitiveType": "String",
          "Required": true,
          "UpdateType": "Mutable"
        },
        "Type": {
          "Documentation": "http://docs.aws.amazon.com/AWSCloudFormation/latest/UserGuide/aws-properties-codepipeline-pipeline-artifactstore.html#cfn-codepipeline-pipeline-artifactstore-type",
          "PrimitiveType": "String",
          "Required": true,
          "UpdateType": "Mutable"
        }
      }
    },
    "AWS::CodePipeline::Pipeline.ArtifactStoreMap": {
      "Documentation": "http://docs.aws.amazon.com/AWSCloudFormation/latest/UserGuide/aws-properties-codepipeline-pipeline-artifactstoremap.html",
      "Properties": {
        "ArtifactStore": {
          "Documentation": "http://docs.aws.amazon.com/AWSCloudFormation/latest/UserGuide/aws-properties-codepipeline-pipeline-artifactstoremap.html#cfn-codepipeline-pipeline-artifactstoremap-artifactstore",
          "Required": true,
          "Type": "ArtifactStore",
          "UpdateType": "Mutable"
        },
        "Region": {
          "Documentation": "http://docs.aws.amazon.com/AWSCloudFormation/latest/UserGuide/aws-properties-codepipeline-pipeline-artifactstoremap.html#cfn-codepipeline-pipeline-artifactstoremap-region",
          "PrimitiveType": "String",
          "Required": true,
          "UpdateType": "Mutable"
        }
      }
    },
    "AWS::CodePipeline::Pipeline.BlockerDeclaration": {
      "Documentation": "http://docs.aws.amazon.com/AWSCloudFormation/latest/UserGuide/aws-properties-codepipeline-pipeline-stages-blockers.html",
      "Properties": {
        "Name": {
          "Documentation": "http://docs.aws.amazon.com/AWSCloudFormation/latest/UserGuide/aws-properties-codepipeline-pipeline-stages-blockers.html#cfn-codepipeline-pipeline-stages-blockers-name",
          "PrimitiveType": "String",
          "Required": true,
          "UpdateType": "Mutable"
        },
        "Type": {
          "Documentation": "http://docs.aws.amazon.com/AWSCloudFormation/latest/UserGuide/aws-properties-codepipeline-pipeline-stages-blockers.html#cfn-codepipeline-pipeline-stages-blockers-type",
          "PrimitiveType": "String",
          "Required": true,
          "UpdateType": "Mutable"
        }
      }
    },
    "AWS::CodePipeline::Pipeline.EncryptionKey": {
      "Documentation": "http://docs.aws.amazon.com/AWSCloudFormation/latest/UserGuide/aws-properties-codepipeline-pipeline-artifactstore-encryptionkey.html",
      "Properties": {
        "Id": {
          "Documentation": "http://docs.aws.amazon.com/AWSCloudFormation/latest/UserGuide/aws-properties-codepipeline-pipeline-artifactstore-encryptionkey.html#cfn-codepipeline-pipeline-artifactstore-encryptionkey-id",
          "PrimitiveType": "String",
          "Required": true,
          "UpdateType": "Mutable"
        },
        "Type": {
          "Documentation": "http://docs.aws.amazon.com/AWSCloudFormation/latest/UserGuide/aws-properties-codepipeline-pipeline-artifactstore-encryptionkey.html#cfn-codepipeline-pipeline-artifactstore-encryptionkey-type",
          "PrimitiveType": "String",
          "Required": true,
          "UpdateType": "Mutable"
        }
      }
    },
    "AWS::CodePipeline::Pipeline.InputArtifact": {
      "Documentation": "http://docs.aws.amazon.com/AWSCloudFormation/latest/UserGuide/aws-properties-codepipeline-pipeline-stages-actions-inputartifacts.html",
      "Properties": {
        "Name": {
          "Documentation": "http://docs.aws.amazon.com/AWSCloudFormation/latest/UserGuide/aws-properties-codepipeline-pipeline-stages-actions-inputartifacts.html#cfn-codepipeline-pipeline-stages-actions-inputartifacts-name",
          "PrimitiveType": "String",
          "Required": true,
          "UpdateType": "Mutable"
        }
      }
    },
    "AWS::CodePipeline::Pipeline.OutputArtifact": {
      "Documentation": "http://docs.aws.amazon.com/AWSCloudFormation/latest/UserGuide/aws-properties-codepipeline-pipeline-stages-actions-outputartifacts.html",
      "Properties": {
        "Name": {
          "Documentation": "http://docs.aws.amazon.com/AWSCloudFormation/latest/UserGuide/aws-properties-codepipeline-pipeline-stages-actions-outputartifacts.html#cfn-codepipeline-pipeline-stages-actions-outputartifacts-name",
          "PrimitiveType": "String",
          "Required": true,
          "UpdateType": "Mutable"
        }
      }
    },
    "AWS::CodePipeline::Pipeline.StageDeclaration": {
      "Documentation": "http://docs.aws.amazon.com/AWSCloudFormation/latest/UserGuide/aws-properties-codepipeline-pipeline-stages.html",
      "Properties": {
        "Actions": {
          "Documentation": "http://docs.aws.amazon.com/AWSCloudFormation/latest/UserGuide/aws-properties-codepipeline-pipeline-stages.html#cfn-codepipeline-pipeline-stages-actions",
          "DuplicatesAllowed": false,
          "ItemType": "ActionDeclaration",
          "Required": true,
          "Type": "List",
          "UpdateType": "Mutable"
        },
        "Blockers": {
          "Documentation": "http://docs.aws.amazon.com/AWSCloudFormation/latest/UserGuide/aws-properties-codepipeline-pipeline-stages.html#cfn-codepipeline-pipeline-stages-blockers",
          "DuplicatesAllowed": false,
          "ItemType": "BlockerDeclaration",
          "Required": false,
          "Type": "List",
          "UpdateType": "Mutable"
        },
        "Name": {
          "Documentation": "http://docs.aws.amazon.com/AWSCloudFormation/latest/UserGuide/aws-properties-codepipeline-pipeline-stages.html#cfn-codepipeline-pipeline-stages-name",
          "PrimitiveType": "String",
          "Required": true,
          "UpdateType": "Mutable"
        }
      }
    },
    "AWS::CodePipeline::Pipeline.StageTransition": {
      "Documentation": "http://docs.aws.amazon.com/AWSCloudFormation/latest/UserGuide/aws-properties-codepipeline-pipeline-disableinboundstagetransitions.html",
      "Properties": {
        "Reason": {
          "Documentation": "http://docs.aws.amazon.com/AWSCloudFormation/latest/UserGuide/aws-properties-codepipeline-pipeline-disableinboundstagetransitions.html#cfn-codepipeline-pipeline-disableinboundstagetransitions-reason",
          "PrimitiveType": "String",
          "Required": true,
          "UpdateType": "Mutable"
        },
        "StageName": {
          "Documentation": "http://docs.aws.amazon.com/AWSCloudFormation/latest/UserGuide/aws-properties-codepipeline-pipeline-disableinboundstagetransitions.html#cfn-codepipeline-pipeline-disableinboundstagetransitions-stagename",
          "PrimitiveType": "String",
          "Required": true,
          "UpdateType": "Mutable"
        }
      }
    }
  },
  "ResourceType": {
    "AWS::CodePipeline::Pipeline": {
      "Attributes": {
        "Version": {
          "PrimitiveType": "String"
        }
      },
      "Documentation": "http://docs.aws.amazon.com/AWSCloudFormation/latest/UserGuide/aws-resource-codepipeline-pipeline.html",
      "Properties": {
        "ArtifactStore": {
          "Documentation": "http://docs.aws.amazon.com/AWSCloudFormation/latest/UserGuide/aws-resource-codepipeline-pipeline.html#cfn-codepipeline-pipeline-artifactstore",
          "Required": false,
          "Type": "ArtifactStore",
          "UpdateType": "Mutable"
        },
        "ArtifactStores": {
          "Documentation": "http://docs.aws.amazon.com/AWSCloudFormation/latest/UserGuide/aws-resource-codepipeline-pipeline.html#cfn-codepipeline-pipeline-artifactstores",
          "DuplicatesAllowed": false,
          "ItemType": "ArtifactStoreMap",
          "Required": false,
          "Type": "List",
          "UpdateType": "Mutable"
        },
        "DisableInboundStageTransitions": {
          "Documentation": "http://docs.aws.amazon.com/AWSCloudFormation/latest/UserGuide/aws-resource-codepipeline-pipeline.html#cfn-codepipeline-pipeline-disableinboundstagetransitions",
          "DuplicatesAllowed": false,
          "ItemType": "StageTransition",
          "Required": false,
          "Type": "List",
          "UpdateType": "Mutable"
        },
        "Name": {
          "Documentation": "http://docs.aws.amazon.com/AWSCloudFormation/latest/UserGuide/aws-resource-codepipeline-pipeline.html#cfn-codepipeline-pipeline-name",
          "PrimitiveType": "String",
          "Required": false,
          "UpdateType": "Immutable"
        },
        "RestartExecutionOnUpdate": {
          "Documentation": "http://docs.aws.amazon.com/AWSCloudFormation/latest/UserGuide/aws-resource-codepipeline-pipeline.html#cfn-codepipeline-pipeline-restartexecutiononupdate",
          "PrimitiveType": "Boolean",
          "Required": false,
          "UpdateType": "Mutable"
        },
        "RoleArn": {
          "Documentation": "http://docs.aws.amazon.com/AWSCloudFormation/latest/UserGuide/aws-resource-codepipeline-pipeline.html#cfn-codepipeline-pipeline-rolearn",
          "PrimitiveType": "String",
          "Required": true,
          "UpdateType": "Mutable"
        },
        "Stages": {
          "Documentation": "http://docs.aws.amazon.com/AWSCloudFormation/latest/UserGuide/aws-resource-codepipeline-pipeline.html#cfn-codepipeline-pipeline-stages",
          "DuplicatesAllowed": false,
          "ItemType": "StageDeclaration",
          "Required": true,
          "Type": "List",
          "UpdateType": "Mutable"
        }
      }
    }
  },
  "ResourceSpecificationVersion": "3.0.0"
}