{
  "PropertyTypes": {
    "AWS::CodeDeploy::DeploymentGroup.Alarm": {
      "Documentation": "http://docs.aws.amazon.com/AWSCloudFormation/latest/UserGuide/aws-properties-codedeploy-deploymentgroup-alarm.html",
      "Properties": {
        "Name": {
          "Documentation": "http://docs.aws.amazon.com/AWSCloudFormation/latest/UserGuide/aws-properties-codedeploy-deploymentgroup-alarm.html#cfn-codedeploy-deploymentgroup-alarm-name",
          "PrimitiveType": "String",
          "Required": false,
          "UpdateType": "Mutable"
        }
      }
    },
    "AWS::CodeDeploy::DeploymentGroup.AlarmConfiguration": {
      "Documentation": "http://docs.aws.amazon.com/AWSCloudFormation/latest/UserGuide/aws-properties-codedeploy-deploymentgroup-alarmconfiguration.html",
      "Properties": {
        "Alarms": {
          "Documentation": "http://docs.aws.amazon.com/AWSCloudFormation/latest/UserGuide/aws-properties-codedeploy-deploymentgroup-alarmconfiguration.html#cfn-codedeploy-deploymentgroup-alarmconfiguration-alarms",
          "DuplicatesAllowed": false,
          "ItemType": "Alarm",
          "Required": false,
          "Type": "List",
          "UpdateType": "Mutable"
        },
        "Enabled": {
          "Documentation": "http://docs.aws.amazon.com/AWSCloudFormation/latest/UserGuide/aws-properties-codedeploy-deploymentgroup-alarmconfiguration.html#cfn-codedeploy-deploymentgroup-alarmconfiguration-enabled",
          "PrimitiveType": "Boolean",
          "Required": false,
          "UpdateType": "Mutable"
        },
        "IgnorePollAlarmFailure": {
          "Documentation": "http://docs.aws.amazon.com/AWSCloudFormation/latest/UserGuide/aws-properties-codedeploy-deploymentgroup-alarmconfiguration.html#cfn-codedeploy-deploymentgroup-alarmconfiguration-ignorepollalarmfailure",
          "PrimitiveType": "Boolean",
          "Required": false,
          "UpdateType": "Mutable"
        }
      }
    },
    "AWS::CodeDeploy::DeploymentGroup.AutoRollbackConfiguration": {
      "Documentation": "http://docs.aws.amazon.com/AWSCloudFormation/latest/UserGuide/aws-properties-codedeploy-deploymentgroup-autorollbackconfiguration.html",
      "Properties": {
        "Enabled": {
          "Documentation": "http://docs.aws.amazon.com/AWSCloudFormation/latest/UserGuide/aws-properties-codedeploy-deploymentgroup-autorollbackconfiguration.html#cfn-codedeploy-deploymentgroup-autorollbackconfiguration-enabled",
          "PrimitiveType": "Boolean",
          "Required": false,
          "UpdateType": "Mutable"
        },
        "Events": {
          "Documentation": "http://docs.aws.amazon.com/AWSCloudFormation/latest/UserGuide/aws-properties-codedeploy-deploymentgroup-autorollbackconfiguration.html#cfn-codedeploy-deploymentgroup-autorollbackconfiguration-events",
          "DuplicatesAllowed": false,
          "PrimitiveItemType": "String",
          "Required": false,
          "Type": "List",
          "UpdateType": "Mutable"
        }
      }
    },
    "AWS::CodeDeploy::DeploymentGroup.Deployment": {
      "Documentation": "http://docs.aws.amazon.com/AWSCloudFormation/latest/UserGuide/aws-properties-codedeploy-deploymentgroup-deployment.html",
      "Properties": {
        "Description": {
          "Documentation": "http://docs.aws.amazon.com/AWSCloudFormation/latest/UserGuide/aws-properties-codedeploy-deploymentgroup-deployment.html#cfn-properties-codedeploy-deploymentgroup-deployment-description",
          "PrimitiveType": "String",
          "Required": false,
          "UpdateType": "Mutable"
        },
        "IgnoreApplicationStopFailures": {
          "Documentation": "http://docs.aws.amazon.com/AWSCloudFormation/latest/UserGuide/aws-properties-codedeploy-deploymentgroup-deployment.html#cfn-properties-codedeploy-deploymentgroup-deployment-ignoreapplicationstopfailures",
          "PrimitiveType": "Boolean",
          "Required": false,
          "UpdateType": "Mutable"
        },
        "Revision": {
          "Documentation": "http://docs.aws.amazon.com/AWSCloudFormation/latest/UserGuide/aws-properties-codedeploy-deploymentgroup-deployment.html#cfn-properties-codedeploy-deploymentgroup-deployment-revision",
          "Required": true,
          "Type": "RevisionLocation",
          "UpdateType": "Mutable"
        }
      }
    },
    "AWS::CodeDeploy::DeploymentGroup.DeploymentStyle": {
      "Documentation": "http://docs.aws.amazon.com/AWSCloudFormation/latest/UserGuide/aws-properties-codedeploy-deploymentgroup-deploymentstyle.html",
      "Properties": {
        "DeploymentOption": {
          "Documentation": "http://docs.aws.amazon.com/AWSCloudFormation/latest/UserGuide/aws-properties-codedeploy-deploymentgroup-deploymentstyle.html#cfn-codedeploy-deploymentgroup-deploymentstyle-deploymentoption",
          "PrimitiveType": "String",
          "Required": false,
          "UpdateType": "Mutable"
        },
        "DeploymentType": {
          "Documentation": "http://docs.aws.amazon.com/AWSCloudFormation/latest/UserGuide/aws-properties-codedeploy-deploymentgroup-deploymentstyle.html#cfn-codedeploy-deploymentgroup-deploymentstyle-deploymenttype",
          "PrimitiveType": "String",
          "Required": false,
          "UpdateType": "Mutable"
        }
      }
    },
    "AWS::CodeDeploy::DeploymentGroup.EC2TagFilter": {
      "Documentation": "http://docs.aws.amazon.com/AWSCloudFormation/latest/UserGuide/aws-properties-codedeploy-deploymentgroup-ec2tagfilter.html",
      "Properties": {
        "Key": {
          "Documentation": "http://docs.aws.amazon.com/AWSCloudFormation/latest/UserGuide/aws-properties-codedeploy-deploymentgroup-ec2tagfilter.html#cfn-codedeploy-deploymentgroup-ec2tagfilter-key",
          "PrimitiveType": "String",
          "Required": false,
          "UpdateType": "Mutable"
        },
        "Type": {
          "Documentation": "http://docs.aws.amazon.com/AWSCloudFormation/latest/UserGuide/aws-properties-codedeploy-deploymentgroup-ec2tagfilter.html#cfn-codedeploy-deploymentgroup-ec2tagfilter-type",
          "PrimitiveType": "String",
          "Required": false,
          "UpdateType": "Mutable"
        },
        "Value": {
          "Documentation": "http://docs.aws.amazon.com/AWSCloudFormation/latest/UserGuide/aws-properties-codedeploy-deploymentgroup-ec2tagfilter.html#cfn-codedeploy-deploymentgroup-ec2tagfilter-value",
          "PrimitiveType": "String",
          "Required": false,
          "UpdateType": "Mutable"
        }
      }
    },
    "AWS::CodeDeploy::DeploymentGroup.EC2TagSet": {
      "Documentation": "http://docs.aws.amazon.com/AWSCloudFormation/latest/UserGuide/aws-properties-codedeploy-deploymentgroup-ec2tagset.html",
      "Properties": {
        "Ec2TagSetList": {
          "Documentation": "http://docs.aws.amazon.com/AWSCloudFormation/latest/UserGuide/aws-properties-codedeploy-deploymentgroup-ec2tagset.html#cfn-codedeploy-deploymentgroup-ec2tagset-ec2tagsetlist",
          "DuplicatesAllowed": false,
          "ItemType": "EC2TagSetListObject",
          "Required": false,
          "Type": "List",
          "UpdateType": "Mutable"
        }
      }
    },
    "AWS::CodeDeploy::DeploymentGroup.EC2TagSetListObject": {
      "Documentation": "http://docs.aws.amazon.com/AWSCloudFormation/latest/UserGuide/aws-properties-codedeploy-deploymentgroup-ec2tagsetlistobject.html",
      "Properties": {
        "Ec2TagGroup": {
          "Documentation": "http://docs.aws.amazon.com/AWSCloudFormation/latest/UserGuide/aws-properties-codedeploy-deploymentgroup-ec2tagsetlistobject.html#cfn-codedeploy-deploymentgroup-ec2tagsetlistobject-ec2taggroup",
          "DuplicatesAllowed": false,
          "ItemType": "EC2TagFilter",
          "Required": false,
          "Type": "List",
          "UpdateType": "Mutable"
        }
      }
    },
    "AWS::CodeDeploy::DeploymentGroup.ELBInfo": {
      "Documentation": "http://docs.aws.amazon.com/AWSCloudFormation/latest/UserGuide/aws-properties-codedeploy-deploymentgroup-elbinfo.html",
      "Properties": {
        "Name": {
          "Documentation": "http://docs.aws.amazon.com/AWSCloudFormation/latest/UserGuide/aws-properties-codedeploy-deploymentgroup-elbinfo.html#cfn-codedeploy-deploymentgroup-elbinfo-name",
          "PrimitiveType": "String",
          "Required": false,
          "UpdateType": "Mutable"
        }
      }
    },
    "AWS::CodeDeploy::DeploymentGroup.GitHubLocation": {
      "Documentation": "http://docs.aws.amazon.com/AWSCloudFormation/latest/UserGuide/aws-properties-codedeploy-deploymentgroup-deployment-revision-githublocation.html",
      "Properties": {
        "CommitId": {
          "Documentation": "http://docs.aws.amazon.com/AWSCloudFormation/latest/UserGuide/aws-properties-codedeploy-deploymentgroup-deployment-revision-githublocation.html#cfn-properties-codedeploy-deploymentgroup-deployment-revision-githublocation-commitid",
          "PrimitiveType": "String",
          "Required": true,
          "UpdateType": "Mutable"
        },
        "Repository": {
          "Documentation": "http://docs.aws.amazon.com/AWSCloudFormation/latest/UserGuide/aws-properties-codedeploy-deploymentgroup-deployment-revision-githublocation.html#cfn-properties-codedeploy-deploymentgroup-deployment-revision-githublocation-repository",
          "PrimitiveType": "String",
          "Required": true,
          "UpdateType": "Mutable"
        }
      }
    },
    "AWS::CodeDeploy::DeploymentGroup.LoadBalancerInfo": {
      "Documentation": "http://docs.aws.amazon.com/AWSCloudFormation/latest/UserGuide/aws-properties-codedeploy-deploymentgroup-loadbalancerinfo.html",
      "Properties": {
        "ElbInfoList": {
          "Documentation": "http://docs.aws.amazon.com/AWSCloudFormation/latest/UserGuide/aws-properties-codedeploy-deploymentgroup-loadbalancerinfo.html#cfn-codedeploy-deploymentgroup-loadbalancerinfo-elbinfolist",
          "DuplicatesAllowed": false,
          "ItemType": "ELBInfo",
          "Required": false,
          "Type": "List",
          "UpdateType": "Mutable"
        },
        "TargetGroupInfoList": {
          "Documentation": "http://docs.aws.amazon.com/AWSCloudFormation/latest/UserGuide/aws-properties-codedeploy-deploymentgroup-loadbalancerinfo.html#cfn-codedeploy-deploymentgroup-loadbalancerinfo-targetgroupinfolist",
          "DuplicatesAllowed": false,
          "ItemType": "TargetGroupInfo",
          "Required": false,
          "Type": "List",
          "UpdateType": "Mutable"
        }
      }
    },
    "AWS::CodeDeploy::DeploymentGroup.OnPremisesTagSet": {
      "Documentation": "http://docs.aws.amazon.com/AWSCloudFormation/latest/UserGuide/aws-properties-codedeploy-deploymentgroup-onpremisestagset.html",
      "Properties": {
        "OnPremisesTagSetList": {
          "Documentation": "http://docs.aws.amazon.com/AWSCloudFormation/latest/UserGuide/aws-properties-codedeploy-deploymentgroup-onpremisestagset.html#cfn-codedeploy-deploymentgroup-onpremisestagset-onpremisestagsetlist",
          "DuplicatesAllowed": false,
          "ItemType": "OnPremisesTagSetListObject",
          "Required": false,
          "Type": "List",
          "UpdateType": "Mutable"
        }
      }
    },
    "AWS::CodeDeploy::DeploymentGroup.OnPremisesTagSetListObject": {
      "Documentation": "http://docs.aws.amazon.com/AWSCloudFormation/latest/UserGuide/aws-properties-codedeploy-deploymentgroup-onpremisestagsetlistobject.html",
      "Properties": {
        "OnPremisesTagGroup": {
          "Documentation": "http://docs.aws.amazon.com/AWSCloudFormation/latest/UserGuide/aws-properties-codedeploy-deploymentgroup-onpremisestagsetlistobject.html#cfn-codedeploy-deploymentgroup-onpremisestagsetlistobject-onpremisestaggroup",
          "DuplicatesAllowed": false,
          "ItemType": "TagFilter",
          "Required": false,
          "Type": "List",
          "UpdateType": "Mutable"
        }
      }
    },
    "AWS::CodeDeploy::DeploymentGroup.RevisionLocation": {
      "Documentation": "http://docs.aws.amazon.com/AWSCloudFormation/latest/UserGuide/aws-properties-codedeploy-deploymentgroup-deployment-revision.html",
      "Properties": {
        "GitHubLocation": {
          "Documentation": "http://docs.aws.amazon.com/AWSCloudFormation/latest/UserGuide/aws-properties-codedeploy-deploymentgroup-deployment-revision.html#cfn-properties-codedeploy-deploymentgroup-deployment-revision-githublocation",
          "Required": false,
          "Type": "GitHubLocation",
          "UpdateType": "Mutable"
        },
        "RevisionType": {
          "Documentation": "http://docs.aws.amazon.com/AWSCloudFormation/latest/UserGuide/aws-properties-codedeploy-deploymentgroup-deployment-revision.html#cfn-properties-codedeploy-deploymentgroup-deployment-revision-revisiontype",
          "PrimitiveType": "String",
          "Required": false,
          "UpdateType": "Mutable"
        },
        "S3Location": {
          "Documentation": "http://docs.aws.amazon.com/AWSCloudFormation/latest/UserGuide/aws-properties-codedeploy-deploymentgroup-deployment-revision.html#cfn-properties-codedeploy-deploymentgroup-deployment-revision-s3location",
          "Required": false,
          "Type": "S3Location",
          "UpdateType": "Mutable"
        }
      }
    },
    "AWS::CodeDeploy::DeploymentGroup.S3Location": {
      "Documentation": "http://docs.aws.amazon.com/AWSCloudFormation/latest/UserGuide/aws-properties-codedeploy-deploymentgroup-deployment-revision-s3location.html",
      "Properties": {
        "Bucket": {
          "Documentation": "http://docs.aws.amazon.com/AWSCloudFormation/latest/UserGuide/aws-properties-codedeploy-deploymentgroup-deployment-revision-s3location.html#cfn-properties-codedeploy-deploymentgroup-deployment-revision-s3location-bucket",
          "PrimitiveType": "String",
          "Required": true,
          "UpdateType": "Mutable"
        },
        "BundleType": {
          "Documentation": "http://docs.aws.amazon.com/AWSCloudFormation/latest/UserGuide/aws-properties-codedeploy-deploymentgroup-deployment-revision-s3location.html#cfn-properties-codedeploy-deploymentgroup-deployment-revision-s3location-bundletype",
          "PrimitiveType": "String",
          "Required": false,
          "UpdateType": "Mutable"
        },
        "ETag": {
          "Documentation": "http://docs.aws.amazon.com/AWSCloudFormation/latest/UserGuide/aws-properties-codedeploy-deploymentgroup-deployment-revision-s3location.html#cfn-properties-codedeploy-deploymentgroup-deployment-revision-s3location-etag",
          "PrimitiveType": "String",
          "Required": false,
          "UpdateType": "Mutable"
        },
        "Key": {
          "Documentation": "http://docs.aws.amazon.com/AWSCloudFormation/latest/UserGuide/aws-properties-codedeploy-deploymentgroup-deployment-revision-s3location.html#cfn-properties-codedeploy-deploymentgroup-deployment-revision-s3location-key",
          "PrimitiveType": "String",
          "Required": true,
          "UpdateType": "Mutable"
        },
        "Version": {
          "Documentation": "http://docs.aws.amazon.com/AWSCloudFormation/latest/UserGuide/aws-properties-codedeploy-deploymentgroup-deployment-revision-s3location.html#cfn-properties-codedeploy-deploymentgroup-deployment-revision-s3location-value",
          "PrimitiveType": "String",
          "Required": false,
          "UpdateType": "Mutable"
        }
      }
    },
    "AWS::CodeDeploy::DeploymentGroup.TagFilter": {
      "Documentation": "http://docs.aws.amazon.com/AWSCloudFormation/latest/UserGuide/aws-properties-codedeploy-deploymentgroup-tagfilter.html",
      "Properties": {
        "Key": {
          "Documentation": "http://docs.aws.amazon.com/AWSCloudFormation/latest/UserGuide/aws-properties-codedeploy-deploymentgroup-tagfilter.html#cfn-codedeploy-deploymentgroup-tagfilter-key",
          "PrimitiveType": "String",
          "Required": false,
          "UpdateType": "Mutable"
        },
        "Type": {
          "Documentation": "http://docs.aws.amazon.com/AWSCloudFormation/latest/UserGuide/aws-properties-codedeploy-deploymentgroup-tagfilter.html#cfn-codedeploy-deploymentgroup-tagfilter-type",
          "PrimitiveType": "String",
          "Required": false,
          "UpdateType": "Mutable"
        },
        "Value": {
          "Documentation": "http://docs.aws.amazon.com/AWSCloudFormation/latest/UserGuide/aws-properties-codedeploy-deploymentgroup-tagfilter.html#cfn-codedeploy-deploymentgroup-tagfilter-value",
          "PrimitiveType": "String",
          "Required": false,
          "UpdateType": "Mutable"
        }
      }
    },
    "AWS::CodeDeploy::DeploymentGroup.TargetGroupInfo": {
      "Documentation": "http://docs.aws.amazon.com/AWSCloudFormation/latest/UserGuide/aws-properties-codedeploy-deploymentgroup-targetgroupinfo.html",
      "Properties": {
        "Name": {
          "Documentation": "http://docs.aws.amazon.com/AWSCloudFormation/latest/UserGuide/aws-properties-codedeploy-deploymentgroup-targetgroupinfo.html#cfn-codedeploy-deploymentgroup-targetgroupinfo-name",
          "PrimitiveType": "String",
          "Required": false,
          "UpdateType": "Mutable"
        }
      }
    },
    "AWS::CodeDeploy::DeploymentGroup.TriggerConfig": {
      "Documentation": "http://docs.aws.amazon.com/AWSCloudFormation/latest/UserGuide/aws-properties-codedeploy-deploymentgroup-triggerconfig.html",
      "Properties": {
        "TriggerEvents": {
          "Documentation": "http://docs.aws.amazon.com/AWSCloudFormation/latest/UserGuide/aws-properties-codedeploy-deploymentgroup-triggerconfig.html#cfn-codedeploy-deploymentgroup-triggerconfig-triggerevents",
          "DuplicatesAllowed": false,
          "PrimitiveItemType": "String",
          "Required": false,
          "Type": "List",
          "UpdateType": "Mutable"
        },
        "TriggerName": {
          "Documentation": "http://docs.aws.amazon.com/AWSCloudFormation/latest/UserGuide/aws-properties-codedeploy-deploymentgroup-triggerconfig.html#cfn-codedeploy-deploymentgroup-triggerconfig-triggername",
          "PrimitiveType": "String",
          "Required": false,
          "UpdateType": "Mutable"
        },
        "TriggerTargetArn": {
          "Documentation": "http://docs.aws.amazon.com/AWSCloudFormation/latest/UserGuide/aws-properties-codedeploy-deploymentgroup-triggerconfig.html#cfn-codedeploy-deploymentgroup-triggerconfig-triggertargetarn",
          "PrimitiveType": "String",
          "Required": false,
          "UpdateType": "Mutable"
        }
      }
    }
  },
  "ResourceType": {
    "AWS::CodeDeploy::DeploymentGroup": {
      "Documentation": "http://docs.aws.amazon.com/AWSCloudFormation/latest/UserGuide/aws-resource-codedeploy-deploymentgroup.html",
      "Properties": {
        "AlarmConfiguration": {
          "Documentation": "http://docs.aws.amazon.com/AWSCloudFormation/latest/UserGuide/aws-resource-codedeploy-deploymentgroup.html#cfn-codedeploy-deploymentgroup-alarmconfiguration",
          "Required": false,
          "Type": "AlarmConfiguration",
          "UpdateType": "Mutable"
        },
        "ApplicationName": {
          "Documentation": "http://docs.aws.amazon.com/AWSCloudFormation/latest/UserGuide/aws-resource-codedeploy-deploymentgroup.html#cfn-codedeploy-deploymentgroup-applicationname",
          "PrimitiveType": "String",
          "Required": true,
          "UpdateType": "Immutable"
        },
        "AutoRollbackConfiguration": {
          "Documentation": "http://docs.aws.amazon.com/AWSCloudFormation/latest/UserGuide/aws-resource-codedeploy-deploymentgroup.html#cfn-codedeploy-deploymentgroup-autorollbackconfiguration",
          "Required": false,
          "Type": "AutoRollbackConfiguration",
          "UpdateType": "Mutable"
        },
        "AutoScalingGroups": {
          "Documentation": "http://docs.aws.amazon.com/AWSCloudFormation/latest/UserGuide/aws-resource-codedeploy-deploymentgroup.html#cfn-codedeploy-deploymentgroup-autoscalinggroups",
          "DuplicatesAllowed": false,
          "PrimitiveItemType": "String",
          "Required": false,
          "Type": "List",
          "UpdateType": "Mutable"
        },
        "Deployment": {
          "Documentation": "http://docs.aws.amazon.com/AWSCloudFormation/latest/UserGuide/aws-resource-codedeploy-deploymentgroup.html#cfn-codedeploy-deploymentgroup-deployment",
          "Required": false,
          "Type": "Deployment",
          "UpdateType": "Mutable"
        },
        "DeploymentConfigName": {
          "Documentation": "http://docs.aws.amazon.com/AWSCloudFormation/latest/UserGuide/aws-resource-codedeploy-deploymentgroup.html#cfn-codedeploy-deploymentgroup-deploymentconfigname",
          "PrimitiveType": "String",
          "Required": false,
          "UpdateType": "Mutable"
        },
        "DeploymentGroupName": {
          "Documentation": "http://docs.aws.amazon.com/AWSCloudFormation/latest/UserGuide/aws-resource-codedeploy-deploymentgroup.html#cfn-codedeploy-deploymentgroup-deploymentgroupname",
          "PrimitiveType": "String",
          "Required": false,
          "UpdateType": "Immutable"
        },
        "DeploymentStyle": {
          "Documentation": "http://docs.aws.amazon.com/AWSCloudFormation/latest/UserGuide/aws-resource-codedeploy-deploymentgroup.html#cfn-codedeploy-deploymentgroup-deploymentstyle",
          "Required": false,
          "Type": "DeploymentStyle",
          "UpdateType": "Mutable"
        },
        "Ec2TagFilters": {
          "Documentation": "http://docs.aws.amazon.com/AWSCloudFormation/latest/UserGuide/aws-resource-codedeploy-deploymentgroup.html#cfn-codedeploy-deploymentgroup-ec2tagfilters",
          "DuplicatesAllowed": false,
          "ItemType": "EC2TagFilter",
          "Required": false,
          "Type": "List",
          "UpdateType": "Mutable"
        },
        "Ec2TagSet": {
          "Documentation": "http://docs.aws.amazon.com/AWSCloudFormation/latest/UserGuide/aws-resource-codedeploy-deploymentgroup.html#cfn-codedeploy-deploymentgroup-ec2tagset",
          "Required": false,
          "Type": "EC2TagSet",
          "UpdateType": "Mutable"
        },
        "LoadBalancerInfo": {
          "Documentation": "http://docs.aws.amazon.com/AWSCloudFormation/latest/UserGuide/aws-resource-codedeploy-deploymentgroup.html#cfn-codedeploy-deploymentgroup-loadbalancerinfo",
          "Required": false,
          "Type": "LoadBalancerInfo",
          "UpdateType": "Mutable"
        },
        "OnPremisesInstanceTagFilters": {
          "Documentation": "http://docs.aws.amazon.com/AWSCloudFormation/latest/UserGuide/aws-resource-codedeploy-deploymentgroup.html#cfn-codedeploy-deploymentgroup-onpremisesinstancetagfilters",
          "DuplicatesAllowed": false,
          "ItemType": "TagFilter",
          "Required": false,
          "Type": "List",
          "UpdateType": "Mutable"
        },
        "OnPremisesTagSet": {
          "Documentation": "http://docs.aws.amazon.com/AWSCloudFormation/latest/UserGuide/aws-resource-codedeploy-deploymentgroup.html#cfn-codedeploy-deploymentgroup-onpremisestagset",
          "Required": false,
          "Type": "OnPremisesTagSet",
          "UpdateType": "Mutable"
        },
        "ServiceRoleArn": {
          "Documentation": "http://docs.aws.amazon.com/AWSCloudFormation/latest/UserGuide/aws-resource-codedeploy-deploymentgroup.html#cfn-codedeploy-deploymentgroup-servicerolearn",
          "PrimitiveType": "String",
          "Required": true,
          "UpdateType": "Mutable"
        },
        "TriggerConfigurations": {
          "Documentation": "http://docs.aws.amazon.com/AWSCloudFormation/latest/UserGuide/aws-resource-codedeploy-deploymentgroup.html#cfn-codedeploy-deploymentgroup-triggerconfigurations",
          "DuplicatesAllowed": false,
          "ItemType": "TriggerConfig",
          "Required": false,
          "Type": "List",
          "UpdateType": "Mutable"
        }
      }
    }
  },
  "ResourceSpecificationVersion": "3.0.0"
}