{
  "PropertyTypes": {
    "AWS::CodeCommit::Repository.RepositoryTrigger": {
      "Documentation": "http://docs.aws.amazon.com/AWSCloudFormation/latest/UserGuide/aws-properties-codecommit-repository-repositorytrigger.html",
      "Properties": {
        "Events": {
          "PrimitiveItemType": "String",
          "Type": "List",
          "Required": false,
          "Documentation": "http://docs.aws.amazon.com/AWSCloudFormation/latest/UserGuide/aws-properties-codecommit-repository-repositorytrigger.html#cfn-codecommit-repository-repositorytrigger-events",
          "UpdateType": "Mutable"
        },
        "Branches": {
          "PrimitiveItemType": "String",
          "Type": "List",
          "Required": false,
          "Documentation": "http://docs.aws.amazon.com/AWSCloudFormation/latest/UserGuide/aws-properties-codecommit-repository-repositorytrigger.html#cfn-codecommit-repository-repositorytrigger-branches",
          "UpdateType": "Mutable"
        },
        "CustomData": {
          "Required": false,
          "Documentation": "http://docs.aws.amazon.com/AWSCloudFormation/latest/UserGuide/aws-properties-codecommit-repository-repositorytrigger.html#cfn-codecommit-repository-repositorytrigger-customdata",
          "PrimitiveType": "String",
          "UpdateType": "Mutable"
        },
        "DestinationArn": {
          "Required": false,
          "Documentation": "http://docs.aws.amazon.com/AWSCloudFormation/latest/UserGuide/aws-properties-codecommit-repository-repositorytrigger.html#cfn-codecommit-repository-repositorytrigger-destinationarn",
          "PrimitiveType": "String",
          "UpdateType": "Mutable"
        },
        "Name": {
          "Required": false,
          "Documentation": "http://docs.aws.amazon.com/AWSCloudFormation/latest/UserGuide/aws-properties-codecommit-repository-repositorytrigger.html#cfn-codecommit-repository-repositorytrigger-name",
          "PrimitiveType": "String",
          "UpdateType": "Mutable"
        }
      }
    }
  },
  "ResourceType": {
    "AWS::CodeCommit::Repository": {
      "Documentation": "http://docs.aws.amazon.com/AWSCloudFormation/latest/UserGuide/aws-resource-codecommit-repository.html",
      "Attributes": {
        "CloneUrlHttp": {
          "PrimitiveType": "String"
        },
        "CloneUrlSsh": {
          "PrimitiveType": "String"
        },
        "Arn": {
          "PrimitiveType": "String"
        },
        "Name": {
          "PrimitiveType": "String"
        }
      },
      "Properties": {
        "RepositoryName": {
          "Required": true,
          "Documentation": "http://docs.aws.amazon.com/AWSCloudFormation/latest/UserGuide/aws-resource-codecommit-repository.html#cfn-codecommit-repository-repositoryname",
          "PrimitiveType": "String",
          "UpdateType": "Mutable"
        },
        "Triggers": {
          "Type": "List",
          "Required": false,
          "Documentation": "http://docs.aws.amazon.com/AWSCloudFormation/latest/UserGuide/aws-resource-codecommit-repository.html#cfn-codecommit-repository-triggers",
          "ItemType": "RepositoryTrigger",
          "UpdateType": "Conditional"
        },
        "RepositoryDescription": {
          "Required": false,
          "Documentation": "http://docs.aws.amazon.com/AWSCloudFormation/latest/UserGuide/aws-resource-codecommit-repository.html#cfn-codecommit-repository-repositorydescription",
          "PrimitiveType": "String",
          "UpdateType": "Mutable"
        }
      }
    }
  },
  "ResourceSpecificationVersion": "3.0.0"
}