{
  "PropertyTypes": {
    "AWS::Cognito::IdentityPoolRoleAttachment.RulesConfigurationType": {
      "Documentation": "http://docs.aws.amazon.com/AWSCloudFormation/latest/UserGuide/aws-properties-cognito-identitypoolroleattachment-rulesconfigurationtype.html",
      "Properties": {
        "Rules": {
          "Type": "List",
          "Required": true,
          "Documentation": "http://docs.aws.amazon.com/AWSCloudFormation/latest/UserGuide/aws-properties-cognito-identitypoolroleattachment-rulesconfigurationtype.html#cfn-cognito-identitypoolroleattachment-rulesconfigurationtype-rules",
          "ItemType": "MappingRule",
          "UpdateType": "Mutable"
        }
      }
    },
    "AWS::Cognito::IdentityPoolRoleAttachment.MappingRule": {
      "Documentation": "http://docs.aws.amazon.com/AWSCloudFormation/latest/UserGuide/aws-properties-cognito-identitypoolroleattachment-mappingrule.html",
      "Properties": {
        "MatchType": {
          "Required": true,
          "Documentation": "http://docs.aws.amazon.com/AWSCloudFormation/latest/UserGuide/aws-properties-cognito-identitypoolroleattachment-mappingrule.html#cfn-cognito-identitypoolroleattachment-mappingrule-matchtype",
          "PrimitiveType": "String",
          "UpdateType": "Mutable"
        },
        "Value": {
          "Required": true,
          "Documentation": "http://docs.aws.amazon.com/AWSCloudFormation/latest/UserGuide/aws-properties-cognito-identitypoolroleattachment-mappingrule.html#cfn-cognito-identitypoolroleattachment-mappingrule-value",
          "PrimitiveType": "String",
          "UpdateType": "Mutable"
        },
        "Claim": {
          "Required": true,
          "Documentation": "http://docs.aws.amazon.com/AWSCloudFormation/latest/UserGuide/aws-properties-cognito-identitypoolroleattachment-mappingrule.html#cfn-cognito-identitypoolroleattachment-mappingrule-claim",
          "PrimitiveType": "String",
          "UpdateType": "Mutable"
        },
        "RoleARN": {
          "Required": true,
          "Documentation": "http://docs.aws.amazon.com/AWSCloudFormation/latest/UserGuide/aws-properties-cognito-identitypoolroleattachment-mappingrule.html#cfn-cognito-identitypoolroleattachment-mappingrule-rolearn",
          "PrimitiveType": "String",
          "UpdateType": "Mutable"
        }
      }
    },
    "AWS::Cognito::IdentityPoolRoleAttachment.RoleMapping": {
      "Documentation": "http://docs.aws.amazon.com/AWSCloudFormation/latest/UserGuide/aws-properties-cognito-identitypoolroleattachment-rolemapping.html",
      "Properties": {
        "Type": {
          "Required": true,
          "Documentation": "http://docs.aws.amazon.com/AWSCloudFormation/latest/UserGuide/aws-properties-cognito-identitypoolroleattachment-rolemapping.html#cfn-cognito-identitypoolroleattachment-rolemapping-type",
          "PrimitiveType": "String",
          "UpdateType": "Mutable"
        },
        "AmbiguousRoleResolution": {
          "Required": false,
          "Documentation": "http://docs.aws.amazon.com/AWSCloudFormation/latest/UserGuide/aws-properties-cognito-identitypoolroleattachment-rolemapping.html#cfn-cognito-identitypoolroleattachment-rolemapping-ambiguousroleresolution",
          "PrimitiveType": "String",
          "UpdateType": "Mutable"
        },
        "RulesConfiguration": {
          "Type": "RulesConfigurationType",
          "Required": false,
          "Documentation": "http://docs.aws.amazon.com/AWSCloudFormation/latest/UserGuide/aws-properties-cognito-identitypoolroleattachment-rolemapping.html#cfn-cognito-identitypoolroleattachment-rolemapping-rulesconfiguration",
          "UpdateType": "Mutable"
        }
      }
    }
  },
  "ResourceType": {
    "AWS::Cognito::IdentityPoolRoleAttachment": {
      "Documentation": "http://docs.aws.amazon.com/AWSCloudFormation/latest/UserGuide/aws-resource-cognito-identitypoolroleattachment.html",
      "Properties": {
        "RoleMappings": {
          "Required": false,
          "Documentation": "http://docs.aws.amazon.com/AWSCloudFormation/latest/UserGuide/aws-resource-cognito-identitypoolroleattachment.html#cfn-cognito-identitypoolroleattachment-rolemappings",
          "PrimitiveType": "Json",
          "UpdateType": "Mutable"
        },
        "IdentityPoolId": {
          "Required": true,
          "Documentation": "http://docs.aws.amazon.com/AWSCloudFormation/latest/UserGuide/aws-resource-cognito-identitypoolroleattachment.html#cfn-cognito-identitypoolroleattachment-identitypoolid",
          "PrimitiveType": "String",
          "UpdateType": "Immutable"
        },
        "Roles": {
          "Required": false,
          "Documentation": "http://docs.aws.amazon.com/AWSCloudFormation/latest/UserGuide/aws-resource-cognito-identitypoolroleattachment.html#cfn-cognito-identitypoolroleattachment-roles",
          "PrimitiveType": "Json",
          "UpdateType": "Mutable"
        }
      }
    }
  },
  "ResourceSpecificationVersion": "3.0.0"
}