{
  "PropertyTypes": {
    "AWS::Cognito::UserPool.DeviceConfiguration": {
      "Documentation": "http://docs.aws.amazon.com/AWSCloudFormation/latest/UserGuide/aws-properties-cognito-userpool-deviceconfiguration.html",
      "Properties": {
        "DeviceOnlyRememberedOnUserPrompt": {
          "Required": false,
          "Documentation": "http://docs.aws.amazon.com/AWSCloudFormation/latest/UserGuide/aws-properties-cognito-userpool-deviceconfiguration.html#cfn-cognito-userpool-deviceconfiguration-deviceonlyrememberedonuserprompt",
          "PrimitiveType": "Boolean",
          "UpdateType": "Mutable"
        },
        "ChallengeRequiredOnNewDevice": {
          "Required": false,
          "Documentation": "http://docs.aws.amazon.com/AWSCloudFormation/latest/UserGuide/aws-properties-cognito-userpool-deviceconfiguration.html#cfn-cognito-userpool-deviceconfiguration-challengerequiredonnewdevice",
          "PrimitiveType": "Boolean",
          "UpdateType": "Mutable"
        }
      }
    },
    "AWS::Cognito::UserPool.Policies": {
      "Documentation": "http://docs.aws.amazon.com/AWSCloudFormation/latest/UserGuide/aws-properties-cognito-userpool-policies.html",
      "Properties": {
        "PasswordPolicy": {
          "Type": "PasswordPolicy",
          "Required": false,
          "Documentation": "http://docs.aws.amazon.com/AWSCloudFormation/latest/UserGuide/aws-properties-cognito-userpool-policies.html#cfn-cognito-userpool-policies-passwordpolicy",
          "UpdateType": "Mutable"
        }
      }
    },
    "AWS::Cognito::UserPool.EmailConfiguration": {
      "Documentation": "http://docs.aws.amazon.com/AWSCloudFormation/latest/UserGuide/aws-properties-cognito-userpool-emailconfiguration.html",
      "Properties": {
        "ReplyToEmailAddress": {
          "Required": false,
          "Documentation": "http://docs.aws.amazon.com/AWSCloudFormation/latest/UserGuide/aws-properties-cognito-userpool-emailconfiguration.html#cfn-cognito-userpool-emailconfiguration-replytoemailaddress",
          "PrimitiveType": "String",
          "UpdateType": "Mutable"
        },
        "EmailSendingAccount": {
          "Required": false,
          "Documentation": "http://docs.aws.amazon.com/AWSCloudFormation/latest/UserGuide/aws-properties-cognito-userpool-emailconfiguration.html#cfn-cognito-userpool-emailconfiguration-emailsendingaccount",
          "PrimitiveType": "String",
          "UpdateType": "Mutable"
        },
        "SourceArn": {
          "Required": false,
          "Documentation": "http://docs.aws.amazon.com/AWSCloudFormation/latest/UserGuide/aws-properties-cognito-userpool-emailconfiguration.html#cfn-cognito-userpool-emailconfiguration-sourcearn",
          "PrimitiveType": "String",
          "UpdateType": "Mutable"
        }
      }
    },
    "AWS::Cognito::UserPool.AdminCreateUserConfig": {
      "Documentation": "http://docs.aws.amazon.com/AWSCloudFormation/latest/UserGuide/aws-properties-cognito-userpool-admincreateuserconfig.html",
      "Properties": {
        "InviteMessageTemplate": {
          "Type": "InviteMessageTemplate",
          "Required": false,
          "Documentation": "http://docs.aws.amazon.com/AWSCloudFormation/latest/UserGuide/aws-properties-cognito-userpool-admincreateuserconfig.html#cfn-cognito-userpool-admincreateuserconfig-invitemessagetemplate",
          "UpdateType": "Mutable"
        },
        "UnusedAccountValidityDays": {
          "Required": false,
          "Documentation": "http://docs.aws.amazon.com/AWSCloudFormation/latest/UserGuide/aws-properties-cognito-userpool-admincreateuserconfig.html#cfn-cognito-userpool-admincreateuserconfig-unusedaccountvaliditydays",
          "PrimitiveType": "Double",
          "UpdateType": "Mutable"
        },
        "AllowAdminCreateUserOnly": {
          "Required": false,
          "Documentation": "http://docs.aws.amazon.com/AWSCloudFormation/latest/UserGuide/aws-properties-cognito-userpool-admincreateuserconfig.html#cfn-cognito-userpool-admincreateuserconfig-allowadmincreateuseronly",
          "PrimitiveType": "Boolean",
          "UpdateType": "Mutable"
        }
      }
    },
    "AWS::Cognito::UserPool.NumberAttributeConstraints": {
      "Documentation": "http://docs.aws.amazon.com/AWSCloudFormation/latest/UserGuide/aws-properties-cognito-userpool-numberattributeconstraints.html",
      "Properties": {
        "MinValue": {
          "Required": false,
          "Documentation": "http://docs.aws.amazon.com/AWSCloudFormation/latest/UserGuide/aws-properties-cognito-userpool-numberattributeconstraints.html#cfn-cognito-userpool-numberattributeconstraints-minvalue",
          "PrimitiveType": "String",
          "UpdateType": "Mutable"
        },
        "MaxValue": {
          "Required": false,
          "Documentation": "http://docs.aws.amazon.com/AWSCloudFormation/latest/UserGuide/aws-properties-cognito-userpool-numberattributeconstraints.html#cfn-cognito-userpool-numberattributeconstraints-maxvalue",
          "PrimitiveType": "String",
          "UpdateType": "Mutable"
        }
      }
    },
    "AWS::Cognito::UserPool.PasswordPolicy": {
      "Documentation": "http://docs.aws.amazon.com/AWSCloudFormation/latest/UserGuide/aws-properties-cognito-userpool-passwordpolicy.html",
      "Properties": {
        "RequireNumbers": {
          "Required": false,
          "Documentation": "http://docs.aws.amazon.com/AWSCloudFormation/latest/UserGuide/aws-properties-cognito-userpool-passwordpolicy.html#cfn-cognito-userpool-passwordpolicy-requirenumbers",
          "PrimitiveType": "Boolean",
          "UpdateType": "Mutable"
        },
        "MinimumLength": {
          "Required": false,
          "Documentation": "http://docs.aws.amazon.com/AWSCloudFormation/latest/UserGuide/aws-properties-cognito-userpool-passwordpolicy.html#cfn-cognito-userpool-passwordpolicy-minimumlength",
          "PrimitiveType": "Integer",
          "UpdateType": "Mutable"
        },
        "RequireUppercase": {
          "Required": false,
          "Documentation": "http://docs.aws.amazon.com/AWSCloudFormation/latest/UserGuide/aws-properties-cognito-userpool-passwordpolicy.html#cfn-cognito-userpool-passwordpolicy-requireuppercase",
          "PrimitiveType": "Boolean",
          "UpdateType": "Mutable"
        },
        "RequireLowercase": {
          "Required": false,
          "Documentation": "http://docs.aws.amazon.com/AWSCloudFormation/latest/UserGuide/aws-properties-cognito-userpool-passwordpolicy.html#cfn-cognito-userpool-passwordpolicy-requirelowercase",
          "PrimitiveType": "Boolean",
          "UpdateType": "Mutable"
        },
        "RequireSymbols": {
          "Required": false,
          "Documentation": "http://docs.aws.amazon.com/AWSCloudFormation/latest/UserGuide/aws-properties-cognito-userpool-passwordpolicy.html#cfn-cognito-userpool-passwordpolicy-requiresymbols",
          "PrimitiveType": "Boolean",
          "UpdateType": "Mutable"
        }
      }
    },
    "AWS::Cognito::UserPool.SmsConfiguration": {
      "Documentation": "http://docs.aws.amazon.com/AWSCloudFormation/latest/UserGuide/aws-properties-cognito-userpool-smsconfiguration.html",
      "Properties": {
        "ExternalId": {
          "Required": false,
          "Documentation": "http://docs.aws.amazon.com/AWSCloudFormation/latest/UserGuide/aws-properties-cognito-userpool-smsconfiguration.html#cfn-cognito-userpool-smsconfiguration-externalid",
          "PrimitiveType": "String",
          "UpdateType": "Mutable"
        },
        "SnsCallerArn": {
          "Required": false,
          "Documentation": "http://docs.aws.amazon.com/AWSCloudFormation/latest/UserGuide/aws-properties-cognito-userpool-smsconfiguration.html#cfn-cognito-userpool-smsconfiguration-snscallerarn",
          "PrimitiveType": "String",
          "UpdateType": "Mutable"
        }
      }
    },
    "AWS::Cognito::UserPool.LambdaConfig": {
      "Documentation": "http://docs.aws.amazon.com/AWSCloudFormation/latest/UserGuide/aws-properties-cognito-userpool-lambdaconfig.html",
      "Properties": {
        "CreateAuthChallenge": {
          "Required": false,
          "Documentation": "http://docs.aws.amazon.com/AWSCloudFormation/latest/UserGuide/aws-properties-cognito-userpool-lambdaconfig.html#cfn-cognito-userpool-lambdaconfig-createauthchallenge",
          "PrimitiveType": "String",
          "UpdateType": "Mutable"
        },
        "PreAuthentication": {
          "Required": false,
          "Documentation": "http://docs.aws.amazon.com/AWSCloudFormation/latest/UserGuide/aws-properties-cognito-userpool-lambdaconfig.html#cfn-cognito-userpool-lambdaconfig-preauthentication",
          "PrimitiveType": "String",
          "UpdateType": "Mutable"
        },
        "DefineAuthChallenge": {
          "Required": false,
          "Documentation": "http://docs.aws.amazon.com/AWSCloudFormation/latest/UserGuide/aws-properties-cognito-userpool-lambdaconfig.html#cfn-cognito-userpool-lambdaconfig-defineauthchallenge",
          "PrimitiveType": "String",
          "UpdateType": "Mutable"
        },
        "PreSignUp": {
          "Required": false,
          "Documentation": "http://docs.aws.amazon.com/AWSCloudFormation/latest/UserGuide/aws-properties-cognito-userpool-lambdaconfig.html#cfn-cognito-userpool-lambdaconfig-presignup",
          "PrimitiveType": "String",
          "UpdateType": "Mutable"
        },
        "PostAuthentication": {
          "Required": false,
          "Documentation": "http://docs.aws.amazon.com/AWSCloudFormation/latest/UserGuide/aws-properties-cognito-userpool-lambdaconfig.html#cfn-cognito-userpool-lambdaconfig-postauthentication",
          "PrimitiveType": "String",
          "UpdateType": "Mutable"
        },
        "PostConfirmation": {
          "Required": false,
          "Documentation": "http://docs.aws.amazon.com/AWSCloudFormation/latest/UserGuide/aws-properties-cognito-userpool-lambdaconfig.html#cfn-cognito-userpool-lambdaconfig-postconfirmation",
          "PrimitiveType": "String",
          "UpdateType": "Mutable"
        },
        "CustomMessage": {
          "Required": false,
          "Documentation": "http://docs.aws.amazon.com/AWSCloudFormation/latest/UserGuide/aws-properties-cognito-userpool-lambdaconfig.html#cfn-cognito-userpool-lambdaconfig-custommessage",
          "PrimitiveType": "String",
          "UpdateType": "Mutable"
        },
        "VerifyAuthChallengeResponse": {
          "Required": false,
          "Documentation": "http://docs.aws.amazon.com/AWSCloudFormation/latest/UserGuide/aws-properties-cognito-userpool-lambdaconfig.html#cfn-cognito-userpool-lambdaconfig-verifyauthchallengeresponse",
          "PrimitiveType": "String",
          "UpdateType": "Mutable"
        }
      }
    },
    "AWS::Cognito::UserPool.InviteMessageTemplate": {
      "Documentation": "http://docs.aws.amazon.com/AWSCloudFormation/latest/UserGuide/aws-properties-cognito-userpool-invitemessagetemplate.html",
      "Properties": {
        "EmailMessage": {
          "Required": false,
          "Documentation": "http://docs.aws.amazon.com/AWSCloudFormation/latest/UserGuide/aws-properties-cognito-userpool-invitemessagetemplate.html#cfn-cognito-userpool-invitemessagetemplate-emailmessage",
          "PrimitiveType": "String",
          "UpdateType": "Mutable"
        },
        "SMSMessage": {
          "Required": false,
          "Documentation": "http://docs.aws.amazon.com/AWSCloudFormation/latest/UserGuide/aws-properties-cognito-userpool-invitemessagetemplate.html#cfn-cognito-userpool-invitemessagetemplate-smsmessage",
          "PrimitiveType": "String",
          "UpdateType": "Mutable"
        },
        "EmailSubject": {
          "Required": false,
          "Documentation": "http://docs.aws.amazon.com/AWSCloudFormation/latest/UserGuide/aws-properties-cognito-userpool-invitemessagetemplate.html#cfn-cognito-userpool-invitemessagetemplate-emailsubject",
          "PrimitiveType": "String",
          "UpdateType": "Mutable"
        }
      }
    },
    "AWS::Cognito::UserPool.StringAttributeConstraints": {
      "Documentation": "http://docs.aws.amazon.com/AWSCloudFormation/latest/UserGuide/aws-properties-cognito-userpool-stringattributeconstraints.html",
      "Properties": {
        "MinLength": {
          "Required": false,
          "Documentation": "http://docs.aws.amazon.com/AWSCloudFormation/latest/UserGuide/aws-properties-cognito-userpool-stringattributeconstraints.html#cfn-cognito-userpool-stringattributeconstraints-minlength",
          "PrimitiveType": "String",
          "UpdateType": "Mutable"
        },
        "MaxLength": {
          "Required": false,
          "Documentation": "http://docs.aws.amazon.com/AWSCloudFormation/latest/UserGuide/aws-properties-cognito-userpool-stringattributeconstraints.html#cfn-cognito-userpool-stringattributeconstraints-maxlength",
          "PrimitiveType": "String",
          "UpdateType": "Mutable"
        }
      }
    },
    "AWS::Cognito::UserPool.SchemaAttribute": {
      "Documentation": "http://docs.aws.amazon.com/AWSCloudFormation/latest/UserGuide/aws-properties-cognito-userpool-schemaattribute.html",
      "Properties": {
        "DeveloperOnlyAttribute": {
          "Required": false,
          "Documentation": "http://docs.aws.amazon.com/AWSCloudFormation/latest/UserGuide/aws-properties-cognito-userpool-schemaattribute.html#cfn-cognito-userpool-schemaattribute-developeronlyattribute",
          "PrimitiveType": "Boolean",
          "UpdateType": "Mutable"
        },
        "Mutable": {
          "Required": false,
          "Documentation": "http://docs.aws.amazon.com/AWSCloudFormation/latest/UserGuide/aws-properties-cognito-userpool-schemaattribute.html#cfn-cognito-userpool-schemaattribute-mutable",
          "PrimitiveType": "Boolean",
          "UpdateType": "Mutable"
        },
        "AttributeDataType": {
          "Required": false,
          "Documentation": "http://docs.aws.amazon.com/AWSCloudFormation/latest/UserGuide/aws-properties-cognito-userpool-schemaattribute.html#cfn-cognito-userpool-schemaattribute-attributedatatype",
          "PrimitiveType": "String",
          "UpdateType": "Mutable"
        },
        "StringAttributeConstraints": {
          "Type": "StringAttributeConstraints",
          "Required": false,
          "Documentation": "http://docs.aws.amazon.com/AWSCloudFormation/latest/UserGuide/aws-properties-cognito-userpool-schemaattribute.html#cfn-cognito-userpool-schemaattribute-stringattributeconstraints",
          "UpdateType": "Mutable"
        },
        "Required": {
          "Required": false,
          "Documentation": "http://docs.aws.amazon.com/AWSCloudFormation/latest/UserGuide/aws-properties-cognito-userpool-schemaattribute.html#cfn-cognito-userpool-schemaattribute-required",
          "PrimitiveType": "Boolean",
          "UpdateType": "Mutable"
        },
        "NumberAttributeConstraints": {
          "Type": "NumberAttributeConstraints",
          "Required": false,
          "Documentation": "http://docs.aws.amazon.com/AWSCloudFormation/latest/UserGuide/aws-properties-cognito-userpool-schemaattribute.html#cfn-cognito-userpool-schemaattribute-numberattributeconstraints",
          "UpdateType": "Mutable"
        },
        "Name": {
          "Required": false,
          "Documentation": "http://docs.aws.amazon.com/AWSCloudFormation/latest/UserGuide/aws-properties-cognito-userpool-schemaattribute.html#cfn-cognito-userpool-schemaattribute-name",
          "PrimitiveType": "String",
          "UpdateType": "Mutable"
        }
      }
    }
  },
  "ResourceType": {
    "AWS::Cognito::UserPool": {
      "Documentation": "http://docs.aws.amazon.com/AWSCloudFormation/latest/UserGuide/aws-resource-cognito-userpool.html",
      "Attributes": {
        "ProviderName": {
          "PrimitiveType": "String"
        },
        "ProviderURL": {
          "PrimitiveType": "String"
        },
        "Arn": {
          "PrimitiveType": "String"
        }
      },
      "Properties": {
        "UserPoolTags": {
          "Required": false,
          "Documentation": "http://docs.aws.amazon.com/AWSCloudFormation/latest/UserGuide/aws-resource-cognito-userpool.html#cfn-cognito-userpool-userpooltags",
          "PrimitiveType": "Json",
          "UpdateType": "Mutable"
        },
        "Policies": {
          "Type": "Policies",
          "Required": false,
          "Documentation": "http://docs.aws.amazon.com/AWSCloudFormation/latest/UserGuide/aws-resource-cognito-userpool.html#cfn-cognito-userpool-policies",
          "UpdateType": "Mutable"
        },
        "MfaConfiguration": {
          "Required": false,
          "Documentation": "http://docs.aws.amazon.com/AWSCloudFormation/latest/UserGuide/aws-resource-cognito-userpool.html#cfn-cognito-userpool-mfaconfiguration",
          "PrimitiveType": "String",
          "UpdateType": "Mutable"
        },
        "Schema": {
          "Type": "List",
          "Required": false,
          "Documentation": "http://docs.aws.amazon.com/AWSCloudFormation/latest/UserGuide/aws-resource-cognito-userpool.html#cfn-cognito-userpool-schema",
          "ItemType": "SchemaAttribute",
          "UpdateType": "Immutable"
        },
        "AdminCreateUserConfig": {
          "Type": "AdminCreateUserConfig",
          "Required": false,
          "Documentation": "http://docs.aws.amazon.com/AWSCloudFormation/latest/UserGuide/aws-resource-cognito-userpool.html#cfn-cognito-userpool-admincreateuserconfig",
          "UpdateType": "Mutable"
        },
        "SmsAuthenticationMessage": {
          "Required": false,
          "Documentation": "http://docs.aws.amazon.com/AWSCloudFormation/latest/UserGuide/aws-resource-cognito-userpool.html#cfn-cognito-userpool-smsauthenticationmessage",
          "PrimitiveType": "String",
          "UpdateType": "Mutable"
        },
        "UserPoolName": {
          "Required": false,
          "Documentation": "http://docs.aws.amazon.com/AWSCloudFormation/latest/UserGuide/aws-resource-cognito-userpool.html#cfn-cognito-userpool-userpoolname",
          "PrimitiveType": "String",
          "UpdateType": "Immutable"
        },
        "SmsVerificationMessage": {
          "Required": false,
          "Documentation": "http://docs.aws.amazon.com/AWSCloudFormation/latest/UserGuide/aws-resource-cognito-userpool.html#cfn-cognito-userpool-smsverificationmessage",
          "PrimitiveType": "String",
          "UpdateType": "Mutable"
        },
        "EmailConfiguration": {
          "Type": "EmailConfiguration",
          "Required": false,
          "Documentation": "http://docs.aws.amazon.com/AWSCloudFormation/latest/UserGuide/aws-resource-cognito-userpool.html#cfn-cognito-userpool-emailconfiguration",
          "UpdateType": "Mutable"
        },
        "SmsConfiguration": {
          "Type": "SmsConfiguration",
          "Required": false,
          "Documentation": "http://docs.aws.amazon.com/AWSCloudFormation/latest/UserGuide/aws-resource-cognito-userpool.html#cfn-cognito-userpool-smsconfiguration",
          "UpdateType": "Mutable"
        },
        "AliasAttributes": {
          "PrimitiveItemType": "String",
          "Type": "List",
          "Required": false,
          "Documentation": "http://docs.aws.amazon.com/AWSCloudFormation/latest/UserGuide/aws-resource-cognito-userpool.html#cfn-cognito-userpool-aliasattributes",
          "UpdateType": "Immutable"
        },
        "EmailVerificationSubject": {
          "Required": false,
          "Documentation": "http://docs.aws.amazon.com/AWSCloudFormation/latest/UserGuide/aws-resource-cognito-userpool.html#cfn-cognito-userpool-emailverificationsubject",
          "PrimitiveType": "String",
          "UpdateType": "Mutable"
        },
        "LambdaConfig": {
          "Type": "LambdaConfig",
          "Required": false,
          "Documentation": "http://docs.aws.amazon.com/AWSCloudFormation/latest/UserGuide/aws-resource-cognito-userpool.html#cfn-cognito-userpool-lambdaconfig",
          "UpdateType": "Mutable"
        },
        "UsernameAttributes": {
          "PrimitiveItemType": "String",
          "Type": "List",
          "Required": false,
          "Documentation": "http://docs.aws.amazon.com/AWSCloudFormation/latest/UserGuide/aws-resource-cognito-userpool.html#cfn-cognito-userpool-usernameattributes",
          "UpdateType": "Immutable"
        },
        "AutoVerifiedAttributes": {
          "PrimitiveItemType": "String",
          "Type": "List",
          "Required": false,
          "Documentation": "http://docs.aws.amazon.com/AWSCloudFormation/latest/UserGuide/aws-resource-cognito-userpool.html#cfn-cognito-userpool-autoverifiedattributes",
          "UpdateType": "Mutable"
        },
        "DeviceConfiguration": {
          "Type": "DeviceConfiguration",
          "Required": false,
          "Documentation": "http://docs.aws.amazon.com/AWSCloudFormation/latest/UserGuide/aws-resource-cognito-userpool.html#cfn-cognito-userpool-deviceconfiguration",
          "UpdateType": "Mutable"
        },
        "EmailVerificationMessage": {
          "Required": false,
          "Documentation": "http://docs.aws.amazon.com/AWSCloudFormation/latest/UserGuide/aws-resource-cognito-userpool.html#cfn-cognito-userpool-emailverificationmessage",
          "PrimitiveType": "String",
          "UpdateType": "Mutable"
        }
      }
    }
  },
  "ResourceSpecificationVersion": "3.0.0"
}