{
  "ResourceType": {
    "AWS::Cognito::UserPoolUserToGroupAttachment": {
      "Documentation": "http://docs.aws.amazon.com/AWSCloudFormation/latest/UserGuide/aws-resource-cognito-userpoolusertogroupattachment.html",
      "Properties": {
        "GroupName": {
          "Required": true,
          "Documentation": "http://docs.aws.amazon.com/AWSCloudFormation/latest/UserGuide/aws-resource-cognito-userpoolusertogroupattachment.html#cfn-cognito-userpoolusertogroupattachment-groupname",
          "PrimitiveType": "String",
          "UpdateType": "Immutable"
        },
        "UserPoolId": {
          "Required": true,
          "Documentation": "http://docs.aws.amazon.com/AWSCloudFormation/latest/UserGuide/aws-resource-cognito-userpoolusertogroupattachment.html#cfn-cognito-userpoolusertogroupattachment-userpoolid",
          "PrimitiveType": "String",
          "UpdateType": "Immutable"
        },
        "Username": {
          "Required": true,
          "Documentation": "http://docs.aws.amazon.com/AWSCloudFormation/latest/UserGuide/aws-resource-cognito-userpoolusertogroupattachment.html#cfn-cognito-userpoolusertogroupattachment-username",
          "PrimitiveType": "String",
          "UpdateType": "Immutable"
        }
      }
    }
  },
  "ResourceSpecificationVersion": "3.0.0"
}