{
  "PropertyTypes": {
    "AWS::Cognito::UserPoolUser.AttributeType": {
      "Documentation": "http://docs.aws.amazon.com/AWSCloudFormation/latest/UserGuide/aws-properties-cognito-userpooluser-attributetype.html",
      "Properties": {
        "Value": {
          "Required": false,
          "Documentation": "http://docs.aws.amazon.com/AWSCloudFormation/latest/UserGuide/aws-properties-cognito-userpooluser-attributetype.html#cfn-cognito-userpooluser-attributetype-value",
          "PrimitiveType": "String",
          "UpdateType": "Mutable"
        },
        "Name": {
          "Required": false,
          "Documentation": "http://docs.aws.amazon.com/AWSCloudFormation/latest/UserGuide/aws-properties-cognito-userpooluser-attributetype.html#cfn-cognito-userpooluser-attributetype-name",
          "PrimitiveType": "String",
          "UpdateType": "Mutable"
        }
      }
    }
  },
  "ResourceType": {
    "AWS::Cognito::UserPoolUser": {
      "Documentation": "http://docs.aws.amazon.com/AWSCloudFormation/latest/UserGuide/aws-resource-cognito-userpooluser.html",
      "Properties": {
        "ValidationData": {
          "Type": "List",
          "Required": false,
          "Documentation": "http://docs.aws.amazon.com/AWSCloudFormation/latest/UserGuide/aws-resource-cognito-userpooluser.html#cfn-cognito-userpooluser-validationdata",
          "ItemType": "AttributeType",
          "UpdateType": "Immutable"
        },
        "UserPoolId": {
          "Required": true,
          "Documentation": "http://docs.aws.amazon.com/AWSCloudFormation/latest/UserGuide/aws-resource-cognito-userpooluser.html#cfn-cognito-userpooluser-userpoolid",
          "PrimitiveType": "String",
          "UpdateType": "Immutable"
        },
        "Username": {
          "Required": false,
          "Documentation": "http://docs.aws.amazon.com/AWSCloudFormation/latest/UserGuide/aws-resource-cognito-userpooluser.html#cfn-cognito-userpooluser-username",
          "PrimitiveType": "String",
          "UpdateType": "Immutable"
        },
        "MessageAction": {
          "Required": false,
          "Documentation": "http://docs.aws.amazon.com/AWSCloudFormation/latest/UserGuide/aws-resource-cognito-userpooluser.html#cfn-cognito-userpooluser-messageaction",
          "PrimitiveType": "String",
          "UpdateType": "Immutable"
        },
        "DesiredDeliveryMediums": {
          "PrimitiveItemType": "String",
          "Type": "List",
          "Required": false,
          "Documentation": "http://docs.aws.amazon.com/AWSCloudFormation/latest/UserGuide/aws-resource-cognito-userpooluser.html#cfn-cognito-userpooluser-desireddeliverymediums",
          "UpdateType": "Immutable"
        },
        "ForceAliasCreation": {
          "Required": false,
          "Documentation": "http://docs.aws.amazon.com/AWSCloudFormation/latest/UserGuide/aws-resource-cognito-userpooluser.html#cfn-cognito-userpooluser-forcealiascreation",
          "PrimitiveType": "Boolean",
          "UpdateType": "Immutable"
        },
        "UserAttributes": {
          "Type": "List",
          "Required": false,
          "Documentation": "http://docs.aws.amazon.com/AWSCloudFormation/latest/UserGuide/aws-resource-cognito-userpooluser.html#cfn-cognito-userpooluser-userattributes",
          "ItemType": "AttributeType",
          "UpdateType": "Immutable"
        }
      }
    }
  },
  "ResourceSpecificationVersion": "3.0.0"
}