{
  "ResourceType": {
    "AWS::Cognito::UserPoolClient": {
      "Documentation": "http://docs.aws.amazon.com/AWSCloudFormation/latest/UserGuide/aws-resource-cognito-userpoolclient.html",
      "Attributes": {
        "ClientSecret": {
          "PrimitiveType": "String"
        },
        "Name": {
          "PrimitiveType": "String"
        }
      },
      "Properties": {
        "GenerateSecret": {
          "Required": false,
          "Documentation": "http://docs.aws.amazon.com/AWSCloudFormation/latest/UserGuide/aws-resource-cognito-userpoolclient.html#cfn-cognito-userpoolclient-generatesecret",
          "PrimitiveType": "Boolean",
          "UpdateType": "Immutable"
        },
        "ClientName": {
          "Required": false,
          "Documentation": "http://docs.aws.amazon.com/AWSCloudFormation/latest/UserGuide/aws-resource-cognito-userpoolclient.html#cfn-cognito-userpoolclient-clientname",
          "PrimitiveType": "String",
          "UpdateType": "Mutable"
        },
        "UserPoolId": {
          "Required": true,
          "Documentation": "http://docs.aws.amazon.com/AWSCloudFormation/latest/UserGuide/aws-resource-cognito-userpoolclient.html#cfn-cognito-userpoolclient-userpoolid",
          "PrimitiveType": "String",
          "UpdateType": "Immutable"
        },
        "ExplicitAuthFlows": {
          "PrimitiveItemType": "String",
          "Type": "List",
          "Required": false,
          "Documentation": "http://docs.aws.amazon.com/AWSCloudFormation/latest/UserGuide/aws-resource-cognito-userpoolclient.html#cfn-cognito-userpoolclient-explicitauthflows",
          "UpdateType": "Mutable"
        },
        "RefreshTokenValidity": {
          "Required": false,
          "Documentation": "http://docs.aws.amazon.com/AWSCloudFormation/latest/UserGuide/aws-resource-cognito-userpoolclient.html#cfn-cognito-userpoolclient-refreshtokenvalidity",
          "PrimitiveType": "Double",
          "UpdateType": "Mutable"
        },
        "ReadAttributes": {
          "PrimitiveItemType": "String",
          "Type": "List",
          "Required": false,
          "Documentation": "http://docs.aws.amazon.com/AWSCloudFormation/latest/UserGuide/aws-resource-cognito-userpoolclient.html#cfn-cognito-userpoolclient-readattributes",
          "UpdateType": "Mutable"
        },
        "WriteAttributes": {
          "PrimitiveItemType": "String",
          "Type": "List",
          "Required": false,
          "Documentation": "http://docs.aws.amazon.com/AWSCloudFormation/latest/UserGuide/aws-resource-cognito-userpoolclient.html#cfn-cognito-userpoolclient-writeattributes",
          "UpdateType": "Mutable"
        }
      }
    }
  },
  "ResourceSpecificationVersion": "3.0.0"
}