{
  "PropertyTypes": {
    "AWS::Config::ConfigurationAggregator.AccountAggregationSource": {
      "Documentation": "http://docs.aws.amazon.com/AWSCloudFormation/latest/UserGuide/aws-properties-config-configurationaggregator-accountaggregationsource.html",
      "Properties": {
        "AllAwsRegions": {
          "Required": false,
          "Documentation": "http://docs.aws.amazon.com/AWSCloudFormation/latest/UserGuide/aws-properties-config-configurationaggregator-accountaggregationsource.html#cfn-config-configurationaggregator-accountaggregationsource-allawsregions",
          "PrimitiveType": "Boolean",
          "UpdateType": "Mutable"
        },
        "AwsRegions": {
          "PrimitiveItemType": "String",
          "Type": "List",
          "Required": false,
          "Documentation": "http://docs.aws.amazon.com/AWSCloudFormation/latest/UserGuide/aws-properties-config-configurationaggregator-accountaggregationsource.html#cfn-config-configurationaggregator-accountaggregationsource-awsregions",
          "UpdateType": "Mutable"
        },
        "AccountIds": {
          "PrimitiveItemType": "String",
          "Type": "List",
          "Required": true,
          "Documentation": "http://docs.aws.amazon.com/AWSCloudFormation/latest/UserGuide/aws-properties-config-configurationaggregator-accountaggregationsource.html#cfn-config-configurationaggregator-accountaggregationsource-accountids",
          "UpdateType": "Mutable"
        }
      }
    },
    "AWS::Config::ConfigurationAggregator.OrganizationAggregationSource": {
      "Documentation": "http://docs.aws.amazon.com/AWSCloudFormation/latest/UserGuide/aws-properties-config-configurationaggregator-organizationaggregationsource.html",
      "Properties": {
        "AllAwsRegions": {
          "Required": false,
          "Documentation": "http://docs.aws.amazon.com/AWSCloudFormation/latest/UserGuide/aws-properties-config-configurationaggregator-organizationaggregationsource.html#cfn-config-configurationaggregator-organizationaggregationsource-allawsregions",
          "PrimitiveType": "Boolean",
          "UpdateType": "Mutable"
        },
        "AwsRegions": {
          "PrimitiveItemType": "String",
          "Type": "List",
          "Required": false,
          "Documentation": "http://docs.aws.amazon.com/AWSCloudFormation/latest/UserGuide/aws-properties-config-configurationaggregator-organizationaggregationsource.html#cfn-config-configurationaggregator-organizationaggregationsource-awsregions",
          "UpdateType": "Mutable"
        },
        "RoleArn": {
          "Required": true,
          "Documentation": "http://docs.aws.amazon.com/AWSCloudFormation/latest/UserGuide/aws-properties-config-configurationaggregator-organizationaggregationsource.html#cfn-config-configurationaggregator-organizationaggregationsource-rolearn",
          "PrimitiveType": "String",
          "UpdateType": "Mutable"
        }
      }
    }
  },
  "ResourceType": {
    "AWS::Config::ConfigurationAggregator": {
      "Documentation": "http://docs.aws.amazon.com/AWSCloudFormation/latest/UserGuide/aws-resource-config-configurationaggregator.html",
      "Properties": {
        "AccountAggregationSources": {
          "Type": "List",
          "Required": false,
          "Documentation": "http://docs.aws.amazon.com/AWSCloudFormation/latest/UserGuide/aws-resource-config-configurationaggregator.html#cfn-config-configurationaggregator-accountaggregationsources",
          "ItemType": "AccountAggregationSource",
          "UpdateType": "Mutable"
        },
        "ConfigurationAggregatorName": {
          "Required": true,
          "Documentation": "http://docs.aws.amazon.com/AWSCloudFormation/latest/UserGuide/aws-resource-config-configurationaggregator.html#cfn-config-configurationaggregator-configurationaggregatorname",
          "PrimitiveType": "String",
          "UpdateType": "Immutable"
        },
        "OrganizationAggregationSource": {
          "Type": "OrganizationAggregationSource",
          "Required": false,
          "Documentation": "http://docs.aws.amazon.com/AWSCloudFormation/latest/UserGuide/aws-resource-config-configurationaggregator.html#cfn-config-configurationaggregator-organizationaggregationsource",
          "UpdateType": "Mutable"
        }
      }
    }
  },
  "ResourceSpecificationVersion": "3.0.0"
}