{
  "PropertyTypes": {
    "AWS::Config::ConfigRule.Scope": {
      "Documentation": "http://docs.aws.amazon.com/AWSCloudFormation/latest/UserGuide/aws-properties-config-configrule-scope.html",
      "Properties": {
        "ComplianceResourceId": {
          "Documentation": "http://docs.aws.amazon.com/AWSCloudFormation/latest/UserGuide/aws-properties-config-configrule-scope.html#cfn-config-configrule-scope-complianceresourceid",
          "PrimitiveType": "String",
          "Required": false,
          "UpdateType": "Mutable"
        },
        "ComplianceResourceTypes": {
          "Documentation": "http://docs.aws.amazon.com/AWSCloudFormation/latest/UserGuide/aws-properties-config-configrule-scope.html#cfn-config-configrule-scope-complianceresourcetypes",
          "DuplicatesAllowed": false,
          "PrimitiveItemType": "String",
          "Required": false,
          "Type": "List",
          "UpdateType": "Mutable"
        },
        "TagKey": {
          "Documentation": "http://docs.aws.amazon.com/AWSCloudFormation/latest/UserGuide/aws-properties-config-configrule-scope.html#cfn-config-configrule-scope-tagkey",
          "PrimitiveType": "String",
          "Required": false,
          "UpdateType": "Mutable"
        },
        "TagValue": {
          "Documentation": "http://docs.aws.amazon.com/AWSCloudFormation/latest/UserGuide/aws-properties-config-configrule-scope.html#cfn-config-configrule-scope-tagvalue",
          "PrimitiveType": "String",
          "Required": false,
          "UpdateType": "Mutable"
        }
      }
    },
    "AWS::Config::ConfigRule.Source": {
      "Documentation": "http://docs.aws.amazon.com/AWSCloudFormation/latest/UserGuide/aws-properties-config-configrule-source.html",
      "Properties": {
        "Owner": {
          "Documentation": "http://docs.aws.amazon.com/AWSCloudFormation/latest/UserGuide/aws-properties-config-configrule-source.html#cfn-config-configrule-source-owner",
          "PrimitiveType": "String",
          "Required": true,
          "UpdateType": "Mutable"
        },
        "SourceDetails": {
          "Documentation": "http://docs.aws.amazon.com/AWSCloudFormation/latest/UserGuide/aws-properties-config-configrule-source.html#cfn-config-configrule-source-sourcedetails",
          "DuplicatesAllowed": false,
          "ItemType": "SourceDetail",
          "Required": false,
          "Type": "List",
          "UpdateType": "Mutable"
        },
        "SourceIdentifier": {
          "Documentation": "http://docs.aws.amazon.com/AWSCloudFormation/latest/UserGuide/aws-properties-config-configrule-source.html#cfn-config-configrule-source-sourceidentifier",
          "PrimitiveType": "String",
          "Required": true,
          "UpdateType": "Mutable"
        }
      }
    },
    "AWS::Config::ConfigRule.SourceDetail": {
      "Documentation": "http://docs.aws.amazon.com/AWSCloudFormation/latest/UserGuide/aws-properties-config-configrule-source-sourcedetails.html",
      "Properties": {
        "EventSource": {
          "Documentation": "http://docs.aws.amazon.com/AWSCloudFormation/latest/UserGuide/aws-properties-config-configrule-source-sourcedetails.html#cfn-config-configrule-source-sourcedetail-eventsource",
          "PrimitiveType": "String",
          "Required": true,
          "UpdateType": "Mutable"
        },
        "MaximumExecutionFrequency": {
          "Documentation": "http://docs.aws.amazon.com/AWSCloudFormation/latest/UserGuide/aws-properties-config-configrule-source-sourcedetails.html#cfn-config-configrule-sourcedetail-maximumexecutionfrequency",
          "PrimitiveType": "String",
          "Required": false,
          "UpdateType": "Mutable"
        },
        "MessageType": {
          "Documentation": "http://docs.aws.amazon.com/AWSCloudFormation/latest/UserGuide/aws-properties-config-configrule-source-sourcedetails.html#cfn-config-configrule-source-sourcedetail-messagetype",
          "PrimitiveType": "String",
          "Required": true,
          "UpdateType": "Mutable"
        }
      }
    }
  },
  "ResourceType": {
    "AWS::Config::ConfigRule": {
      "Attributes": {
        "Arn": {
          "PrimitiveType": "String"
        },
        "Compliance.Type": {
          "PrimitiveType": "String"
        },
        "ConfigRuleId": {
          "PrimitiveType": "String"
        }
      },
      "Documentation": "http://docs.aws.amazon.com/AWSCloudFormation/latest/UserGuide/aws-resource-config-configrule.html",
      "Properties": {
        "ConfigRuleName": {
          "Documentation": "http://docs.aws.amazon.com/AWSCloudFormation/latest/UserGuide/aws-resource-config-configrule.html#cfn-config-configrule-configrulename",
          "PrimitiveType": "String",
          "Required": false,
          "UpdateType": "Immutable"
        },
        "Description": {
          "Documentation": "http://docs.aws.amazon.com/AWSCloudFormation/latest/UserGuide/aws-resource-config-configrule.html#cfn-config-configrule-description",
          "PrimitiveType": "String",
          "Required": false,
          "UpdateType": "Mutable"
        },
        "InputParameters": {
          "Documentation": "http://docs.aws.amazon.com/AWSCloudFormation/latest/UserGuide/aws-resource-config-configrule.html#cfn-config-configrule-inputparameters",
          "PrimitiveType": "Json",
          "Required": false,
          "UpdateType": "Mutable"
        },
        "MaximumExecutionFrequency": {
          "Documentation": "http://docs.aws.amazon.com/AWSCloudFormation/latest/UserGuide/aws-resource-config-configrule.html#cfn-config-configrule-maximumexecutionfrequency",
          "PrimitiveType": "String",
          "Required": false,
          "UpdateType": "Mutable"
        },
        "Scope": {
          "Documentation": "http://docs.aws.amazon.com/AWSCloudFormation/latest/UserGuide/aws-resource-config-configrule.html#cfn-config-configrule-scope",
          "Required": false,
          "Type": "Scope",
          "UpdateType": "Mutable"
        },
        "Source": {
          "Documentation": "http://docs.aws.amazon.com/AWSCloudFormation/latest/UserGuide/aws-resource-config-configrule.html#cfn-config-configrule-source",
          "Required": true,
          "Type": "Source",
          "UpdateType": "Mutable"
        }
      }
    }
  },
  "ResourceSpecificationVersion": "3.0.0"
}