{
  "PropertyTypes": {
    "AWS::Config::ConfigurationRecorder.RecordingGroup": {
      "Documentation": "http://docs.aws.amazon.com/AWSCloudFormation/latest/UserGuide/aws-properties-config-configurationrecorder-recordinggroup.html",
      "Properties": {
        "AllSupported": {
          "Documentation": "http://docs.aws.amazon.com/AWSCloudFormation/latest/UserGuide/aws-properties-config-configurationrecorder-recordinggroup.html#cfn-config-configurationrecorder-recordinggroup-allsupported",
          "PrimitiveType": "Boolean",
          "Required": false,
          "UpdateType": "Mutable"
        },
        "IncludeGlobalResourceTypes": {
          "Documentation": "http://docs.aws.amazon.com/AWSCloudFormation/latest/UserGuide/aws-properties-config-configurationrecorder-recordinggroup.html#cfn-config-configurationrecorder-recordinggroup-includeglobalresourcetypes",
          "PrimitiveType": "Boolean",
          "Required": false,
          "UpdateType": "Mutable"
        },
        "ResourceTypes": {
          "Documentation": "http://docs.aws.amazon.com/AWSCloudFormation/latest/UserGuide/aws-properties-config-configurationrecorder-recordinggroup.html#cfn-config-configurationrecorder-recordinggroup-resourcetypes",
          "DuplicatesAllowed": false,
          "PrimitiveItemType": "String",
          "Required": false,
          "Type": "List",
          "UpdateType": "Mutable"
        }
      }
    }
  },
  "ResourceType": {
    "AWS::Config::ConfigurationRecorder": {
      "Documentation": "http://docs.aws.amazon.com/AWSCloudFormation/latest/UserGuide/aws-resource-config-configurationrecorder.html",
      "Properties": {
        "Name": {
          "Documentation": "http://docs.aws.amazon.com/AWSCloudFormation/latest/UserGuide/aws-resource-config-configurationrecorder.html#cfn-config-configurationrecorder-name",
          "PrimitiveType": "String",
          "Required": false,
          "UpdateType": "Immutable"
        },
        "RecordingGroup": {
          "Documentation": "http://docs.aws.amazon.com/AWSCloudFormation/latest/UserGuide/aws-resource-config-configurationrecorder.html#cfn-config-configurationrecorder-recordinggroup",
          "Required": false,
          "Type": "RecordingGroup",
          "UpdateType": "Mutable"
        },
        "RoleARN": {
          "Documentation": "http://docs.aws.amazon.com/AWSCloudFormation/latest/UserGuide/aws-resource-config-configurationrecorder.html#cfn-config-configurationrecorder-rolearn",
          "PrimitiveType": "String",
          "Required": true,
          "UpdateType": "Mutable"
        }
      }
    }
  },
  "ResourceSpecificationVersion": "3.0.0"
}