{
  "ResourceType": {
    "AWS::Config::AggregationAuthorization": {
      "Documentation": "http://docs.aws.amazon.com/AWSCloudFormation/latest/UserGuide/aws-resource-config-aggregationauthorization.html",
      "Properties": {
        "AuthorizedAccountId": {
          "Required": true,
          "Documentation": "http://docs.aws.amazon.com/AWSCloudFormation/latest/UserGuide/aws-resource-config-aggregationauthorization.html#cfn-config-aggregationauthorization-authorizedaccountid",
          "PrimitiveType": "String",
          "UpdateType": "Immutable"
        },
        "AuthorizedAwsRegion": {
          "Required": true,
          "Documentation": "http://docs.aws.amazon.com/AWSCloudFormation/latest/UserGuide/aws-resource-config-aggregationauthorization.html#cfn-config-aggregationauthorization-authorizedawsregion",
          "PrimitiveType": "String",
          "UpdateType": "Immutable"
        }
      }
    }
  },
  "ResourceSpecificationVersion": "3.0.0"
}