{
  "PropertyTypes": {
    "AWS::DataPipeline::Pipeline.Field": {
      "Documentation": "http://docs.aws.amazon.com/AWSCloudFormation/latest/UserGuide/aws-properties-datapipeline-pipeline-pipelineobjects-fields.html",
      "Properties": {
        "Key": {
          "Documentation": "http://docs.aws.amazon.com/AWSCloudFormation/latest/UserGuide/aws-properties-datapipeline-pipeline-pipelineobjects-fields.html#cfn-datapipeline-pipeline-pipelineobjects-fields-key",
          "PrimitiveType": "String",
          "Required": true,
          "UpdateType": "Mutable"
        },
        "RefValue": {
          "Documentation": "http://docs.aws.amazon.com/AWSCloudFormation/latest/UserGuide/aws-properties-datapipeline-pipeline-pipelineobjects-fields.html#cfn-datapipeline-pipeline-pipelineobjects-fields-refvalue",
          "PrimitiveType": "String",
          "Required": false,
          "UpdateType": "Mutable"
        },
        "StringValue": {
          "Documentation": "http://docs.aws.amazon.com/AWSCloudFormation/latest/UserGuide/aws-properties-datapipeline-pipeline-pipelineobjects-fields.html#cfn-datapipeline-pipeline-pipelineobjects-fields-stringvalue",
          "PrimitiveType": "String",
          "Required": false,
          "UpdateType": "Mutable"
        }
      }
    },
    "AWS::DataPipeline::Pipeline.ParameterAttribute": {
      "Documentation": "http://docs.aws.amazon.com/AWSCloudFormation/latest/UserGuide/aws-properties-datapipeline-pipeline-parameterobjects-attributes.html",
      "Properties": {
        "Key": {
          "Documentation": "http://docs.aws.amazon.com/AWSCloudFormation/latest/UserGuide/aws-properties-datapipeline-pipeline-parameterobjects-attributes.html#cfn-datapipeline-pipeline-parameterobjects-attribtues-key",
          "PrimitiveType": "String",
          "Required": true,
          "UpdateType": "Mutable"
        },
        "StringValue": {
          "Documentation": "http://docs.aws.amazon.com/AWSCloudFormation/latest/UserGuide/aws-properties-datapipeline-pipeline-parameterobjects-attributes.html#cfn-datapipeline-pipeline-parameterobjects-attribtues-stringvalue",
          "PrimitiveType": "String",
          "Required": true,
          "UpdateType": "Mutable"
        }
      }
    },
    "AWS::DataPipeline::Pipeline.ParameterObject": {
      "Documentation": "http://docs.aws.amazon.com/AWSCloudFormation/latest/UserGuide/aws-properties-datapipeline-pipeline-parameterobjects.html",
      "Properties": {
        "Attributes": {
          "Documentation": "http://docs.aws.amazon.com/AWSCloudFormation/latest/UserGuide/aws-properties-datapipeline-pipeline-parameterobjects.html#cfn-datapipeline-pipeline-parameterobjects-attributes",
          "DuplicatesAllowed": true,
          "ItemType": "ParameterAttribute",
          "Required": true,
          "Type": "List",
          "UpdateType": "Mutable"
        },
        "Id": {
          "Documentation": "http://docs.aws.amazon.com/AWSCloudFormation/latest/UserGuide/aws-properties-datapipeline-pipeline-parameterobjects.html#cfn-datapipeline-pipeline-parameterobjects-id",
          "PrimitiveType": "String",
          "Required": true,
          "UpdateType": "Mutable"
        }
      }
    },
    "AWS::DataPipeline::Pipeline.ParameterValue": {
      "Documentation": "http://docs.aws.amazon.com/AWSCloudFormation/latest/UserGuide/aws-properties-datapipeline-pipeline-parametervalues.html",
      "Properties": {
        "Id": {
          "Documentation": "http://docs.aws.amazon.com/AWSCloudFormation/latest/UserGuide/aws-properties-datapipeline-pipeline-parametervalues.html#cfn-datapipeline-pipeline-parametervalues-id",
          "PrimitiveType": "String",
          "Required": true,
          "UpdateType": "Mutable"
        },
        "StringValue": {
          "Documentation": "http://docs.aws.amazon.com/AWSCloudFormation/latest/UserGuide/aws-properties-datapipeline-pipeline-parametervalues.html#cfn-datapipeline-pipeline-parametervalues-stringvalue",
          "PrimitiveType": "String",
          "Required": true,
          "UpdateType": "Mutable"
        }
      }
    },
    "AWS::DataPipeline::Pipeline.PipelineObject": {
      "Documentation": "http://docs.aws.amazon.com/AWSCloudFormation/latest/UserGuide/aws-properties-datapipeline-pipeline-pipelineobjects.html",
      "Properties": {
        "Fields": {
          "Documentation": "http://docs.aws.amazon.com/AWSCloudFormation/latest/UserGuide/aws-properties-datapipeline-pipeline-pipelineobjects.html#cfn-datapipeline-pipeline-pipelineobjects-fields",
          "DuplicatesAllowed": true,
          "ItemType": "Field",
          "Required": true,
          "Type": "List",
          "UpdateType": "Mutable"
        },
        "Id": {
          "Documentation": "http://docs.aws.amazon.com/AWSCloudFormation/latest/UserGuide/aws-properties-datapipeline-pipeline-pipelineobjects.html#cfn-datapipeline-pipeline-pipelineobjects-id",
          "PrimitiveType": "String",
          "Required": true,
          "UpdateType": "Mutable"
        },
        "Name": {
          "Documentation": "http://docs.aws.amazon.com/AWSCloudFormation/latest/UserGuide/aws-properties-datapipeline-pipeline-pipelineobjects.html#cfn-datapipeline-pipeline-pipelineobjects-name",
          "PrimitiveType": "String",
          "Required": true,
          "UpdateType": "Mutable"
        }
      }
    },
    "AWS::DataPipeline::Pipeline.PipelineTag": {
      "Documentation": "http://docs.aws.amazon.com/AWSCloudFormation/latest/UserGuide/aws-properties-datapipeline-pipeline-pipelinetags.html",
      "Properties": {
        "Key": {
          "Documentation": "http://docs.aws.amazon.com/AWSCloudFormation/latest/UserGuide/aws-properties-datapipeline-pipeline-pipelinetags.html#cfn-datapipeline-pipeline-pipelinetags-key",
          "PrimitiveType": "String",
          "Required": true,
          "UpdateType": "Mutable"
        },
        "Value": {
          "Documentation": "http://docs.aws.amazon.com/AWSCloudFormation/latest/UserGuide/aws-properties-datapipeline-pipeline-pipelinetags.html#cfn-datapipeline-pipeline-pipelinetags-value",
          "PrimitiveType": "String",
          "Required": true,
          "UpdateType": "Mutable"
        }
      }
    }
  },
  "ResourceType": {
    "AWS::DataPipeline::Pipeline": {
      "Documentation": "http://docs.aws.amazon.com/AWSCloudFormation/latest/UserGuide/aws-resource-datapipeline-pipeline.html",
      "Properties": {
        "Activate": {
          "Documentation": "http://docs.aws.amazon.com/AWSCloudFormation/latest/UserGuide/aws-resource-datapipeline-pipeline.html#cfn-datapipeline-pipeline-activate",
          "PrimitiveType": "Boolean",
          "Required": false,
          "UpdateType": "Mutable"
        },
        "Description": {
          "Documentation": "http://docs.aws.amazon.com/AWSCloudFormation/latest/UserGuide/aws-resource-datapipeline-pipeline.html#cfn-datapipeline-pipeline-description",
          "PrimitiveType": "String",
          "Required": false,
          "UpdateType": "Immutable"
        },
        "Name": {
          "Documentation": "http://docs.aws.amazon.com/AWSCloudFormation/latest/UserGuide/aws-resource-datapipeline-pipeline.html#cfn-datapipeline-pipeline-name",
          "PrimitiveType": "String",
          "Required": true,
          "UpdateType": "Immutable"
        },
        "ParameterObjects": {
          "Documentation": "http://docs.aws.amazon.com/AWSCloudFormation/latest/UserGuide/aws-resource-datapipeline-pipeline.html#cfn-datapipeline-pipeline-parameterobjects",
          "DuplicatesAllowed": true,
          "ItemType": "ParameterObject",
          "Required": true,
          "Type": "List",
          "UpdateType": "Mutable"
        },
        "ParameterValues": {
          "Documentation": "http://docs.aws.amazon.com/AWSCloudFormation/latest/UserGuide/aws-resource-datapipeline-pipeline.html#cfn-datapipeline-pipeline-parametervalues",
          "DuplicatesAllowed": true,
          "ItemType": "ParameterValue",
          "Required": false,
          "Type": "List",
          "UpdateType": "Mutable"
        },
        "PipelineObjects": {
          "Documentation": "http://docs.aws.amazon.com/AWSCloudFormation/latest/UserGuide/aws-resource-datapipeline-pipeline.html#cfn-datapipeline-pipeline-pipelineobjects",
          "DuplicatesAllowed": true,
          "ItemType": "PipelineObject",
          "Required": false,
          "Type": "List",
          "UpdateType": "Mutable"
        },
        "PipelineTags": {
          "Documentation": "http://docs.aws.amazon.com/AWSCloudFormation/latest/UserGuide/aws-resource-datapipeline-pipeline.html#cfn-datapipeline-pipeline-pipelinetags",
          "DuplicatesAllowed": true,
          "ItemType": "PipelineTag",
          "Required": false,
          "Type": "List",
          "UpdateType": "Mutable"
        }
      }
    }
  },
  "ResourceSpecificationVersion": "3.0.0"
}