{
  "PropertyTypes": {
    "AWS::DAX::Cluster.SSESpecification": {
      "Documentation": "http://docs.aws.amazon.com/AWSCloudFormation/latest/UserGuide/aws-properties-dax-cluster-ssespecification.html",
      "Properties": {
        "SSEEnabled": {
          "Required": false,
          "Documentation": "http://docs.aws.amazon.com/AWSCloudFormation/latest/UserGuide/aws-properties-dax-cluster-ssespecification.html#cfn-dax-cluster-ssespecification-sseenabled",
          "PrimitiveType": "Boolean",
          "UpdateType": "Mutable"
        }
      }
    }
  },
  "ResourceType": {
    "AWS::DAX::Cluster": {
      "Documentation": "http://docs.aws.amazon.com/AWSCloudFormation/latest/UserGuide/aws-resource-dax-cluster.html",
      "Attributes": {
        "ClusterDiscoveryEndpoint": {
          "PrimitiveType": "String"
        },
        "Arn": {
          "PrimitiveType": "String"
        }
      },
      "Properties": {
        "SSESpecification": {
          "Type": "SSESpecification",
          "Required": false,
          "Documentation": "http://docs.aws.amazon.com/AWSCloudFormation/latest/UserGuide/aws-resource-dax-cluster.html#cfn-dax-cluster-ssespecification",
          "UpdateType": "Immutable"
        },
        "Description": {
          "Required": false,
          "Documentation": "http://docs.aws.amazon.com/AWSCloudFormation/latest/UserGuide/aws-resource-dax-cluster.html#cfn-dax-cluster-description",
          "PrimitiveType": "String",
          "UpdateType": "Mutable"
        },
        "ReplicationFactor": {
          "Required": true,
          "Documentation": "http://docs.aws.amazon.com/AWSCloudFormation/latest/UserGuide/aws-resource-dax-cluster.html#cfn-dax-cluster-replicationfactor",
          "PrimitiveType": "Integer",
          "UpdateType": "Mutable"
        },
        "ParameterGroupName": {
          "Required": false,
          "Documentation": "http://docs.aws.amazon.com/AWSCloudFormation/latest/UserGuide/aws-resource-dax-cluster.html#cfn-dax-cluster-parametergroupname",
          "PrimitiveType": "String",
          "UpdateType": "Mutable"
        },
        "AvailabilityZones": {
          "PrimitiveItemType": "String",
          "Type": "List",
          "Required": false,
          "Documentation": "http://docs.aws.amazon.com/AWSCloudFormation/latest/UserGuide/aws-resource-dax-cluster.html#cfn-dax-cluster-availabilityzones",
          "UpdateType": "Mutable"
        },
        "IAMRoleARN": {
          "Required": true,
          "Documentation": "http://docs.aws.amazon.com/AWSCloudFormation/latest/UserGuide/aws-resource-dax-cluster.html#cfn-dax-cluster-iamrolearn",
          "PrimitiveType": "String",
          "UpdateType": "Immutable"
        },
        "SubnetGroupName": {
          "Required": false,
          "Documentation": "http://docs.aws.amazon.com/AWSCloudFormation/latest/UserGuide/aws-resource-dax-cluster.html#cfn-dax-cluster-subnetgroupname",
          "PrimitiveType": "String",
          "UpdateType": "Immutable"
        },
        "PreferredMaintenanceWindow": {
          "Required": false,
          "Documentation": "http://docs.aws.amazon.com/AWSCloudFormation/latest/UserGuide/aws-resource-dax-cluster.html#cfn-dax-cluster-preferredmaintenancewindow",
          "PrimitiveType": "String",
          "UpdateType": "Mutable"
        },
        "NotificationTopicARN": {
          "Required": false,
          "Documentation": "http://docs.aws.amazon.com/AWSCloudFormation/latest/UserGuide/aws-resource-dax-cluster.html#cfn-dax-cluster-notificationtopicarn",
          "PrimitiveType": "String",
          "UpdateType": "Mutable"
        },
        "SecurityGroupIds": {
          "PrimitiveItemType": "String",
          "Type": "List",
          "Required": false,
          "Documentation": "http://docs.aws.amazon.com/AWSCloudFormation/latest/UserGuide/aws-resource-dax-cluster.html#cfn-dax-cluster-securitygroupids",
          "UpdateType": "Mutable"
        },
        "NodeType": {
          "Required": true,
          "Documentation": "http://docs.aws.amazon.com/AWSCloudFormation/latest/UserGuide/aws-resource-dax-cluster.html#cfn-dax-cluster-nodetype",
          "PrimitiveType": "String",
          "UpdateType": "Immutable"
        },
        "ClusterName": {
          "Required": false,
          "Documentation": "http://docs.aws.amazon.com/AWSCloudFormation/latest/UserGuide/aws-resource-dax-cluster.html#cfn-dax-cluster-clustername",
          "PrimitiveType": "String",
          "UpdateType": "Immutable"
        },
        "Tags": {
          "Required": false,
          "Documentation": "http://docs.aws.amazon.com/AWSCloudFormation/latest/UserGuide/aws-resource-dax-cluster.html#cfn-dax-cluster-tags",
          "PrimitiveType": "Json",
          "UpdateType": "Mutable"
        }
      }
    }
  },
  "ResourceSpecificationVersion": "3.0.0"
}