{
  "ResourceType": {
    "AWS::DAX::SubnetGroup": {
      "Documentation": "http://docs.aws.amazon.com/AWSCloudFormation/latest/UserGuide/aws-resource-dax-subnetgroup.html",
      "Properties": {
        "Description": {
          "Required": false,
          "Documentation": "http://docs.aws.amazon.com/AWSCloudFormation/latest/UserGuide/aws-resource-dax-subnetgroup.html#cfn-dax-subnetgroup-description",
          "PrimitiveType": "String",
          "UpdateType": "Mutable"
        },
        "SubnetGroupName": {
          "Required": false,
          "Documentation": "http://docs.aws.amazon.com/AWSCloudFormation/latest/UserGuide/aws-resource-dax-subnetgroup.html#cfn-dax-subnetgroup-subnetgroupname",
          "PrimitiveType": "String",
          "UpdateType": "Immutable"
        },
        "SubnetIds": {
          "PrimitiveItemType": "String",
          "Type": "List",
          "Required": true,
          "Documentation": "http://docs.aws.amazon.com/AWSCloudFormation/latest/UserGuide/aws-resource-dax-subnetgroup.html#cfn-dax-subnetgroup-subnetids",
          "UpdateType": "Mutable"
        }
      }
    }
  },
  "ResourceSpecificationVersion": "3.0.0"
}