{
  "PropertyTypes": {
    "AWS::DirectoryService::SimpleAD.VpcSettings": {
      "Documentation": "http://docs.aws.amazon.com/AWSCloudFormation/latest/UserGuide/aws-properties-directoryservice-simplead-vpcsettings.html",
      "Properties": {
        "SubnetIds": {
          "Documentation": "http://docs.aws.amazon.com/AWSCloudFormation/latest/UserGuide/aws-properties-directoryservice-simplead-vpcsettings.html#cfn-directoryservice-simplead-vpcsettings-subnetids",
          "DuplicatesAllowed": false,
          "PrimitiveItemType": "String",
          "Required": true,
          "Type": "List",
          "UpdateType": "Mutable"
        },
        "VpcId": {
          "Documentation": "http://docs.aws.amazon.com/AWSCloudFormation/latest/UserGuide/aws-properties-directoryservice-simplead-vpcsettings.html#cfn-directoryservice-simplead-vpcsettings-vpcid",
          "PrimitiveType": "String",
          "Required": true,
          "UpdateType": "Mutable"
        }
      }
    }
  },
  "ResourceType": {
    "AWS::DirectoryService::SimpleAD": {
      "Attributes": {
        "Alias": {
          "PrimitiveType": "String"
        },
        "DnsIpAddresses": {
          "PrimitiveItemType": "String",
          "Type": "List"
        }
      },
      "Documentation": "http://docs.aws.amazon.com/AWSCloudFormation/latest/UserGuide/aws-resource-directoryservice-simplead.html",
      "Properties": {
        "CreateAlias": {
          "Documentation": "http://docs.aws.amazon.com/AWSCloudFormation/latest/UserGuide/aws-resource-directoryservice-simplead.html#cfn-directoryservice-simplead-createalias",
          "PrimitiveType": "Boolean",
          "Required": false,
          "UpdateType": "Immutable"
        },
        "Description": {
          "Documentation": "http://docs.aws.amazon.com/AWSCloudFormation/latest/UserGuide/aws-resource-directoryservice-simplead.html#cfn-directoryservice-simplead-description",
          "PrimitiveType": "String",
          "Required": false,
          "UpdateType": "Immutable"
        },
        "EnableSso": {
          "Documentation": "http://docs.aws.amazon.com/AWSCloudFormation/latest/UserGuide/aws-resource-directoryservice-simplead.html#cfn-directoryservice-simplead-enablesso",
          "PrimitiveType": "Boolean",
          "Required": false,
          "UpdateType": "Mutable"
        },
        "Name": {
          "Documentation": "http://docs.aws.amazon.com/AWSCloudFormation/latest/UserGuide/aws-resource-directoryservice-simplead.html#cfn-directoryservice-simplead-name",
          "PrimitiveType": "String",
          "Required": true,
          "UpdateType": "Immutable"
        },
        "Password": {
          "Documentation": "http://docs.aws.amazon.com/AWSCloudFormation/latest/UserGuide/aws-resource-directoryservice-simplead.html#cfn-directoryservice-simplead-password",
          "PrimitiveType": "String",
          "Required": true,
          "UpdateType": "Immutable"
        },
        "ShortName": {
          "Documentation": "http://docs.aws.amazon.com/AWSCloudFormation/latest/UserGuide/aws-resource-directoryservice-simplead.html#cfn-directoryservice-simplead-shortname",
          "PrimitiveType": "String",
          "Required": false,
          "UpdateType": "Immutable"
        },
        "Size": {
          "Documentation": "http://docs.aws.amazon.com/AWSCloudFormation/latest/UserGuide/aws-resource-directoryservice-simplead.html#cfn-directoryservice-simplead-size",
          "PrimitiveType": "String",
          "Required": true,
          "UpdateType": "Immutable"
        },
        "VpcSettings": {
          "Documentation": "http://docs.aws.amazon.com/AWSCloudFormation/latest/UserGuide/aws-resource-directoryservice-simplead.html#cfn-directoryservice-simplead-vpcsettings",
          "Required": true,
          "Type": "VpcSettings",
          "UpdateType": "Immutable"
        }
      }
    }
  },
  "ResourceSpecificationVersion": "3.0.0"
}