{
  "PropertyTypes": {
    "AWS::DirectoryService::MicrosoftAD.VpcSettings": {
      "Documentation": "http://docs.aws.amazon.com/AWSCloudFormation/latest/UserGuide/aws-properties-directoryservice-microsoftad-vpcsettings.html",
      "Properties": {
        "SubnetIds": {
          "Documentation": "http://docs.aws.amazon.com/AWSCloudFormation/latest/UserGuide/aws-properties-directoryservice-microsoftad-vpcsettings.html#cfn-directoryservice-microsoftad-vpcsettings-subnetids",
          "DuplicatesAllowed": false,
          "PrimitiveItemType": "String",
          "Required": true,
          "Type": "List",
          "UpdateType": "Mutable"
        },
        "VpcId": {
          "Documentation": "http://docs.aws.amazon.com/AWSCloudFormation/latest/UserGuide/aws-properties-directoryservice-microsoftad-vpcsettings.html#cfn-directoryservice-microsoftad-vpcsettings-vpcid",
          "PrimitiveType": "String",
          "Required": true,
          "UpdateType": "Mutable"
        }
      }
    }
  },
  "ResourceType": {
    "AWS::DirectoryService::MicrosoftAD": {
      "Attributes": {
        "Alias": {
          "PrimitiveType": "String"
        },
        "DnsIpAddresses": {
          "PrimitiveItemType": "String",
          "Type": "List"
        }
      },
      "Documentation": "http://docs.aws.amazon.com/AWSCloudFormation/latest/UserGuide/aws-resource-directoryservice-microsoftad.html",
      "Properties": {
        "CreateAlias": {
          "Documentation": "http://docs.aws.amazon.com/AWSCloudFormation/latest/UserGuide/aws-resource-directoryservice-microsoftad.html#cfn-directoryservice-microsoftad-createalias",
          "PrimitiveType": "Boolean",
          "Required": false,
          "UpdateType": "Immutable"
        },
        "Edition": {
          "Documentation": "http://docs.aws.amazon.com/AWSCloudFormation/latest/UserGuide/aws-resource-directoryservice-microsoftad.html#cfn-directoryservice-microsoftad-edition",
          "PrimitiveType": "String",
          "Required": false,
          "UpdateType": "Immutable"
        },
        "EnableSso": {
          "Documentation": "http://docs.aws.amazon.com/AWSCloudFormation/latest/UserGuide/aws-resource-directoryservice-microsoftad.html#cfn-directoryservice-microsoftad-enablesso",
          "PrimitiveType": "Boolean",
          "Required": false,
          "UpdateType": "Mutable"
        },
        "Name": {
          "Documentation": "http://docs.aws.amazon.com/AWSCloudFormation/latest/UserGuide/aws-resource-directoryservice-microsoftad.html#cfn-directoryservice-microsoftad-name",
          "PrimitiveType": "String",
          "Required": true,
          "UpdateType": "Immutable"
        },
        "Password": {
          "Documentation": "http://docs.aws.amazon.com/AWSCloudFormation/latest/UserGuide/aws-resource-directoryservice-microsoftad.html#cfn-directoryservice-microsoftad-password",
          "PrimitiveType": "String",
          "Required": true,
          "UpdateType": "Immutable"
        },
        "ShortName": {
          "Documentation": "http://docs.aws.amazon.com/AWSCloudFormation/latest/UserGuide/aws-resource-directoryservice-microsoftad.html#cfn-directoryservice-microsoftad-shortname",
          "PrimitiveType": "String",
          "Required": false,
          "UpdateType": "Immutable"
        },
        "VpcSettings": {
          "Documentation": "http://docs.aws.amazon.com/AWSCloudFormation/latest/UserGuide/aws-resource-directoryservice-microsoftad.html#cfn-directoryservice-microsoftad-vpcsettings",
          "Required": true,
          "Type": "VpcSettings",
          "UpdateType": "Immutable"
        }
      }
    }
  },
  "ResourceSpecificationVersion": "3.0.0"
}