{
  "PropertyTypes": {
    "AWS::DLM::LifecyclePolicy.RetainRule": {
      "Documentation": "http://docs.aws.amazon.com/AWSCloudFormation/latest/UserGuide/aws-properties-dlm-lifecyclepolicy-retainrule.html",
      "Properties": {
        "Count": {
          "Required": true,
          "Documentation": "http://docs.aws.amazon.com/AWSCloudFormation/latest/UserGuide/aws-properties-dlm-lifecyclepolicy-retainrule.html#cfn-dlm-lifecyclepolicy-retainrule-count",
          "PrimitiveType": "Integer",
          "UpdateType": "Mutable"
        }
      }
    },
    "AWS::DLM::LifecyclePolicy.Schedule": {
      "Documentation": "http://docs.aws.amazon.com/AWSCloudFormation/latest/UserGuide/aws-properties-dlm-lifecyclepolicy-schedule.html",
      "Properties": {
        "TagsToAdd": {
          "Type": "List",
          "Required": false,
          "Documentation": "http://docs.aws.amazon.com/AWSCloudFormation/latest/UserGuide/aws-properties-dlm-lifecyclepolicy-schedule.html#cfn-dlm-lifecyclepolicy-schedule-tagstoadd",
          "ItemType": "Tag",
          "UpdateType": "Mutable"
        },
        "CreateRule": {
          "Type": "CreateRule",
          "Required": false,
          "Documentation": "http://docs.aws.amazon.com/AWSCloudFormation/latest/UserGuide/aws-properties-dlm-lifecyclepolicy-schedule.html#cfn-dlm-lifecyclepolicy-schedule-createrule",
          "UpdateType": "Mutable"
        },
        "RetainRule": {
          "Type": "RetainRule",
          "Required": false,
          "Documentation": "http://docs.aws.amazon.com/AWSCloudFormation/latest/UserGuide/aws-properties-dlm-lifecyclepolicy-schedule.html#cfn-dlm-lifecyclepolicy-schedule-retainrule",
          "UpdateType": "Mutable"
        },
        "Name": {
          "Required": false,
          "Documentation": "http://docs.aws.amazon.com/AWSCloudFormation/latest/UserGuide/aws-properties-dlm-lifecyclepolicy-schedule.html#cfn-dlm-lifecyclepolicy-schedule-name",
          "PrimitiveType": "String",
          "UpdateType": "Mutable"
        },
        "CopyTags": {
          "Required": false,
          "Documentation": "http://docs.aws.amazon.com/AWSCloudFormation/latest/UserGuide/aws-properties-dlm-lifecyclepolicy-schedule.html#cfn-dlm-lifecyclepolicy-schedule-copytags",
          "PrimitiveType": "Boolean",
          "UpdateType": "Mutable"
        }
      }
    },
    "AWS::DLM::LifecyclePolicy.PolicyDetails": {
      "Documentation": "http://docs.aws.amazon.com/AWSCloudFormation/latest/UserGuide/aws-properties-dlm-lifecyclepolicy-policydetails.html",
      "Properties": {
        "ResourceTypes": {
          "PrimitiveItemType": "String",
          "Type": "List",
          "Required": false,
          "Documentation": "http://docs.aws.amazon.com/AWSCloudFormation/latest/UserGuide/aws-properties-dlm-lifecyclepolicy-policydetails.html#cfn-dlm-lifecyclepolicy-policydetails-resourcetypes",
          "UpdateType": "Mutable"
        },
        "Schedules": {
          "Type": "List",
          "Required": false,
          "Documentation": "http://docs.aws.amazon.com/AWSCloudFormation/latest/UserGuide/aws-properties-dlm-lifecyclepolicy-policydetails.html#cfn-dlm-lifecyclepolicy-policydetails-schedules",
          "ItemType": "Schedule",
          "UpdateType": "Mutable"
        },
        "TargetTags": {
          "Type": "List",
          "Required": false,
          "Documentation": "http://docs.aws.amazon.com/AWSCloudFormation/latest/UserGuide/aws-properties-dlm-lifecyclepolicy-policydetails.html#cfn-dlm-lifecyclepolicy-policydetails-targettags",
          "ItemType": "Tag",
          "UpdateType": "Mutable"
        }
      }
    },
    "Tag": {
      "Documentation": "http://docs.aws.amazon.com/AWSCloudFormation/latest/UserGuide/aws-properties-dlm-lifecyclepolicy-tag.html",
      "Properties": {
        "Value": {
          "Required": true,
          "Documentation": "http://docs.aws.amazon.com/AWSCloudFormation/latest/UserGuide/aws-properties-dlm-lifecyclepolicy-tag.html#cfn-dlm-lifecyclepolicy-tag-value",
          "PrimitiveType": "String",
          "UpdateType": "Mutable"
        },
        "Key": {
          "Required": true,
          "Documentation": "http://docs.aws.amazon.com/AWSCloudFormation/latest/UserGuide/aws-properties-dlm-lifecyclepolicy-tag.html#cfn-dlm-lifecyclepolicy-tag-key",
          "PrimitiveType": "String",
          "UpdateType": "Mutable"
        }
      }
    },
    "AWS::DLM::LifecyclePolicy.CreateRule": {
      "Documentation": "http://docs.aws.amazon.com/AWSCloudFormation/latest/UserGuide/aws-properties-dlm-lifecyclepolicy-createrule.html",
      "Properties": {
        "IntervalUnit": {
          "Required": true,
          "Documentation": "http://docs.aws.amazon.com/AWSCloudFormation/latest/UserGuide/aws-properties-dlm-lifecyclepolicy-createrule.html#cfn-dlm-lifecyclepolicy-createrule-intervalunit",
          "PrimitiveType": "String",
          "UpdateType": "Mutable"
        },
        "Times": {
          "PrimitiveItemType": "String",
          "Type": "List",
          "Required": false,
          "Documentation": "http://docs.aws.amazon.com/AWSCloudFormation/latest/UserGuide/aws-properties-dlm-lifecyclepolicy-createrule.html#cfn-dlm-lifecyclepolicy-createrule-times",
          "UpdateType": "Mutable"
        },
        "Interval": {
          "Required": true,
          "Documentation": "http://docs.aws.amazon.com/AWSCloudFormation/latest/UserGuide/aws-properties-dlm-lifecyclepolicy-createrule.html#cfn-dlm-lifecyclepolicy-createrule-interval",
          "PrimitiveType": "Integer",
          "UpdateType": "Mutable"
        }
      }
    }
  },
  "ResourceType": {
    "AWS::DLM::LifecyclePolicy": {
      "Documentation": "http://docs.aws.amazon.com/AWSCloudFormation/latest/UserGuide/aws-resource-dlm-lifecyclepolicy.html",
      "Attributes": {
        "Arn": {
          "PrimitiveType": "String"
        }
      },
      "Properties": {
        "ExecutionRoleArn": {
          "Required": false,
          "Documentation": "http://docs.aws.amazon.com/AWSCloudFormation/latest/UserGuide/aws-resource-dlm-lifecyclepolicy.html#cfn-dlm-lifecyclepolicy-executionrolearn",
          "PrimitiveType": "String",
          "UpdateType": "Mutable"
        },
        "Description": {
          "Required": false,
          "Documentation": "http://docs.aws.amazon.com/AWSCloudFormation/latest/UserGuide/aws-resource-dlm-lifecyclepolicy.html#cfn-dlm-lifecyclepolicy-description",
          "PrimitiveType": "String",
          "UpdateType": "Mutable"
        },
        "State": {
          "Required": false,
          "Documentation": "http://docs.aws.amazon.com/AWSCloudFormation/latest/UserGuide/aws-resource-dlm-lifecyclepolicy.html#cfn-dlm-lifecyclepolicy-state",
          "PrimitiveType": "String",
          "UpdateType": "Mutable"
        },
        "PolicyDetails": {
          "Type": "PolicyDetails",
          "Required": false,
          "Documentation": "http://docs.aws.amazon.com/AWSCloudFormation/latest/UserGuide/aws-resource-dlm-lifecyclepolicy.html#cfn-dlm-lifecyclepolicy-policydetails",
          "UpdateType": "Mutable"
        }
      }
    }
  },
  "ResourceSpecificationVersion": "3.0.0"
}