{
  "ResourceType": {
    "AWS::DMS::Certificate": {
      "Documentation": "http://docs.aws.amazon.com/AWSCloudFormation/latest/UserGuide/aws-resource-dms-certificate.html",
      "Properties": {
        "CertificateIdentifier": {
          "Required": false,
          "Documentation": "http://docs.aws.amazon.com/AWSCloudFormation/latest/UserGuide/aws-resource-dms-certificate.html#cfn-dms-certificate-certificateidentifier",
          "PrimitiveType": "String",
          "UpdateType": "Immutable"
        },
        "CertificatePem": {
          "Required": false,
          "Documentation": "http://docs.aws.amazon.com/AWSCloudFormation/latest/UserGuide/aws-resource-dms-certificate.html#cfn-dms-certificate-certificatepem",
          "PrimitiveType": "String",
          "UpdateType": "Immutable"
        },
        "CertificateWallet": {
          "Required": false,
          "Documentation": "http://docs.aws.amazon.com/AWSCloudFormation/latest/UserGuide/aws-resource-dms-certificate.html#cfn-dms-certificate-certificatewallet",
          "PrimitiveType": "String",
          "UpdateType": "Immutable"
        }
      }
    }
  },
  "ResourceSpecificationVersion": "3.0.0"
}