{
  "PropertyTypes": {
    "AWS::DMS::Endpoint.DynamoDbSettings": {
      "Documentation": "http://docs.aws.amazon.com/AWSCloudFormation/latest/UserGuide/aws-properties-dms-endpoint-dynamodbsettings.html",
      "Properties": {
        "ServiceAccessRoleArn": {
          "Required": false,
          "Documentation": "http://docs.aws.amazon.com/AWSCloudFormation/latest/UserGuide/aws-properties-dms-endpoint-dynamodbsettings.html#cfn-dms-endpoint-dynamodbsettings-serviceaccessrolearn",
          "PrimitiveType": "String",
          "UpdateType": "Mutable"
        }
      }
    },
    "AWS::DMS::Endpoint.MongoDbSettings": {
      "Documentation": "http://docs.aws.amazon.com/AWSCloudFormation/latest/UserGuide/aws-properties-dms-endpoint-mongodbsettings.html",
      "Properties": {
        "AuthSource": {
          "Required": false,
          "Documentation": "http://docs.aws.amazon.com/AWSCloudFormation/latest/UserGuide/aws-properties-dms-endpoint-mongodbsettings.html#cfn-dms-endpoint-mongodbsettings-authsource",
          "PrimitiveType": "String",
          "UpdateType": "Mutable"
        },
        "AuthMechanism": {
          "Required": false,
          "Documentation": "http://docs.aws.amazon.com/AWSCloudFormation/latest/UserGuide/aws-properties-dms-endpoint-mongodbsettings.html#cfn-dms-endpoint-mongodbsettings-authmechanism",
          "PrimitiveType": "String",
          "UpdateType": "Mutable"
        },
        "Username": {
          "Required": false,
          "Documentation": "http://docs.aws.amazon.com/AWSCloudFormation/latest/UserGuide/aws-properties-dms-endpoint-mongodbsettings.html#cfn-dms-endpoint-mongodbsettings-username",
          "PrimitiveType": "String",
          "UpdateType": "Mutable"
        },
        "DocsToInvestigate": {
          "Required": false,
          "Documentation": "http://docs.aws.amazon.com/AWSCloudFormation/latest/UserGuide/aws-properties-dms-endpoint-mongodbsettings.html#cfn-dms-endpoint-mongodbsettings-docstoinvestigate",
          "PrimitiveType": "String",
          "UpdateType": "Mutable"
        },
        "ServerName": {
          "Required": false,
          "Documentation": "http://docs.aws.amazon.com/AWSCloudFormation/latest/UserGuide/aws-properties-dms-endpoint-mongodbsettings.html#cfn-dms-endpoint-mongodbsettings-servername",
          "PrimitiveType": "String",
          "UpdateType": "Mutable"
        },
        "Port": {
          "Required": false,
          "Documentation": "http://docs.aws.amazon.com/AWSCloudFormation/latest/UserGuide/aws-properties-dms-endpoint-mongodbsettings.html#cfn-dms-endpoint-mongodbsettings-port",
          "PrimitiveType": "Integer",
          "UpdateType": "Mutable"
        },
        "ExtractDocId": {
          "Required": false,
          "Documentation": "http://docs.aws.amazon.com/AWSCloudFormation/latest/UserGuide/aws-properties-dms-endpoint-mongodbsettings.html#cfn-dms-endpoint-mongodbsettings-extractdocid",
          "PrimitiveType": "String",
          "UpdateType": "Mutable"
        },
        "DatabaseName": {
          "Required": false,
          "Documentation": "http://docs.aws.amazon.com/AWSCloudFormation/latest/UserGuide/aws-properties-dms-endpoint-mongodbsettings.html#cfn-dms-endpoint-mongodbsettings-databasename",
          "PrimitiveType": "String",
          "UpdateType": "Mutable"
        },
        "AuthType": {
          "Required": false,
          "Documentation": "http://docs.aws.amazon.com/AWSCloudFormation/latest/UserGuide/aws-properties-dms-endpoint-mongodbsettings.html#cfn-dms-endpoint-mongodbsettings-authtype",
          "PrimitiveType": "String",
          "UpdateType": "Mutable"
        },
        "Password": {
          "Required": false,
          "Documentation": "http://docs.aws.amazon.com/AWSCloudFormation/latest/UserGuide/aws-properties-dms-endpoint-mongodbsettings.html#cfn-dms-endpoint-mongodbsettings-password",
          "PrimitiveType": "String",
          "UpdateType": "Mutable"
        },
        "NestingLevel": {
          "Required": false,
          "Documentation": "http://docs.aws.amazon.com/AWSCloudFormation/latest/UserGuide/aws-properties-dms-endpoint-mongodbsettings.html#cfn-dms-endpoint-mongodbsettings-nestinglevel",
          "PrimitiveType": "String",
          "UpdateType": "Mutable"
        }
      }
    },
    "AWS::DMS::Endpoint.KinesisSettings": {
      "Documentation": "http://docs.aws.amazon.com/AWSCloudFormation/latest/UserGuide/aws-properties-dms-endpoint-kinesissettings.html",
      "Properties": {
        "MessageFormat": {
          "Required": false,
          "Documentation": "http://docs.aws.amazon.com/AWSCloudFormation/latest/UserGuide/aws-properties-dms-endpoint-kinesissettings.html#cfn-dms-endpoint-kinesissettings-messageformat",
          "PrimitiveType": "String",
          "UpdateType": "Mutable"
        },
        "StreamArn": {
          "Required": false,
          "Documentation": "http://docs.aws.amazon.com/AWSCloudFormation/latest/UserGuide/aws-properties-dms-endpoint-kinesissettings.html#cfn-dms-endpoint-kinesissettings-streamarn",
          "PrimitiveType": "String",
          "UpdateType": "Mutable"
        },
        "ServiceAccessRoleArn": {
          "Required": false,
          "Documentation": "http://docs.aws.amazon.com/AWSCloudFormation/latest/UserGuide/aws-properties-dms-endpoint-kinesissettings.html#cfn-dms-endpoint-kinesissettings-serviceaccessrolearn",
          "PrimitiveType": "String",
          "UpdateType": "Mutable"
        }
      }
    },
    "AWS::DMS::Endpoint.ElasticsearchSettings": {
      "Documentation": "http://docs.aws.amazon.com/AWSCloudFormation/latest/UserGuide/aws-properties-dms-endpoint-elasticsearchsettings.html",
      "Properties": {
        "EndpointUri": {
          "Required": false,
          "Documentation": "http://docs.aws.amazon.com/AWSCloudFormation/latest/UserGuide/aws-properties-dms-endpoint-elasticsearchsettings.html#cfn-dms-endpoint-elasticsearchsettings-endpointuri",
          "PrimitiveType": "String",
          "UpdateType": "Mutable"
        },
        "FullLoadErrorPercentage": {
          "Required": false,
          "Documentation": "http://docs.aws.amazon.com/AWSCloudFormation/latest/UserGuide/aws-properties-dms-endpoint-elasticsearchsettings.html#cfn-dms-endpoint-elasticsearchsettings-fullloaderrorpercentage",
          "PrimitiveType": "Integer",
          "UpdateType": "Mutable"
        },
        "ErrorRetryDuration": {
          "Required": false,
          "Documentation": "http://docs.aws.amazon.com/AWSCloudFormation/latest/UserGuide/aws-properties-dms-endpoint-elasticsearchsettings.html#cfn-dms-endpoint-elasticsearchsettings-errorretryduration",
          "PrimitiveType": "Integer",
          "UpdateType": "Mutable"
        },
        "ServiceAccessRoleArn": {
          "Required": false,
          "Documentation": "http://docs.aws.amazon.com/AWSCloudFormation/latest/UserGuide/aws-properties-dms-endpoint-elasticsearchsettings.html#cfn-dms-endpoint-elasticsearchsettings-serviceaccessrolearn",
          "PrimitiveType": "String",
          "UpdateType": "Mutable"
        }
      }
    },
    "Tag": {
      "Documentation": "http://docs.aws.amazon.com/AWSCloudFormation/latest/UserGuide/aws-properties-dms-endpoint-tag.html",
      "Properties": {
        "Value": {
          "Required": false,
          "Documentation": "http://docs.aws.amazon.com/AWSCloudFormation/latest/UserGuide/aws-properties-dms-endpoint-tag.html#cfn-dms-endpoint-tag-value",
          "PrimitiveType": "String",
          "UpdateType": "Mutable"
        },
        "Key": {
          "Required": false,
          "Documentation": "http://docs.aws.amazon.com/AWSCloudFormation/latest/UserGuide/aws-properties-dms-endpoint-tag.html#cfn-dms-endpoint-tag-key",
          "PrimitiveType": "String",
          "UpdateType": "Mutable"
        }
      }
    },
    "AWS::DMS::Endpoint.S3Settings": {
      "Documentation": "http://docs.aws.amazon.com/AWSCloudFormation/latest/UserGuide/aws-properties-dms-endpoint-s3settings.html",
      "Properties": {
        "ExternalTableDefinition": {
          "Required": false,
          "Documentation": "http://docs.aws.amazon.com/AWSCloudFormation/latest/UserGuide/aws-properties-dms-endpoint-s3settings.html#cfn-dms-endpoint-s3settings-externaltabledefinition",
          "PrimitiveType": "String",
          "UpdateType": "Mutable"
        },
        "BucketName": {
          "Required": false,
          "Documentation": "http://docs.aws.amazon.com/AWSCloudFormation/latest/UserGuide/aws-properties-dms-endpoint-s3settings.html#cfn-dms-endpoint-s3settings-bucketname",
          "PrimitiveType": "String",
          "UpdateType": "Mutable"
        },
        "BucketFolder": {
          "Required": false,
          "Documentation": "http://docs.aws.amazon.com/AWSCloudFormation/latest/UserGuide/aws-properties-dms-endpoint-s3settings.html#cfn-dms-endpoint-s3settings-bucketfolder",
          "PrimitiveType": "String",
          "UpdateType": "Mutable"
        },
        "CsvRowDelimiter": {
          "Required": false,
          "Documentation": "http://docs.aws.amazon.com/AWSCloudFormation/latest/UserGuide/aws-properties-dms-endpoint-s3settings.html#cfn-dms-endpoint-s3settings-csvrowdelimiter",
          "PrimitiveType": "String",
          "UpdateType": "Mutable"
        },
        "CsvDelimiter": {
          "Required": false,
          "Documentation": "http://docs.aws.amazon.com/AWSCloudFormation/latest/UserGuide/aws-properties-dms-endpoint-s3settings.html#cfn-dms-endpoint-s3settings-csvdelimiter",
          "PrimitiveType": "String",
          "UpdateType": "Mutable"
        },
        "ServiceAccessRoleArn": {
          "Required": false,
          "Documentation": "http://docs.aws.amazon.com/AWSCloudFormation/latest/UserGuide/aws-properties-dms-endpoint-s3settings.html#cfn-dms-endpoint-s3settings-serviceaccessrolearn",
          "PrimitiveType": "String",
          "UpdateType": "Mutable"
        },
        "CompressionType": {
          "Required": false,
          "Documentation": "http://docs.aws.amazon.com/AWSCloudFormation/latest/UserGuide/aws-properties-dms-endpoint-s3settings.html#cfn-dms-endpoint-s3settings-compressiontype",
          "PrimitiveType": "String",
          "UpdateType": "Mutable"
        }
      }
    }
  },
  "ResourceType": {
    "AWS::DMS::Endpoint": {
      "Documentation": "http://docs.aws.amazon.com/AWSCloudFormation/latest/UserGuide/aws-resource-dms-endpoint.html",
      "Attributes": {
        "ExternalId": {
          "PrimitiveType": "String"
        }
      },
      "Properties": {
        "KmsKeyId": {
          "Required": false,
          "Documentation": "http://docs.aws.amazon.com/AWSCloudFormation/latest/UserGuide/aws-resource-dms-endpoint.html#cfn-dms-endpoint-kmskeyid",
          "PrimitiveType": "String",
          "UpdateType": "Immutable"
        },
        "Port": {
          "Required": false,
          "Documentation": "http://docs.aws.amazon.com/AWSCloudFormation/latest/UserGuide/aws-resource-dms-endpoint.html#cfn-dms-endpoint-port",
          "PrimitiveType": "Integer",
          "UpdateType": "Mutable"
        },
        "DatabaseName": {
          "Required": false,
          "Documentation": "http://docs.aws.amazon.com/AWSCloudFormation/latest/UserGuide/aws-resource-dms-endpoint.html#cfn-dms-endpoint-databasename",
          "PrimitiveType": "String",
          "UpdateType": "Mutable"
        },
        "ElasticsearchSettings": {
          "Type": "ElasticsearchSettings",
          "Required": false,
          "Documentation": "http://docs.aws.amazon.com/AWSCloudFormation/latest/UserGuide/aws-resource-dms-endpoint.html#cfn-dms-endpoint-elasticsearchsettings",
          "UpdateType": "Mutable"
        },
        "S3Settings": {
          "Type": "S3Settings",
          "Required": false,
          "Documentation": "http://docs.aws.amazon.com/AWSCloudFormation/latest/UserGuide/aws-resource-dms-endpoint.html#cfn-dms-endpoint-s3settings",
          "UpdateType": "Mutable"
        },
        "EngineName": {
          "Required": true,
          "Documentation": "http://docs.aws.amazon.com/AWSCloudFormation/latest/UserGuide/aws-resource-dms-endpoint.html#cfn-dms-endpoint-enginename",
          "PrimitiveType": "String",
          "UpdateType": "Mutable"
        },
        "DynamoDbSettings": {
          "Type": "DynamoDbSettings",
          "Required": false,
          "Documentation": "http://docs.aws.amazon.com/AWSCloudFormation/latest/UserGuide/aws-resource-dms-endpoint.html#cfn-dms-endpoint-dynamodbsettings",
          "UpdateType": "Mutable"
        },
        "KinesisSettings": {
          "Type": "KinesisSettings",
          "Required": false,
          "Documentation": "http://docs.aws.amazon.com/AWSCloudFormation/latest/UserGuide/aws-resource-dms-endpoint.html#cfn-dms-endpoint-kinesissettings",
          "UpdateType": "Mutable"
        },
        "Username": {
          "Required": false,
          "Documentation": "http://docs.aws.amazon.com/AWSCloudFormation/latest/UserGuide/aws-resource-dms-endpoint.html#cfn-dms-endpoint-username",
          "PrimitiveType": "String",
          "UpdateType": "Mutable"
        },
        "SslMode": {
          "Required": false,
          "Documentation": "http://docs.aws.amazon.com/AWSCloudFormation/latest/UserGuide/aws-resource-dms-endpoint.html#cfn-dms-endpoint-sslmode",
          "PrimitiveType": "String",
          "UpdateType": "Mutable"
        },
        "ServerName": {
          "Required": false,
          "Documentation": "http://docs.aws.amazon.com/AWSCloudFormation/latest/UserGuide/aws-resource-dms-endpoint.html#cfn-dms-endpoint-servername",
          "PrimitiveType": "String",
          "UpdateType": "Mutable"
        },
        "ExtraConnectionAttributes": {
          "Required": false,
          "Documentation": "http://docs.aws.amazon.com/AWSCloudFormation/latest/UserGuide/aws-resource-dms-endpoint.html#cfn-dms-endpoint-extraconnectionattributes",
          "PrimitiveType": "String",
          "UpdateType": "Mutable"
        },
        "EndpointType": {
          "Required": true,
          "Documentation": "http://docs.aws.amazon.com/AWSCloudFormation/latest/UserGuide/aws-resource-dms-endpoint.html#cfn-dms-endpoint-endpointtype",
          "PrimitiveType": "String",
          "UpdateType": "Mutable"
        },
        "Tags": {
          "Type": "List",
          "Required": false,
          "Documentation": "http://docs.aws.amazon.com/AWSCloudFormation/latest/UserGuide/aws-resource-dms-endpoint.html#cfn-dms-endpoint-tags",
          "ItemType": "Tag",
          "UpdateType": "Immutable"
        },
        "EndpointIdentifier": {
          "Required": false,
          "Documentation": "http://docs.aws.amazon.com/AWSCloudFormation/latest/UserGuide/aws-resource-dms-endpoint.html#cfn-dms-endpoint-endpointidentifier",
          "PrimitiveType": "String",
          "UpdateType": "Mutable"
        },
        "Password": {
          "Required": false,
          "Documentation": "http://docs.aws.amazon.com/AWSCloudFormation/latest/UserGuide/aws-resource-dms-endpoint.html#cfn-dms-endpoint-password",
          "PrimitiveType": "String",
          "UpdateType": "Mutable"
        },
        "CertificateArn": {
          "Required": false,
          "Documentation": "http://docs.aws.amazon.com/AWSCloudFormation/latest/UserGuide/aws-resource-dms-endpoint.html#cfn-dms-endpoint-certificatearn",
          "PrimitiveType": "String",
          "UpdateType": "Mutable"
        },
        "MongoDbSettings": {
          "Type": "MongoDbSettings",
          "Required": false,
          "Documentation": "http://docs.aws.amazon.com/AWSCloudFormation/latest/UserGuide/aws-resource-dms-endpoint.html#cfn-dms-endpoint-mongodbsettings",
          "UpdateType": "Mutable"
        }
      }
    }
  },
  "ResourceSpecificationVersion": "3.0.0"
}