{
  "PropertyTypes": {
    "Tag": {
      "Documentation": "http://docs.aws.amazon.com/AWSCloudFormation/latest/UserGuide/aws-properties-dms-replicationinstance-tag.html",
      "Properties": {
        "Value": {
          "Required": false,
          "Documentation": "http://docs.aws.amazon.com/AWSCloudFormation/latest/UserGuide/aws-properties-dms-replicationinstance-tag.html#cfn-dms-replicationinstance-tag-value",
          "PrimitiveType": "String",
          "UpdateType": "Mutable"
        },
        "Key": {
          "Required": false,
          "Documentation": "http://docs.aws.amazon.com/AWSCloudFormation/latest/UserGuide/aws-properties-dms-replicationinstance-tag.html#cfn-dms-replicationinstance-tag-key",
          "PrimitiveType": "String",
          "UpdateType": "Mutable"
        }
      }
    }
  },
  "ResourceType": {
    "AWS::DMS::ReplicationInstance": {
      "Documentation": "http://docs.aws.amazon.com/AWSCloudFormation/latest/UserGuide/aws-resource-dms-replicationinstance.html",
      "Attributes": {
        "ReplicationInstancePublicIpAddresses": {
          "PrimitiveItemType": "String",
          "Type": "List"
        },
        "ReplicationInstancePrivateIpAddresses": {
          "PrimitiveItemType": "String",
          "Type": "List"
        }
      },
      "Properties": {
        "ReplicationInstanceIdentifier": {
          "Required": false,
          "Documentation": "http://docs.aws.amazon.com/AWSCloudFormation/latest/UserGuide/aws-resource-dms-replicationinstance.html#cfn-dms-replicationinstance-replicationinstanceidentifier",
          "PrimitiveType": "String",
          "UpdateType": "Mutable"
        },
        "EngineVersion": {
          "Required": false,
          "Documentation": "http://docs.aws.amazon.com/AWSCloudFormation/latest/UserGuide/aws-resource-dms-replicationinstance.html#cfn-dms-replicationinstance-engineversion",
          "PrimitiveType": "String",
          "UpdateType": "Mutable"
        },
        "KmsKeyId": {
          "Required": false,
          "Documentation": "http://docs.aws.amazon.com/AWSCloudFormation/latest/UserGuide/aws-resource-dms-replicationinstance.html#cfn-dms-replicationinstance-kmskeyid",
          "PrimitiveType": "String",
          "UpdateType": "Immutable"
        },
        "AvailabilityZone": {
          "Required": false,
          "Documentation": "http://docs.aws.amazon.com/AWSCloudFormation/latest/UserGuide/aws-resource-dms-replicationinstance.html#cfn-dms-replicationinstance-availabilityzone",
          "PrimitiveType": "String",
          "UpdateType": "Immutable"
        },
        "PreferredMaintenanceWindow": {
          "Required": false,
          "Documentation": "http://docs.aws.amazon.com/AWSCloudFormation/latest/UserGuide/aws-resource-dms-replicationinstance.html#cfn-dms-replicationinstance-preferredmaintenancewindow",
          "PrimitiveType": "String",
          "UpdateType": "Mutable"
        },
        "AutoMinorVersionUpgrade": {
          "Required": false,
          "Documentation": "http://docs.aws.amazon.com/AWSCloudFormation/latest/UserGuide/aws-resource-dms-replicationinstance.html#cfn-dms-replicationinstance-autominorversionupgrade",
          "PrimitiveType": "Boolean",
          "UpdateType": "Mutable"
        },
        "ReplicationSubnetGroupIdentifier": {
          "Required": false,
          "Documentation": "http://docs.aws.amazon.com/AWSCloudFormation/latest/UserGuide/aws-resource-dms-replicationinstance.html#cfn-dms-replicationinstance-replicationsubnetgroupidentifier",
          "PrimitiveType": "String",
          "UpdateType": "Immutable"
        },
        "AllocatedStorage": {
          "Required": false,
          "Documentation": "http://docs.aws.amazon.com/AWSCloudFormation/latest/UserGuide/aws-resource-dms-replicationinstance.html#cfn-dms-replicationinstance-allocatedstorage",
          "PrimitiveType": "Integer",
          "UpdateType": "Mutable"
        },
        "VpcSecurityGroupIds": {
          "PrimitiveItemType": "String",
          "Type": "List",
          "Required": false,
          "Documentation": "http://docs.aws.amazon.com/AWSCloudFormation/latest/UserGuide/aws-resource-dms-replicationinstance.html#cfn-dms-replicationinstance-vpcsecuritygroupids",
          "UpdateType": "Mutable"
        },
        "AllowMajorVersionUpgrade": {
          "Required": false,
          "Documentation": "http://docs.aws.amazon.com/AWSCloudFormation/latest/UserGuide/aws-resource-dms-replicationinstance.html#cfn-dms-replicationinstance-allowmajorversionupgrade",
          "PrimitiveType": "Boolean",
          "UpdateType": "Mutable"
        },
        "ReplicationInstanceClass": {
          "Required": true,
          "Documentation": "http://docs.aws.amazon.com/AWSCloudFormation/latest/UserGuide/aws-resource-dms-replicationinstance.html#cfn-dms-replicationinstance-replicationinstanceclass",
          "PrimitiveType": "String",
          "UpdateType": "Mutable"
        },
        "PubliclyAccessible": {
          "Required": false,
          "Documentation": "http://docs.aws.amazon.com/AWSCloudFormation/latest/UserGuide/aws-resource-dms-replicationinstance.html#cfn-dms-replicationinstance-publiclyaccessible",
          "PrimitiveType": "Boolean",
          "UpdateType": "Immutable"
        },
        "MultiAZ": {
          "Required": false,
          "Documentation": "http://docs.aws.amazon.com/AWSCloudFormation/latest/UserGuide/aws-resource-dms-replicationinstance.html#cfn-dms-replicationinstance-multiaz",
          "PrimitiveType": "Boolean",
          "UpdateType": "Mutable"
        },
        "Tags": {
          "Type": "List",
          "Required": false,
          "Documentation": "http://docs.aws.amazon.com/AWSCloudFormation/latest/UserGuide/aws-resource-dms-replicationinstance.html#cfn-dms-replicationinstance-tags",
          "ItemType": "Tag",
          "UpdateType": "Immutable"
        }
      }
    }
  },
  "ResourceSpecificationVersion": "3.0.0"
}