{
  "PropertyTypes": {
    "Tag": {
      "Documentation": "http://docs.aws.amazon.com/AWSCloudFormation/latest/UserGuide/aws-properties-dms-replicationsubnetgroup-tag.html",
      "Properties": {
        "Value": {
          "Required": false,
          "Documentation": "http://docs.aws.amazon.com/AWSCloudFormation/latest/UserGuide/aws-properties-dms-replicationsubnetgroup-tag.html#cfn-dms-replicationsubnetgroup-tag-value",
          "PrimitiveType": "String",
          "UpdateType": "Mutable"
        },
        "Key": {
          "Required": false,
          "Documentation": "http://docs.aws.amazon.com/AWSCloudFormation/latest/UserGuide/aws-properties-dms-replicationsubnetgroup-tag.html#cfn-dms-replicationsubnetgroup-tag-key",
          "PrimitiveType": "String",
          "UpdateType": "Mutable"
        }
      }
    }
  },
  "ResourceType": {
    "AWS::DMS::ReplicationSubnetGroup": {
      "Documentation": "http://docs.aws.amazon.com/AWSCloudFormation/latest/UserGuide/aws-resource-dms-replicationsubnetgroup.html",
      "Properties": {
        "ReplicationSubnetGroupDescription": {
          "Required": true,
          "Documentation": "http://docs.aws.amazon.com/AWSCloudFormation/latest/UserGuide/aws-resource-dms-replicationsubnetgroup.html#cfn-dms-replicationsubnetgroup-replicationsubnetgroupdescription",
          "PrimitiveType": "String",
          "UpdateType": "Mutable"
        },
        "ReplicationSubnetGroupIdentifier": {
          "Required": false,
          "Documentation": "http://docs.aws.amazon.com/AWSCloudFormation/latest/UserGuide/aws-resource-dms-replicationsubnetgroup.html#cfn-dms-replicationsubnetgroup-replicationsubnetgroupidentifier",
          "PrimitiveType": "String",
          "UpdateType": "Immutable"
        },
        "SubnetIds": {
          "PrimitiveItemType": "String",
          "Type": "List",
          "Required": true,
          "Documentation": "http://docs.aws.amazon.com/AWSCloudFormation/latest/UserGuide/aws-resource-dms-replicationsubnetgroup.html#cfn-dms-replicationsubnetgroup-subnetids",
          "UpdateType": "Mutable"
        },
        "Tags": {
          "Type": "List",
          "Required": false,
          "Documentation": "http://docs.aws.amazon.com/AWSCloudFormation/latest/UserGuide/aws-resource-dms-replicationsubnetgroup.html#cfn-dms-replicationsubnetgroup-tags",
          "ItemType": "Tag",
          "UpdateType": "Immutable"
        }
      }
    }
  },
  "ResourceSpecificationVersion": "3.0.0"
}