{
  "PropertyTypes": {
    "Tag": {
      "Documentation": "http://docs.aws.amazon.com/AWSCloudFormation/latest/UserGuide/aws-properties-dms-replicationtask-tag.html",
      "Properties": {
        "Value": {
          "Required": false,
          "Documentation": "http://docs.aws.amazon.com/AWSCloudFormation/latest/UserGuide/aws-properties-dms-replicationtask-tag.html#cfn-dms-replicationtask-tag-value",
          "PrimitiveType": "String",
          "UpdateType": "Mutable"
        },
        "Key": {
          "Required": false,
          "Documentation": "http://docs.aws.amazon.com/AWSCloudFormation/latest/UserGuide/aws-properties-dms-replicationtask-tag.html#cfn-dms-replicationtask-tag-key",
          "PrimitiveType": "String",
          "UpdateType": "Mutable"
        }
      }
    }
  },
  "ResourceType": {
    "AWS::DMS::ReplicationTask": {
      "Documentation": "http://docs.aws.amazon.com/AWSCloudFormation/latest/UserGuide/aws-resource-dms-replicationtask.html",
      "Properties": {
        "ReplicationTaskSettings": {
          "Required": false,
          "Documentation": "http://docs.aws.amazon.com/AWSCloudFormation/latest/UserGuide/aws-resource-dms-replicationtask.html#cfn-dms-replicationtask-replicationtasksettings",
          "PrimitiveType": "String",
          "UpdateType": "Mutable"
        },
        "TableMappings": {
          "Required": true,
          "Documentation": "http://docs.aws.amazon.com/AWSCloudFormation/latest/UserGuide/aws-resource-dms-replicationtask.html#cfn-dms-replicationtask-tablemappings",
          "PrimitiveType": "String",
          "UpdateType": "Mutable"
        },
        "ReplicationTaskIdentifier": {
          "Required": false,
          "Documentation": "http://docs.aws.amazon.com/AWSCloudFormation/latest/UserGuide/aws-resource-dms-replicationtask.html#cfn-dms-replicationtask-replicationtaskidentifier",
          "PrimitiveType": "String",
          "UpdateType": "Mutable"
        },
        "SourceEndpointArn": {
          "Required": true,
          "Documentation": "http://docs.aws.amazon.com/AWSCloudFormation/latest/UserGuide/aws-resource-dms-replicationtask.html#cfn-dms-replicationtask-sourceendpointarn",
          "PrimitiveType": "String",
          "UpdateType": "Immutable"
        },
        "MigrationType": {
          "Required": true,
          "Documentation": "http://docs.aws.amazon.com/AWSCloudFormation/latest/UserGuide/aws-resource-dms-replicationtask.html#cfn-dms-replicationtask-migrationtype",
          "PrimitiveType": "String",
          "UpdateType": "Mutable"
        },
        "TargetEndpointArn": {
          "Required": true,
          "Documentation": "http://docs.aws.amazon.com/AWSCloudFormation/latest/UserGuide/aws-resource-dms-replicationtask.html#cfn-dms-replicationtask-targetendpointarn",
          "PrimitiveType": "String",
          "UpdateType": "Immutable"
        },
        "ReplicationInstanceArn": {
          "Required": true,
          "Documentation": "http://docs.aws.amazon.com/AWSCloudFormation/latest/UserGuide/aws-resource-dms-replicationtask.html#cfn-dms-replicationtask-replicationinstancearn",
          "PrimitiveType": "String",
          "UpdateType": "Immutable"
        },
        "Tags": {
          "Type": "List",
          "Required": false,
          "Documentation": "http://docs.aws.amazon.com/AWSCloudFormation/latest/UserGuide/aws-resource-dms-replicationtask.html#cfn-dms-replicationtask-tags",
          "ItemType": "Tag",
          "UpdateType": "Immutable"
        },
        "CdcStartTime": {
          "Required": false,
          "Documentation": "http://docs.aws.amazon.com/AWSCloudFormation/latest/UserGuide/aws-resource-dms-replicationtask.html#cfn-dms-replicationtask-cdcstarttime",
          "PrimitiveType": "Double",
          "UpdateType": "Mutable"
        }
      }
    }
  },
  "ResourceSpecificationVersion": "3.0.0"
}