{
  "PropertyTypes": {
    "Tag": {
      "Documentation": "http://docs.aws.amazon.com/AWSCloudFormation/latest/UserGuide/aws-properties-docdb-dbinstance-tag.html",
      "Properties": {
        "Value": {
          "Required": true,
          "Documentation": "http://docs.aws.amazon.com/AWSCloudFormation/latest/UserGuide/aws-properties-docdb-dbinstance-tag.html#cfn-docdb-dbinstance-tag-value",
          "PrimitiveType": "String",
          "UpdateType": "Mutable"
        },
        "Key": {
          "Required": true,
          "Documentation": "http://docs.aws.amazon.com/AWSCloudFormation/latest/UserGuide/aws-properties-docdb-dbinstance-tag.html#cfn-docdb-dbinstance-tag-key",
          "PrimitiveType": "String",
          "UpdateType": "Mutable"
        }
      }
    }
  },
  "ResourceType": {
    "AWS::DocDB::DBInstance": {
      "Documentation": "http://docs.aws.amazon.com/AWSCloudFormation/latest/UserGuide/aws-resource-docdb-dbinstance.html",
      "Attributes": {
        "Endpoint": {
          "PrimitiveType": "String"
        },
        "Port": {
          "PrimitiveType": "String"
        }
      },
      "Properties": {
        "DBInstanceClass": {
          "Required": true,
          "Documentation": "http://docs.aws.amazon.com/AWSCloudFormation/latest/UserGuide/aws-resource-docdb-dbinstance.html#cfn-docdb-dbinstance-dbinstanceclass",
          "PrimitiveType": "String",
          "UpdateType": "Mutable"
        },
        "DBClusterIdentifier": {
          "Required": true,
          "Documentation": "http://docs.aws.amazon.com/AWSCloudFormation/latest/UserGuide/aws-resource-docdb-dbinstance.html#cfn-docdb-dbinstance-dbclusteridentifier",
          "PrimitiveType": "String",
          "UpdateType": "Immutable"
        },
        "AvailabilityZone": {
          "Required": false,
          "Documentation": "http://docs.aws.amazon.com/AWSCloudFormation/latest/UserGuide/aws-resource-docdb-dbinstance.html#cfn-docdb-dbinstance-availabilityzone",
          "PrimitiveType": "String",
          "UpdateType": "Immutable"
        },
        "PreferredMaintenanceWindow": {
          "Required": false,
          "Documentation": "http://docs.aws.amazon.com/AWSCloudFormation/latest/UserGuide/aws-resource-docdb-dbinstance.html#cfn-docdb-dbinstance-preferredmaintenancewindow",
          "PrimitiveType": "String",
          "UpdateType": "Mutable"
        },
        "AutoMinorVersionUpgrade": {
          "Required": false,
          "Documentation": "http://docs.aws.amazon.com/AWSCloudFormation/latest/UserGuide/aws-resource-docdb-dbinstance.html#cfn-docdb-dbinstance-autominorversionupgrade",
          "PrimitiveType": "Boolean",
          "UpdateType": "Mutable"
        },
        "DBInstanceIdentifier": {
          "Required": false,
          "Documentation": "http://docs.aws.amazon.com/AWSCloudFormation/latest/UserGuide/aws-resource-docdb-dbinstance.html#cfn-docdb-dbinstance-dbinstanceidentifier",
          "PrimitiveType": "String",
          "UpdateType": "Immutable"
        },
        "Tags": {
          "Type": "List",
          "Required": false,
          "Documentation": "http://docs.aws.amazon.com/AWSCloudFormation/latest/UserGuide/aws-resource-docdb-dbinstance.html#cfn-docdb-dbinstance-tags",
          "ItemType": "Tag",
          "UpdateType": "Mutable"
        }
      }
    }
  },
  "ResourceSpecificationVersion": "3.0.0"
}