{
  "PropertyTypes": {
    "Tag": {
      "Documentation": "http://docs.aws.amazon.com/AWSCloudFormation/latest/UserGuide/aws-properties-docdb-dbcluster-tag.html",
      "Properties": {
        "Value": {
          "Required": true,
          "Documentation": "http://docs.aws.amazon.com/AWSCloudFormation/latest/UserGuide/aws-properties-docdb-dbcluster-tag.html#cfn-docdb-dbcluster-tag-value",
          "PrimitiveType": "String",
          "UpdateType": "Mutable"
        },
        "Key": {
          "Required": true,
          "Documentation": "http://docs.aws.amazon.com/AWSCloudFormation/latest/UserGuide/aws-properties-docdb-dbcluster-tag.html#cfn-docdb-dbcluster-tag-key",
          "PrimitiveType": "String",
          "UpdateType": "Mutable"
        }
      }
    }
  },
  "ResourceType": {
    "AWS::DocDB::DBCluster": {
      "Documentation": "http://docs.aws.amazon.com/AWSCloudFormation/latest/UserGuide/aws-resource-docdb-dbcluster.html",
      "Attributes": {
        "ClusterResourceId": {
          "PrimitiveType": "String"
        },
        "Endpoint": {
          "PrimitiveType": "String"
        },
        "Port": {
          "PrimitiveType": "String"
        },
        "ReadEndpoint": {
          "PrimitiveType": "String"
        }
      },
      "Properties": {
        "StorageEncrypted": {
          "Required": false,
          "Documentation": "http://docs.aws.amazon.com/AWSCloudFormation/latest/UserGuide/aws-resource-docdb-dbcluster.html#cfn-docdb-dbcluster-storageencrypted",
          "PrimitiveType": "Boolean",
          "UpdateType": "Immutable"
        },
        "EngineVersion": {
          "Required": false,
          "Documentation": "http://docs.aws.amazon.com/AWSCloudFormation/latest/UserGuide/aws-resource-docdb-dbcluster.html#cfn-docdb-dbcluster-engineversion",
          "PrimitiveType": "String",
          "UpdateType": "Immutable"
        },
        "KmsKeyId": {
          "Required": false,
          "Documentation": "http://docs.aws.amazon.com/AWSCloudFormation/latest/UserGuide/aws-resource-docdb-dbcluster.html#cfn-docdb-dbcluster-kmskeyid",
          "PrimitiveType": "String",
          "UpdateType": "Immutable"
        },
        "AvailabilityZones": {
          "PrimitiveItemType": "String",
          "Type": "List",
          "Required": false,
          "Documentation": "http://docs.aws.amazon.com/AWSCloudFormation/latest/UserGuide/aws-resource-docdb-dbcluster.html#cfn-docdb-dbcluster-availabilityzones",
          "UpdateType": "Immutable"
        },
        "SnapshotIdentifier": {
          "Required": false,
          "Documentation": "http://docs.aws.amazon.com/AWSCloudFormation/latest/UserGuide/aws-resource-docdb-dbcluster.html#cfn-docdb-dbcluster-snapshotidentifier",
          "PrimitiveType": "String",
          "UpdateType": "Immutable"
        },
        "Port": {
          "Required": false,
          "Documentation": "http://docs.aws.amazon.com/AWSCloudFormation/latest/UserGuide/aws-resource-docdb-dbcluster.html#cfn-docdb-dbcluster-port",
          "PrimitiveType": "Integer",
          "UpdateType": "Mutable"
        },
        "DBClusterIdentifier": {
          "Required": false,
          "Documentation": "http://docs.aws.amazon.com/AWSCloudFormation/latest/UserGuide/aws-resource-docdb-dbcluster.html#cfn-docdb-dbcluster-dbclusteridentifier",
          "PrimitiveType": "String",
          "UpdateType": "Immutable"
        },
        "PreferredMaintenanceWindow": {
          "Required": false,
          "Documentation": "http://docs.aws.amazon.com/AWSCloudFormation/latest/UserGuide/aws-resource-docdb-dbcluster.html#cfn-docdb-dbcluster-preferredmaintenancewindow",
          "PrimitiveType": "String",
          "UpdateType": "Mutable"
        },
        "DBSubnetGroupName": {
          "Required": false,
          "Documentation": "http://docs.aws.amazon.com/AWSCloudFormation/latest/UserGuide/aws-resource-docdb-dbcluster.html#cfn-docdb-dbcluster-dbsubnetgroupname",
          "PrimitiveType": "String",
          "UpdateType": "Immutable"
        },
        "PreferredBackupWindow": {
          "Required": false,
          "Documentation": "http://docs.aws.amazon.com/AWSCloudFormation/latest/UserGuide/aws-resource-docdb-dbcluster.html#cfn-docdb-dbcluster-preferredbackupwindow",
          "PrimitiveType": "String",
          "UpdateType": "Mutable"
        },
        "MasterUserPassword": {
          "Required": false,
          "Documentation": "http://docs.aws.amazon.com/AWSCloudFormation/latest/UserGuide/aws-resource-docdb-dbcluster.html#cfn-docdb-dbcluster-masteruserpassword",
          "PrimitiveType": "String",
          "UpdateType": "Mutable"
        },
        "VpcSecurityGroupIds": {
          "PrimitiveItemType": "String",
          "Type": "List",
          "Required": false,
          "Documentation": "http://docs.aws.amazon.com/AWSCloudFormation/latest/UserGuide/aws-resource-docdb-dbcluster.html#cfn-docdb-dbcluster-vpcsecuritygroupids",
          "UpdateType": "Mutable"
        },
        "MasterUsername": {
          "Required": false,
          "Documentation": "http://docs.aws.amazon.com/AWSCloudFormation/latest/UserGuide/aws-resource-docdb-dbcluster.html#cfn-docdb-dbcluster-masterusername",
          "PrimitiveType": "String",
          "UpdateType": "Immutable"
        },
        "DBClusterParameterGroupName": {
          "Required": false,
          "Documentation": "http://docs.aws.amazon.com/AWSCloudFormation/latest/UserGuide/aws-resource-docdb-dbcluster.html#cfn-docdb-dbcluster-dbclusterparametergroupname",
          "PrimitiveType": "String",
          "UpdateType": "Mutable"
        },
        "BackupRetentionPeriod": {
          "Required": false,
          "Documentation": "http://docs.aws.amazon.com/AWSCloudFormation/latest/UserGuide/aws-resource-docdb-dbcluster.html#cfn-docdb-dbcluster-backupretentionperiod",
          "PrimitiveType": "Integer",
          "UpdateType": "Mutable"
        },
        "Tags": {
          "Type": "List",
          "Required": false,
          "Documentation": "http://docs.aws.amazon.com/AWSCloudFormation/latest/UserGuide/aws-resource-docdb-dbcluster.html#cfn-docdb-dbcluster-tags",
          "ItemType": "Tag",
          "UpdateType": "Mutable"
        }
      }
    }
  },
  "ResourceSpecificationVersion": "3.0.0"
}