{
  "PropertyTypes": {
    "Tag": {
      "Documentation": "http://docs.aws.amazon.com/AWSCloudFormation/latest/UserGuide/aws-properties-docdb-dbclusterparametergroup-tag.html",
      "Properties": {
        "Value": {
          "Required": true,
          "Documentation": "http://docs.aws.amazon.com/AWSCloudFormation/latest/UserGuide/aws-properties-docdb-dbclusterparametergroup-tag.html#cfn-docdb-dbclusterparametergroup-tag-value",
          "PrimitiveType": "String",
          "UpdateType": "Mutable"
        },
        "Key": {
          "Required": true,
          "Documentation": "http://docs.aws.amazon.com/AWSCloudFormation/latest/UserGuide/aws-properties-docdb-dbclusterparametergroup-tag.html#cfn-docdb-dbclusterparametergroup-tag-key",
          "PrimitiveType": "String",
          "UpdateType": "Mutable"
        }
      }
    }
  },
  "ResourceType": {
    "AWS::DocDB::DBClusterParameterGroup": {
      "Documentation": "http://docs.aws.amazon.com/AWSCloudFormation/latest/UserGuide/aws-resource-docdb-dbclusterparametergroup.html",
      "Properties": {
        "Description": {
          "Required": true,
          "Documentation": "http://docs.aws.amazon.com/AWSCloudFormation/latest/UserGuide/aws-resource-docdb-dbclusterparametergroup.html#cfn-docdb-dbclusterparametergroup-description",
          "PrimitiveType": "String",
          "UpdateType": "Immutable"
        },
        "Parameters": {
          "Required": true,
          "Documentation": "http://docs.aws.amazon.com/AWSCloudFormation/latest/UserGuide/aws-resource-docdb-dbclusterparametergroup.html#cfn-docdb-dbclusterparametergroup-parameters",
          "PrimitiveType": "Json",
          "UpdateType": "Mutable"
        },
        "Family": {
          "Required": true,
          "Documentation": "http://docs.aws.amazon.com/AWSCloudFormation/latest/UserGuide/aws-resource-docdb-dbclusterparametergroup.html#cfn-docdb-dbclusterparametergroup-family",
          "PrimitiveType": "String",
          "UpdateType": "Immutable"
        },
        "Tags": {
          "Type": "List",
          "Required": false,
          "Documentation": "http://docs.aws.amazon.com/AWSCloudFormation/latest/UserGuide/aws-resource-docdb-dbclusterparametergroup.html#cfn-docdb-dbclusterparametergroup-tags",
          "ItemType": "Tag",
          "UpdateType": "Mutable"
        },
        "Name": {
          "Required": false,
          "Documentation": "http://docs.aws.amazon.com/AWSCloudFormation/latest/UserGuide/aws-resource-docdb-dbclusterparametergroup.html#cfn-docdb-dbclusterparametergroup-name",
          "PrimitiveType": "String",
          "UpdateType": "Immutable"
        }
      }
    }
  },
  "ResourceSpecificationVersion": "3.0.0"
}