{
  "PropertyTypes": {
    "AWS::DynamoDB::Table.AttributeDefinition": {
      "Documentation": "http://docs.aws.amazon.com/AWSCloudFormation/latest/UserGuide/aws-properties-dynamodb-attributedef.html",
      "Properties": {
        "AttributeName": {
          "Documentation": "http://docs.aws.amazon.com/AWSCloudFormation/latest/UserGuide/aws-properties-dynamodb-attributedef.html#cfn-dynamodb-attributedef-attributename",
          "PrimitiveType": "String",
          "Required": true,
          "UpdateType": "Mutable"
        },
        "AttributeType": {
          "Documentation": "http://docs.aws.amazon.com/AWSCloudFormation/latest/UserGuide/aws-properties-dynamodb-attributedef.html#cfn-dynamodb-attributedef-attributename-attributetype",
          "PrimitiveType": "String",
          "Required": true,
          "UpdateType": "Mutable"
        }
      }
    },
    "AWS::DynamoDB::Table.GlobalSecondaryIndex": {
      "Documentation": "http://docs.aws.amazon.com/AWSCloudFormation/latest/UserGuide/aws-properties-dynamodb-gsi.html",
      "Properties": {
        "IndexName": {
          "Documentation": "http://docs.aws.amazon.com/AWSCloudFormation/latest/UserGuide/aws-properties-dynamodb-gsi.html#cfn-dynamodb-gsi-indexname",
          "PrimitiveType": "String",
          "Required": true,
          "UpdateType": "Mutable"
        },
        "KeySchema": {
          "Documentation": "http://docs.aws.amazon.com/AWSCloudFormation/latest/UserGuide/aws-properties-dynamodb-gsi.html#cfn-dynamodb-gsi-keyschema",
          "DuplicatesAllowed": false,
          "ItemType": "KeySchema",
          "Required": true,
          "Type": "List",
          "UpdateType": "Mutable"
        },
        "Projection": {
          "Documentation": "http://docs.aws.amazon.com/AWSCloudFormation/latest/UserGuide/aws-properties-dynamodb-gsi.html#cfn-dynamodb-gsi-projection",
          "Required": true,
          "Type": "Projection",
          "UpdateType": "Mutable"
        },
        "ProvisionedThroughput": {
          "Documentation": "http://docs.aws.amazon.com/AWSCloudFormation/latest/UserGuide/aws-properties-dynamodb-gsi.html#cfn-dynamodb-gsi-provisionedthroughput",
          "Required": false,
          "Type": "ProvisionedThroughput",
          "UpdateType": "Mutable"
        }
      }
    },
    "AWS::DynamoDB::Table.KeySchema": {
      "Documentation": "http://docs.aws.amazon.com/AWSCloudFormation/latest/UserGuide/aws-properties-dynamodb-keyschema.html",
      "Properties": {
        "AttributeName": {
          "Documentation": "http://docs.aws.amazon.com/AWSCloudFormation/latest/UserGuide/aws-properties-dynamodb-keyschema.html#aws-properties-dynamodb-keyschema-attributename",
          "PrimitiveType": "String",
          "Required": true,
          "UpdateType": "Mutable"
        },
        "KeyType": {
          "Documentation": "http://docs.aws.amazon.com/AWSCloudFormation/latest/UserGuide/aws-properties-dynamodb-keyschema.html#aws-properties-dynamodb-keyschema-keytype",
          "PrimitiveType": "String",
          "Required": true,
          "UpdateType": "Mutable"
        }
      }
    },
    "AWS::DynamoDB::Table.LocalSecondaryIndex": {
      "Documentation": "http://docs.aws.amazon.com/AWSCloudFormation/latest/UserGuide/aws-properties-dynamodb-lsi.html",
      "Properties": {
        "IndexName": {
          "Documentation": "http://docs.aws.amazon.com/AWSCloudFormation/latest/UserGuide/aws-properties-dynamodb-lsi.html#cfn-dynamodb-lsi-indexname",
          "PrimitiveType": "String",
          "Required": true,
          "UpdateType": "Mutable"
        },
        "KeySchema": {
          "Documentation": "http://docs.aws.amazon.com/AWSCloudFormation/latest/UserGuide/aws-properties-dynamodb-lsi.html#cfn-dynamodb-lsi-keyschema",
          "DuplicatesAllowed": false,
          "ItemType": "KeySchema",
          "Required": true,
          "Type": "List",
          "UpdateType": "Mutable"
        },
        "Projection": {
          "Documentation": "http://docs.aws.amazon.com/AWSCloudFormation/latest/UserGuide/aws-properties-dynamodb-lsi.html#cfn-dynamodb-lsi-projection",
          "Required": true,
          "Type": "Projection",
          "UpdateType": "Mutable"
        }
      }
    },
    "AWS::DynamoDB::Table.PointInTimeRecoverySpecification": {
      "Documentation": "http://docs.aws.amazon.com/AWSCloudFormation/latest/UserGuide/aws-properties-dynamodb-table-pointintimerecoveryspecification.html",
      "Properties": {
        "PointInTimeRecoveryEnabled": {
          "Documentation": "http://docs.aws.amazon.com/AWSCloudFormation/latest/UserGuide/aws-properties-dynamodb-table-pointintimerecoveryspecification.html#cfn-dynamodb-table-pointintimerecoveryspecification-pointintimerecoveryenabled",
          "PrimitiveType": "Boolean",
          "Required": false,
          "UpdateType": "Mutable"
        }
      }
    },
    "AWS::DynamoDB::Table.Projection": {
      "Documentation": "http://docs.aws.amazon.com/AWSCloudFormation/latest/UserGuide/aws-properties-dynamodb-projectionobject.html",
      "Properties": {
        "NonKeyAttributes": {
          "Documentation": "http://docs.aws.amazon.com/AWSCloudFormation/latest/UserGuide/aws-properties-dynamodb-projectionobject.html#cfn-dynamodb-projectionobj-nonkeyatt",
          "DuplicatesAllowed": true,
          "PrimitiveItemType": "String",
          "Required": false,
          "Type": "List",
          "UpdateType": "Mutable"
        },
        "ProjectionType": {
          "Documentation": "http://docs.aws.amazon.com/AWSCloudFormation/latest/UserGuide/aws-properties-dynamodb-projectionobject.html#cfn-dynamodb-projectionobj-projtype",
          "PrimitiveType": "String",
          "Required": false,
          "UpdateType": "Mutable"
        }
      }
    },
    "AWS::DynamoDB::Table.ProvisionedThroughput": {
      "Documentation": "http://docs.aws.amazon.com/AWSCloudFormation/latest/UserGuide/aws-properties-dynamodb-provisionedthroughput.html",
      "Properties": {
        "ReadCapacityUnits": {
          "Documentation": "http://docs.aws.amazon.com/AWSCloudFormation/latest/UserGuide/aws-properties-dynamodb-provisionedthroughput.html#cfn-dynamodb-provisionedthroughput-readcapacityunits",
          "PrimitiveType": "Long",
          "Required": true,
          "UpdateType": "Mutable"
        },
        "WriteCapacityUnits": {
          "Documentation": "http://docs.aws.amazon.com/AWSCloudFormation/latest/UserGuide/aws-properties-dynamodb-provisionedthroughput.html#cfn-dynamodb-provisionedthroughput-writecapacityunits",
          "PrimitiveType": "Long",
          "Required": true,
          "UpdateType": "Mutable"
        }
      }
    },
    "AWS::DynamoDB::Table.SSESpecification": {
      "Documentation": "http://docs.aws.amazon.com/AWSCloudFormation/latest/UserGuide/aws-properties-dynamodb-table-ssespecification.html",
      "Properties": {
        "SSEEnabled": {
          "Documentation": "http://docs.aws.amazon.com/AWSCloudFormation/latest/UserGuide/aws-properties-dynamodb-table-ssespecification.html#cfn-dynamodb-table-ssespecification-sseenabled",
          "PrimitiveType": "Boolean",
          "Required": true,
          "UpdateType": "Mutable"
        }
      }
    },
    "AWS::DynamoDB::Table.StreamSpecification": {
      "Documentation": "http://docs.aws.amazon.com/AWSCloudFormation/latest/UserGuide/aws-properties-dynamodb-streamspecification.html",
      "Properties": {
        "StreamViewType": {
          "Documentation": "http://docs.aws.amazon.com/AWSCloudFormation/latest/UserGuide/aws-properties-dynamodb-streamspecification.html#cfn-dynamodb-streamspecification-streamviewtype",
          "PrimitiveType": "String",
          "Required": true,
          "UpdateType": "Mutable"
        }
      }
    },
    "AWS::DynamoDB::Table.TimeToLiveSpecification": {
      "Documentation": "http://docs.aws.amazon.com/AWSCloudFormation/latest/UserGuide/aws-properties-dynamodb-timetolivespecification.html",
      "Properties": {
        "AttributeName": {
          "Documentation": "http://docs.aws.amazon.com/AWSCloudFormation/latest/UserGuide/aws-properties-dynamodb-timetolivespecification.html#cfn-dynamodb-timetolivespecification-attributename",
          "PrimitiveType": "String",
          "Required": true,
          "UpdateType": "Mutable"
        },
        "Enabled": {
          "Documentation": "http://docs.aws.amazon.com/AWSCloudFormation/latest/UserGuide/aws-properties-dynamodb-timetolivespecification.html#cfn-dynamodb-timetolivespecification-enabled",
          "PrimitiveType": "Boolean",
          "Required": true,
          "UpdateType": "Mutable"
        }
      }
    },
    "Tag": {
      "Documentation": "http://docs.aws.amazon.com/AWSCloudFormation/latest/UserGuide/aws-properties-resource-tags.html",
      "Properties": {
        "Key": {
          "Documentation": "http://docs.aws.amazon.com/AWSCloudFormation/latest/UserGuide/aws-properties-resource-tags.html#cfn-resource-tags-key",
          "PrimitiveType": "String",
          "Required": true,
          "UpdateType": "Mutable"
        },
        "Value": {
          "Documentation": "http://docs.aws.amazon.com/AWSCloudFormation/latest/UserGuide/aws-properties-resource-tags.html#cfn-resource-tags-value",
          "PrimitiveType": "String",
          "Required": true,
          "UpdateType": "Mutable"
        }
      }
    }
  },
  "ResourceType": {
    "AWS::DynamoDB::Table": {
      "Attributes": {
        "Arn": {
          "PrimitiveType": "String"
        },
        "StreamArn": {
          "PrimitiveType": "String"
        }
      },
      "Documentation": "http://docs.aws.amazon.com/AWSCloudFormation/latest/UserGuide/aws-resource-dynamodb-table.html",
      "Properties": {
        "AttributeDefinitions": {
          "Documentation": "http://docs.aws.amazon.com/AWSCloudFormation/latest/UserGuide/aws-resource-dynamodb-table.html#cfn-dynamodb-table-attributedef",
          "DuplicatesAllowed": true,
          "ItemType": "AttributeDefinition",
          "Required": false,
          "Type": "List",
          "UpdateType": "Conditional"
        },
        "BillingMode": {
          "Documentation": "http://docs.aws.amazon.com/AWSCloudFormation/latest/UserGuide/aws-resource-dynamodb-table.html#cfn-dynamodb-table-billingmode",
          "PrimitiveType": "String",
          "Required": false,
          "UpdateType": "Mutable"
        },
        "GlobalSecondaryIndexes": {
          "Documentation": "http://docs.aws.amazon.com/AWSCloudFormation/latest/UserGuide/aws-resource-dynamodb-table.html#cfn-dynamodb-table-gsi",
          "DuplicatesAllowed": true,
          "ItemType": "GlobalSecondaryIndex",
          "Required": false,
          "Type": "List",
          "UpdateType": "Mutable"
        },
        "KeySchema": {
          "Documentation": "http://docs.aws.amazon.com/AWSCloudFormation/latest/UserGuide/aws-resource-dynamodb-table.html#cfn-dynamodb-table-keyschema",
          "DuplicatesAllowed": false,
          "ItemType": "KeySchema",
          "Required": true,
          "Type": "List",
          "UpdateType": "Immutable"
        },
        "LocalSecondaryIndexes": {
          "Documentation": "http://docs.aws.amazon.com/AWSCloudFormation/latest/UserGuide/aws-resource-dynamodb-table.html#cfn-dynamodb-table-lsi",
          "DuplicatesAllowed": true,
          "ItemType": "LocalSecondaryIndex",
          "Required": false,
          "Type": "List",
          "UpdateType": "Immutable"
        },
        "PointInTimeRecoverySpecification": {
          "Documentation": "http://docs.aws.amazon.com/AWSCloudFormation/latest/UserGuide/aws-resource-dynamodb-table.html#cfn-dynamodb-table-pointintimerecoveryspecification",
          "Required": false,
          "Type": "PointInTimeRecoverySpecification",
          "UpdateType": "Mutable"
        },
        "ProvisionedThroughput": {
          "Documentation": "http://docs.aws.amazon.com/AWSCloudFormation/latest/UserGuide/aws-resource-dynamodb-table.html#cfn-dynamodb-table-provisionedthroughput",
          "Required": false,
          "Type": "ProvisionedThroughput",
          "UpdateType": "Mutable"
        },
        "SSESpecification": {
          "Documentation": "http://docs.aws.amazon.com/AWSCloudFormation/latest/UserGuide/aws-resource-dynamodb-table.html#cfn-dynamodb-table-ssespecification",
          "Required": false,
          "Type": "SSESpecification",
          "UpdateType": "Conditional"
        },
        "StreamSpecification": {
          "Documentation": "http://docs.aws.amazon.com/AWSCloudFormation/latest/UserGuide/aws-resource-dynamodb-table.html#cfn-dynamodb-table-streamspecification",
          "Required": false,
          "Type": "StreamSpecification",
          "UpdateType": "Mutable"
        },
        "TableName": {
          "Documentation": "http://docs.aws.amazon.com/AWSCloudFormation/latest/UserGuide/aws-resource-dynamodb-table.html#cfn-dynamodb-table-tablename",
          "PrimitiveType": "String",
          "Required": false,
          "UpdateType": "Immutable"
        },
        "Tags": {
          "Documentation": "http://docs.aws.amazon.com/AWSCloudFormation/latest/UserGuide/aws-resource-dynamodb-table.html#cfn-dynamodb-table-tags",
          "DuplicatesAllowed": true,
          "ItemType": "Tag",
          "Required": false,
          "Type": "List",
          "UpdateType": "Mutable"
        },
        "TimeToLiveSpecification": {
          "Documentation": "http://docs.aws.amazon.com/AWSCloudFormation/latest/UserGuide/aws-resource-dynamodb-table.html#cfn-dynamodb-table-timetolivespecification",
          "Required": false,
          "Type": "TimeToLiveSpecification",
          "UpdateType": "Mutable"
        }
      }
    }
  },
  "ResourceSpecificationVersion": "3.0.0"
}