{
  "PropertyTypes": {
    "AWS::EC2::EC2Fleet.OnDemandOptionsRequest": {
      "Documentation": "http://docs.aws.amazon.com/AWSCloudFormation/latest/UserGuide/aws-properties-ec2-ec2fleet-ondemandoptionsrequest.html",
      "Properties": {
        "AllocationStrategy": {
          "Required": false,
          "Documentation": "http://docs.aws.amazon.com/AWSCloudFormation/latest/UserGuide/aws-properties-ec2-ec2fleet-ondemandoptionsrequest.html#cfn-ec2-ec2fleet-ondemandoptionsrequest-allocationstrategy",
          "PrimitiveType": "String",
          "UpdateType": "Mutable"
        }
      }
    },
    "AWS::EC2::EC2Fleet.SpotOptionsRequest": {
      "Documentation": "http://docs.aws.amazon.com/AWSCloudFormation/latest/UserGuide/aws-properties-ec2-ec2fleet-spotoptionsrequest.html",
      "Properties": {
        "AllocationStrategy": {
          "Required": false,
          "Documentation": "http://docs.aws.amazon.com/AWSCloudFormation/latest/UserGuide/aws-properties-ec2-ec2fleet-spotoptionsrequest.html#cfn-ec2-ec2fleet-spotoptionsrequest-allocationstrategy",
          "PrimitiveType": "String",
          "UpdateType": "Mutable"
        },
        "InstanceInterruptionBehavior": {
          "Required": false,
          "Documentation": "http://docs.aws.amazon.com/AWSCloudFormation/latest/UserGuide/aws-properties-ec2-ec2fleet-spotoptionsrequest.html#cfn-ec2-ec2fleet-spotoptionsrequest-instanceinterruptionbehavior",
          "PrimitiveType": "String",
          "UpdateType": "Mutable"
        },
        "InstancePoolsToUseCount": {
          "Required": false,
          "Documentation": "http://docs.aws.amazon.com/AWSCloudFormation/latest/UserGuide/aws-properties-ec2-ec2fleet-spotoptionsrequest.html#cfn-ec2-ec2fleet-spotoptionsrequest-instancepoolstousecount",
          "PrimitiveType": "Integer",
          "UpdateType": "Mutable"
        }
      }
    },
    "AWS::EC2::EC2Fleet.TagSpecification": {
      "Documentation": "http://docs.aws.amazon.com/AWSCloudFormation/latest/UserGuide/aws-properties-ec2-ec2fleet-tagspecification.html",
      "Properties": {
        "ResourceType": {
          "Required": false,
          "Documentation": "http://docs.aws.amazon.com/AWSCloudFormation/latest/UserGuide/aws-properties-ec2-ec2fleet-tagspecification.html#cfn-ec2-ec2fleet-tagspecification-resourcetype",
          "PrimitiveType": "String",
          "UpdateType": "Mutable"
        },
        "Tags": {
          "Type": "List",
          "Required": false,
          "Documentation": "http://docs.aws.amazon.com/AWSCloudFormation/latest/UserGuide/aws-properties-ec2-ec2fleet-tagspecification.html#cfn-ec2-ec2fleet-tagspecification-tags",
          "ItemType": "TagRequest",
          "UpdateType": "Mutable"
        }
      }
    },
    "AWS::EC2::EC2Fleet.TargetCapacitySpecificationRequest": {
      "Documentation": "http://docs.aws.amazon.com/AWSCloudFormation/latest/UserGuide/aws-properties-ec2-ec2fleet-targetcapacityspecificationrequest.html",
      "Properties": {
        "DefaultTargetCapacityType": {
          "Required": false,
          "Documentation": "http://docs.aws.amazon.com/AWSCloudFormation/latest/UserGuide/aws-properties-ec2-ec2fleet-targetcapacityspecificationrequest.html#cfn-ec2-ec2fleet-targetcapacityspecificationrequest-defaulttargetcapacitytype",
          "PrimitiveType": "String",
          "UpdateType": "Mutable"
        },
        "TotalTargetCapacity": {
          "Required": true,
          "Documentation": "http://docs.aws.amazon.com/AWSCloudFormation/latest/UserGuide/aws-properties-ec2-ec2fleet-targetcapacityspecificationrequest.html#cfn-ec2-ec2fleet-targetcapacityspecificationrequest-totaltargetcapacity",
          "PrimitiveType": "Integer",
          "UpdateType": "Mutable"
        },
        "OnDemandTargetCapacity": {
          "Required": false,
          "Documentation": "http://docs.aws.amazon.com/AWSCloudFormation/latest/UserGuide/aws-properties-ec2-ec2fleet-targetcapacityspecificationrequest.html#cfn-ec2-ec2fleet-targetcapacityspecificationrequest-ondemandtargetcapacity",
          "PrimitiveType": "Integer",
          "UpdateType": "Mutable"
        },
        "SpotTargetCapacity": {
          "Required": false,
          "Documentation": "http://docs.aws.amazon.com/AWSCloudFormation/latest/UserGuide/aws-properties-ec2-ec2fleet-targetcapacityspecificationrequest.html#cfn-ec2-ec2fleet-targetcapacityspecificationrequest-spottargetcapacity",
          "PrimitiveType": "Integer",
          "UpdateType": "Mutable"
        }
      }
    },
    "AWS::EC2::EC2Fleet.FleetLaunchTemplateConfigRequest": {
      "Documentation": "http://docs.aws.amazon.com/AWSCloudFormation/latest/UserGuide/aws-properties-ec2-ec2fleet-fleetlaunchtemplateconfigrequest.html",
      "Properties": {
        "LaunchTemplateSpecification": {
          "Type": "FleetLaunchTemplateSpecificationRequest",
          "Required": false,
          "Documentation": "http://docs.aws.amazon.com/AWSCloudFormation/latest/UserGuide/aws-properties-ec2-ec2fleet-fleetlaunchtemplateconfigrequest.html#cfn-ec2-ec2fleet-fleetlaunchtemplateconfigrequest-launchtemplatespecification",
          "UpdateType": "Mutable"
        },
        "Overrides": {
          "Type": "List",
          "Required": false,
          "Documentation": "http://docs.aws.amazon.com/AWSCloudFormation/latest/UserGuide/aws-properties-ec2-ec2fleet-fleetlaunchtemplateconfigrequest.html#cfn-ec2-ec2fleet-fleetlaunchtemplateconfigrequest-overrides",
          "ItemType": "FleetLaunchTemplateOverridesRequest",
          "UpdateType": "Mutable"
        }
      }
    },
    "AWS::EC2::EC2Fleet.FleetLaunchTemplateOverridesRequest": {
      "Documentation": "http://docs.aws.amazon.com/AWSCloudFormation/latest/UserGuide/aws-properties-ec2-ec2fleet-fleetlaunchtemplateoverridesrequest.html",
      "Properties": {
        "WeightedCapacity": {
          "Required": false,
          "Documentation": "http://docs.aws.amazon.com/AWSCloudFormation/latest/UserGuide/aws-properties-ec2-ec2fleet-fleetlaunchtemplateoverridesrequest.html#cfn-ec2-ec2fleet-fleetlaunchtemplateoverridesrequest-weightedcapacity",
          "PrimitiveType": "Double",
          "UpdateType": "Mutable"
        },
        "Priority": {
          "Required": false,
          "Documentation": "http://docs.aws.amazon.com/AWSCloudFormation/latest/UserGuide/aws-properties-ec2-ec2fleet-fleetlaunchtemplateoverridesrequest.html#cfn-ec2-ec2fleet-fleetlaunchtemplateoverridesrequest-priority",
          "PrimitiveType": "Double",
          "UpdateType": "Mutable"
        },
        "AvailabilityZone": {
          "Required": false,
          "Documentation": "http://docs.aws.amazon.com/AWSCloudFormation/latest/UserGuide/aws-properties-ec2-ec2fleet-fleetlaunchtemplateoverridesrequest.html#cfn-ec2-ec2fleet-fleetlaunchtemplateoverridesrequest-availabilityzone",
          "PrimitiveType": "String",
          "UpdateType": "Mutable"
        },
        "SubnetId": {
          "Required": false,
          "Documentation": "http://docs.aws.amazon.com/AWSCloudFormation/latest/UserGuide/aws-properties-ec2-ec2fleet-fleetlaunchtemplateoverridesrequest.html#cfn-ec2-ec2fleet-fleetlaunchtemplateoverridesrequest-subnetid",
          "PrimitiveType": "String",
          "UpdateType": "Mutable"
        },
        "InstanceType": {
          "Required": false,
          "Documentation": "http://docs.aws.amazon.com/AWSCloudFormation/latest/UserGuide/aws-properties-ec2-ec2fleet-fleetlaunchtemplateoverridesrequest.html#cfn-ec2-ec2fleet-fleetlaunchtemplateoverridesrequest-instancetype",
          "PrimitiveType": "String",
          "UpdateType": "Mutable"
        },
        "MaxPrice": {
          "Required": false,
          "Documentation": "http://docs.aws.amazon.com/AWSCloudFormation/latest/UserGuide/aws-properties-ec2-ec2fleet-fleetlaunchtemplateoverridesrequest.html#cfn-ec2-ec2fleet-fleetlaunchtemplateoverridesrequest-maxprice",
          "PrimitiveType": "String",
          "UpdateType": "Mutable"
        }
      }
    },
    "AWS::EC2::EC2Fleet.FleetLaunchTemplateSpecificationRequest": {
      "Documentation": "http://docs.aws.amazon.com/AWSCloudFormation/latest/UserGuide/aws-properties-ec2-ec2fleet-fleetlaunchtemplatespecificationrequest.html",
      "Properties": {
        "LaunchTemplateName": {
          "Required": false,
          "Documentation": "http://docs.aws.amazon.com/AWSCloudFormation/latest/UserGuide/aws-properties-ec2-ec2fleet-fleetlaunchtemplatespecificationrequest.html#cfn-ec2-ec2fleet-fleetlaunchtemplatespecificationrequest-launchtemplatename",
          "PrimitiveType": "String",
          "UpdateType": "Mutable"
        },
        "Version": {
          "Required": false,
          "Documentation": "http://docs.aws.amazon.com/AWSCloudFormation/latest/UserGuide/aws-properties-ec2-ec2fleet-fleetlaunchtemplatespecificationrequest.html#cfn-ec2-ec2fleet-fleetlaunchtemplatespecificationrequest-version",
          "PrimitiveType": "String",
          "UpdateType": "Mutable"
        },
        "LaunchTemplateId": {
          "Required": false,
          "Documentation": "http://docs.aws.amazon.com/AWSCloudFormation/latest/UserGuide/aws-properties-ec2-ec2fleet-fleetlaunchtemplatespecificationrequest.html#cfn-ec2-ec2fleet-fleetlaunchtemplatespecificationrequest-launchtemplateid",
          "PrimitiveType": "String",
          "UpdateType": "Mutable"
        }
      }
    },
    "AWS::EC2::EC2Fleet.TagRequest": {
      "Documentation": "http://docs.aws.amazon.com/AWSCloudFormation/latest/UserGuide/aws-properties-ec2-ec2fleet-tagrequest.html",
      "Properties": {
        "Value": {
          "Required": false,
          "Documentation": "http://docs.aws.amazon.com/AWSCloudFormation/latest/UserGuide/aws-properties-ec2-ec2fleet-tagrequest.html#cfn-ec2-ec2fleet-tagrequest-value",
          "PrimitiveType": "String",
          "UpdateType": "Mutable"
        },
        "Key": {
          "Required": false,
          "Documentation": "http://docs.aws.amazon.com/AWSCloudFormation/latest/UserGuide/aws-properties-ec2-ec2fleet-tagrequest.html#cfn-ec2-ec2fleet-tagrequest-key",
          "PrimitiveType": "String",
          "UpdateType": "Mutable"
        }
      }
    }
  },
  "ResourceType": {
    "AWS::EC2::EC2Fleet": {
      "Documentation": "http://docs.aws.amazon.com/AWSCloudFormation/latest/UserGuide/aws-resource-ec2-ec2fleet.html",
      "Properties": {
        "TargetCapacitySpecification": {
          "Type": "TargetCapacitySpecificationRequest",
          "Required": true,
          "Documentation": "http://docs.aws.amazon.com/AWSCloudFormation/latest/UserGuide/aws-resource-ec2-ec2fleet.html#cfn-ec2-ec2fleet-targetcapacityspecification",
          "UpdateType": "Mutable"
        },
        "OnDemandOptions": {
          "Type": "OnDemandOptionsRequest",
          "Required": false,
          "Documentation": "http://docs.aws.amazon.com/AWSCloudFormation/latest/UserGuide/aws-resource-ec2-ec2fleet.html#cfn-ec2-ec2fleet-ondemandoptions",
          "UpdateType": "Immutable"
        },
        "Type": {
          "Required": false,
          "Documentation": "http://docs.aws.amazon.com/AWSCloudFormation/latest/UserGuide/aws-resource-ec2-ec2fleet.html#cfn-ec2-ec2fleet-type",
          "PrimitiveType": "String",
          "UpdateType": "Immutable"
        },
        "ExcessCapacityTerminationPolicy": {
          "Required": false,
          "Documentation": "http://docs.aws.amazon.com/AWSCloudFormation/latest/UserGuide/aws-resource-ec2-ec2fleet.html#cfn-ec2-ec2fleet-excesscapacityterminationpolicy",
          "PrimitiveType": "String",
          "UpdateType": "Mutable"
        },
        "TagSpecifications": {
          "Type": "List",
          "Required": false,
          "Documentation": "http://docs.aws.amazon.com/AWSCloudFormation/latest/UserGuide/aws-resource-ec2-ec2fleet.html#cfn-ec2-ec2fleet-tagspecifications",
          "ItemType": "TagSpecification",
          "UpdateType": "Immutable"
        },
        "SpotOptions": {
          "Type": "SpotOptionsRequest",
          "Required": false,
          "Documentation": "http://docs.aws.amazon.com/AWSCloudFormation/latest/UserGuide/aws-resource-ec2-ec2fleet.html#cfn-ec2-ec2fleet-spotoptions",
          "UpdateType": "Immutable"
        },
        "ValidFrom": {
          "Required": false,
          "Documentation": "http://docs.aws.amazon.com/AWSCloudFormation/latest/UserGuide/aws-resource-ec2-ec2fleet.html#cfn-ec2-ec2fleet-validfrom",
          "PrimitiveType": "String",
          "UpdateType": "Immutable"
        },
        "ReplaceUnhealthyInstances": {
          "Required": false,
          "Documentation": "http://docs.aws.amazon.com/AWSCloudFormation/latest/UserGuide/aws-resource-ec2-ec2fleet.html#cfn-ec2-ec2fleet-replaceunhealthyinstances",
          "PrimitiveType": "Boolean",
          "UpdateType": "Immutable"
        },
        "LaunchTemplateConfigs": {
          "Type": "List",
          "Required": true,
          "Documentation": "http://docs.aws.amazon.com/AWSCloudFormation/latest/UserGuide/aws-resource-ec2-ec2fleet.html#cfn-ec2-ec2fleet-launchtemplateconfigs",
          "ItemType": "FleetLaunchTemplateConfigRequest",
          "UpdateType": "Immutable"
        },
        "TerminateInstancesWithExpiration": {
          "Required": false,
          "Documentation": "http://docs.aws.amazon.com/AWSCloudFormation/latest/UserGuide/aws-resource-ec2-ec2fleet.html#cfn-ec2-ec2fleet-terminateinstanceswithexpiration",
          "PrimitiveType": "Boolean",
          "UpdateType": "Immutable"
        },
        "ValidUntil": {
          "Required": false,
          "Documentation": "http://docs.aws.amazon.com/AWSCloudFormation/latest/UserGuide/aws-resource-ec2-ec2fleet.html#cfn-ec2-ec2fleet-validuntil",
          "PrimitiveType": "String",
          "UpdateType": "Immutable"
        }
      }
    }
  },
  "ResourceSpecificationVersion": "3.0.0"
}