{
  "ResourceType": {
    "AWS::EC2::EIP": {
      "Attributes": {
        "AllocationId": {
          "PrimitiveType": "String"
        }
      },
      "Documentation": "http://docs.aws.amazon.com/AWSCloudFormation/latest/UserGuide/aws-properties-ec2-eip.html",
      "Properties": {
        "Domain": {
          "Documentation": "http://docs.aws.amazon.com/AWSCloudFormation/latest/UserGuide/aws-properties-ec2-eip.html#cfn-ec2-eip-domain",
          "PrimitiveType": "String",
          "Required": false,
          "UpdateType": "Immutable"
        },
        "InstanceId": {
          "Documentation": "http://docs.aws.amazon.com/AWSCloudFormation/latest/UserGuide/aws-properties-ec2-eip.html#cfn-ec2-eip-instanceid",
          "PrimitiveType": "String",
          "Required": false,
          "UpdateType": "Mutable"
        },
        "PublicIpv4Pool": {
          "Documentation": "http://docs.aws.amazon.com/AWSCloudFormation/latest/UserGuide/aws-properties-ec2-eip.html#cfn-ec2-eip-publicipv4pool",
          "PrimitiveType": "String",
          "Required": false,
          "UpdateType": "Mutable"
        }
      }
    }
  },
  "ResourceSpecificationVersion": "3.0.0"
}