{
  "ResourceType": {
    "AWS::EC2::EIPAssociation": {
      "Documentation": "http://docs.aws.amazon.com/AWSCloudFormation/latest/UserGuide/aws-properties-ec2-eip-association.html",
      "Properties": {
        "AllocationId": {
          "Documentation": "http://docs.aws.amazon.com/AWSCloudFormation/latest/UserGuide/aws-properties-ec2-eip-association.html#cfn-ec2-eipassociation-allocationid",
          "PrimitiveType": "String",
          "Required": false,
          "UpdateType": "Conditional"
        },
        "EIP": {
          "Documentation": "http://docs.aws.amazon.com/AWSCloudFormation/latest/UserGuide/aws-properties-ec2-eip-association.html#cfn-ec2-eipassociation-eip",
          "PrimitiveType": "String",
          "Required": false,
          "UpdateType": "Conditional"
        },
        "InstanceId": {
          "Documentation": "http://docs.aws.amazon.com/AWSCloudFormation/latest/UserGuide/aws-properties-ec2-eip-association.html#cfn-ec2-eipassociation-instanceid",
          "PrimitiveType": "String",
          "Required": false,
          "UpdateType": "Conditional"
        },
        "NetworkInterfaceId": {
          "Documentation": "http://docs.aws.amazon.com/AWSCloudFormation/latest/UserGuide/aws-properties-ec2-eip-association.html#cfn-ec2-eipassociation-networkinterfaceid",
          "PrimitiveType": "String",
          "Required": false,
          "UpdateType": "Conditional"
        },
        "PrivateIpAddress": {
          "Documentation": "http://docs.aws.amazon.com/AWSCloudFormation/latest/UserGuide/aws-properties-ec2-eip-association.html#cfn-ec2-eipassociation-PrivateIpAddress",
          "PrimitiveType": "String",
          "Required": false,
          "UpdateType": "Mutable"
        }
      }
    }
  },
  "ResourceSpecificationVersion": "3.0.0"
}