{
  "ResourceType": {
    "AWS::EC2::EgressOnlyInternetGateway": {
      "Documentation": "http://docs.aws.amazon.com/AWSCloudFormation/latest/UserGuide/aws-resource-ec2-egressonlyinternetgateway.html",
      "Properties": {
        "VpcId": {
          "Documentation": "http://docs.aws.amazon.com/AWSCloudFormation/latest/UserGuide/aws-resource-ec2-egressonlyinternetgateway.html#cfn-ec2-egressonlyinternetgateway-vpcid",
          "PrimitiveType": "String",
          "Required": true,
          "UpdateType": "Immutable"
        }
      }
    }
  },
  "ResourceSpecificationVersion": "3.0.0"
}