{
  "ResourceType": {
    "AWS::EC2::Host": {
      "Documentation": "http://docs.aws.amazon.com/AWSCloudFormation/latest/UserGuide/aws-resource-ec2-host.html",
      "Properties": {
        "AutoPlacement": {
          "Documentation": "http://docs.aws.amazon.com/AWSCloudFormation/latest/UserGuide/aws-resource-ec2-host.html#cfn-ec2-host-autoplacement",
          "PrimitiveType": "String",
          "Required": false,
          "UpdateType": "Mutable"
        },
        "AvailabilityZone": {
          "Documentation": "http://docs.aws.amazon.com/AWSCloudFormation/latest/UserGuide/aws-resource-ec2-host.html#cfn-ec2-host-availabilityzone",
          "PrimitiveType": "String",
          "Required": true,
          "UpdateType": "Immutable"
        },
        "InstanceType": {
          "Documentation": "http://docs.aws.amazon.com/AWSCloudFormation/latest/UserGuide/aws-resource-ec2-host.html#cfn-ec2-host-instancetype",
          "PrimitiveType": "String",
          "Required": true,
          "UpdateType": "Immutable"
        }
      }
    }
  },
  "ResourceSpecificationVersion": "3.0.0"
}