{
  "PropertyTypes": {
    "AWS::EC2::LaunchTemplate.Placement": {
      "Documentation": "http://docs.aws.amazon.com/AWSCloudFormation/latest/UserGuide/aws-properties-ec2-launchtemplate-launchtemplatedata-placement.html",
      "Properties": {
        "GroupName": {
          "Required": false,
          "Documentation": "http://docs.aws.amazon.com/AWSCloudFormation/latest/UserGuide/aws-properties-ec2-launchtemplate-launchtemplatedata-placement.html#cfn-ec2-launchtemplate-launchtemplatedata-placement-groupname",
          "PrimitiveType": "String",
          "UpdateType": "Mutable"
        },
        "Tenancy": {
          "Required": false,
          "Documentation": "http://docs.aws.amazon.com/AWSCloudFormation/latest/UserGuide/aws-properties-ec2-launchtemplate-launchtemplatedata-placement.html#cfn-ec2-launchtemplate-launchtemplatedata-placement-tenancy",
          "PrimitiveType": "String",
          "UpdateType": "Mutable"
        },
        "AvailabilityZone": {
          "Required": false,
          "Documentation": "http://docs.aws.amazon.com/AWSCloudFormation/latest/UserGuide/aws-properties-ec2-launchtemplate-launchtemplatedata-placement.html#cfn-ec2-launchtemplate-launchtemplatedata-placement-availabilityzone",
          "PrimitiveType": "String",
          "UpdateType": "Mutable"
        },
        "Affinity": {
          "Required": false,
          "Documentation": "http://docs.aws.amazon.com/AWSCloudFormation/latest/UserGuide/aws-properties-ec2-launchtemplate-launchtemplatedata-placement.html#cfn-ec2-launchtemplate-launchtemplatedata-placement-affinity",
          "PrimitiveType": "String",
          "UpdateType": "Mutable"
        },
        "HostId": {
          "Required": false,
          "Documentation": "http://docs.aws.amazon.com/AWSCloudFormation/latest/UserGuide/aws-properties-ec2-launchtemplate-launchtemplatedata-placement.html#cfn-ec2-launchtemplate-launchtemplatedata-placement-hostid",
          "PrimitiveType": "String",
          "UpdateType": "Mutable"
        }
      }
    },
    "AWS::EC2::LaunchTemplate.CreditSpecification": {
      "Documentation": "http://docs.aws.amazon.com/AWSCloudFormation/latest/UserGuide/aws-properties-ec2-launchtemplate-launchtemplatedata-creditspecification.html",
      "Properties": {
        "CpuCredits": {
          "Required": false,
          "Documentation": "http://docs.aws.amazon.com/AWSCloudFormation/latest/UserGuide/aws-properties-ec2-launchtemplate-launchtemplatedata-creditspecification.html#cfn-ec2-launchtemplate-launchtemplatedata-creditspecification-cpucredits",
          "PrimitiveType": "String",
          "UpdateType": "Mutable"
        }
      }
    },
    "AWS::EC2::LaunchTemplate.Ipv6Add": {
      "Documentation": "http://docs.aws.amazon.com/AWSCloudFormation/latest/UserGuide/aws-properties-ec2-launchtemplate-ipv6add.html",
      "Properties": {
        "Ipv6Address": {
          "Required": false,
          "Documentation": "http://docs.aws.amazon.com/AWSCloudFormation/latest/UserGuide/aws-properties-ec2-launchtemplate-ipv6add.html#cfn-ec2-launchtemplate-ipv6add-ipv6address",
          "PrimitiveType": "String",
          "UpdateType": "Mutable"
        }
      }
    },
    "AWS::EC2::LaunchTemplate.Ebs": {
      "Documentation": "http://docs.aws.amazon.com/AWSCloudFormation/latest/UserGuide/aws-properties-ec2-launchtemplate-blockdevicemapping-ebs.html",
      "Properties": {
        "SnapshotId": {
          "Required": false,
          "Documentation": "http://docs.aws.amazon.com/AWSCloudFormation/latest/UserGuide/aws-properties-ec2-launchtemplate-blockdevicemapping-ebs.html#cfn-ec2-launchtemplate-blockdevicemapping-ebs-snapshotid",
          "PrimitiveType": "String",
          "UpdateType": "Mutable"
        },
        "VolumeType": {
          "Required": false,
          "Documentation": "http://docs.aws.amazon.com/AWSCloudFormation/latest/UserGuide/aws-properties-ec2-launchtemplate-blockdevicemapping-ebs.html#cfn-ec2-launchtemplate-blockdevicemapping-ebs-volumetype",
          "PrimitiveType": "String",
          "UpdateType": "Mutable"
        },
        "KmsKeyId": {
          "Required": false,
          "Documentation": "http://docs.aws.amazon.com/AWSCloudFormation/latest/UserGuide/aws-properties-ec2-launchtemplate-blockdevicemapping-ebs.html#cfn-ec2-launchtemplate-blockdevicemapping-ebs-kmskeyid",
          "PrimitiveType": "String",
          "UpdateType": "Mutable"
        },
        "Encrypted": {
          "Required": false,
          "Documentation": "http://docs.aws.amazon.com/AWSCloudFormation/latest/UserGuide/aws-properties-ec2-launchtemplate-blockdevicemapping-ebs.html#cfn-ec2-launchtemplate-blockdevicemapping-ebs-encrypted",
          "PrimitiveType": "Boolean",
          "UpdateType": "Mutable"
        },
        "Iops": {
          "Required": false,
          "Documentation": "http://docs.aws.amazon.com/AWSCloudFormation/latest/UserGuide/aws-properties-ec2-launchtemplate-blockdevicemapping-ebs.html#cfn-ec2-launchtemplate-blockdevicemapping-ebs-iops",
          "PrimitiveType": "Integer",
          "UpdateType": "Mutable"
        },
        "VolumeSize": {
          "Required": false,
          "Documentation": "http://docs.aws.amazon.com/AWSCloudFormation/latest/UserGuide/aws-properties-ec2-launchtemplate-blockdevicemapping-ebs.html#cfn-ec2-launchtemplate-blockdevicemapping-ebs-volumesize",
          "PrimitiveType": "Integer",
          "UpdateType": "Mutable"
        },
        "DeleteOnTermination": {
          "Required": false,
          "Documentation": "http://docs.aws.amazon.com/AWSCloudFormation/latest/UserGuide/aws-properties-ec2-launchtemplate-blockdevicemapping-ebs.html#cfn-ec2-launchtemplate-blockdevicemapping-ebs-deleteontermination",
          "PrimitiveType": "Boolean",
          "UpdateType": "Mutable"
        }
      }
    },
    "AWS::EC2::LaunchTemplate.IamInstanceProfile": {
      "Documentation": "http://docs.aws.amazon.com/AWSCloudFormation/latest/UserGuide/aws-properties-ec2-launchtemplate-launchtemplatedata-iaminstanceprofile.html",
      "Properties": {
        "Arn": {
          "Required": false,
          "Documentation": "http://docs.aws.amazon.com/AWSCloudFormation/latest/UserGuide/aws-properties-ec2-launchtemplate-launchtemplatedata-iaminstanceprofile.html#cfn-ec2-launchtemplate-launchtemplatedata-iaminstanceprofile-arn",
          "PrimitiveType": "String",
          "UpdateType": "Mutable"
        },
        "Name": {
          "Required": false,
          "Documentation": "http://docs.aws.amazon.com/AWSCloudFormation/latest/UserGuide/aws-properties-ec2-launchtemplate-launchtemplatedata-iaminstanceprofile.html#cfn-ec2-launchtemplate-launchtemplatedata-iaminstanceprofile-name",
          "PrimitiveType": "String",
          "UpdateType": "Mutable"
        }
      }
    },
    "AWS::EC2::LaunchTemplate.CapacityReservationPreference": {
      "PrimitiveType": "String"
    },
    "AWS::EC2::LaunchTemplate.PrivateIpAdd": {
      "Documentation": "http://docs.aws.amazon.com/AWSCloudFormation/latest/UserGuide/aws-properties-ec2-launchtemplate-privateipadd.html",
      "Properties": {
        "PrivateIpAddress": {
          "Required": false,
          "Documentation": "http://docs.aws.amazon.com/AWSCloudFormation/latest/UserGuide/aws-properties-ec2-launchtemplate-privateipadd.html#cfn-ec2-launchtemplate-privateipadd-privateipaddress",
          "PrimitiveType": "String",
          "UpdateType": "Mutable"
        },
        "Primary": {
          "Required": false,
          "Documentation": "http://docs.aws.amazon.com/AWSCloudFormation/latest/UserGuide/aws-properties-ec2-launchtemplate-privateipadd.html#cfn-ec2-launchtemplate-privateipadd-primary",
          "PrimitiveType": "Boolean",
          "UpdateType": "Mutable"
        }
      }
    },
    "AWS::EC2::LaunchTemplate.HibernationOptions": {
      "Documentation": "http://docs.aws.amazon.com/AWSCloudFormation/latest/UserGuide/aws-properties-ec2-launchtemplate-launchtemplatedata-hibernationoptions.html",
      "Properties": {
        "Configured": {
          "Required": false,
          "Documentation": "http://docs.aws.amazon.com/AWSCloudFormation/latest/UserGuide/aws-properties-ec2-launchtemplate-launchtemplatedata-hibernationoptions.html#cfn-ec2-launchtemplate-launchtemplatedata-hibernationoptions-configured",
          "PrimitiveType": "Boolean",
          "UpdateType": "Mutable"
        }
      }
    },
    "AWS::EC2::LaunchTemplate.LaunchTemplateData": {
      "Documentation": "http://docs.aws.amazon.com/AWSCloudFormation/latest/UserGuide/aws-properties-ec2-launchtemplate-launchtemplatedata.html",
      "Properties": {
        "SecurityGroups": {
          "PrimitiveItemType": "String",
          "Type": "List",
          "Required": false,
          "Documentation": "http://docs.aws.amazon.com/AWSCloudFormation/latest/UserGuide/aws-properties-ec2-launchtemplate-launchtemplatedata.html#cfn-ec2-launchtemplate-launchtemplatedata-securitygroups",
          "UpdateType": "Mutable"
        },
        "TagSpecifications": {
          "Type": "List",
          "Required": false,
          "Documentation": "http://docs.aws.amazon.com/AWSCloudFormation/latest/UserGuide/aws-properties-ec2-launchtemplate-launchtemplatedata.html#cfn-ec2-launchtemplate-launchtemplatedata-tagspecifications",
          "ItemType": "TagSpecification",
          "UpdateType": "Mutable"
        },
        "UserData": {
          "Required": false,
          "Documentation": "http://docs.aws.amazon.com/AWSCloudFormation/latest/UserGuide/aws-properties-ec2-launchtemplate-launchtemplatedata.html#cfn-ec2-launchtemplate-launchtemplatedata-userdata",
          "PrimitiveType": "String",
          "UpdateType": "Mutable"
        },
        "BlockDeviceMappings": {
          "Type": "List",
          "Required": false,
          "Documentation": "http://docs.aws.amazon.com/AWSCloudFormation/latest/UserGuide/aws-properties-ec2-launchtemplate-launchtemplatedata.html#cfn-ec2-launchtemplate-launchtemplatedata-blockdevicemappings",
          "ItemType": "BlockDeviceMapping",
          "UpdateType": "Mutable"
        },
        "IamInstanceProfile": {
          "Type": "IamInstanceProfile",
          "Required": false,
          "Documentation": "http://docs.aws.amazon.com/AWSCloudFormation/latest/UserGuide/aws-properties-ec2-launchtemplate-launchtemplatedata.html#cfn-ec2-launchtemplate-launchtemplatedata-iaminstanceprofile",
          "UpdateType": "Mutable"
        },
        "KernelId": {
          "Required": false,
          "Documentation": "http://docs.aws.amazon.com/AWSCloudFormation/latest/UserGuide/aws-properties-ec2-launchtemplate-launchtemplatedata.html#cfn-ec2-launchtemplate-launchtemplatedata-kernelid",
          "PrimitiveType": "String",
          "UpdateType": "Mutable"
        },
        "EbsOptimized": {
          "Required": false,
          "Documentation": "http://docs.aws.amazon.com/AWSCloudFormation/latest/UserGuide/aws-properties-ec2-launchtemplate-launchtemplatedata.html#cfn-ec2-launchtemplate-launchtemplatedata-ebsoptimized",
          "PrimitiveType": "Boolean",
          "UpdateType": "Mutable"
        },
        "ElasticGpuSpecifications": {
          "Type": "List",
          "Required": false,
          "Documentation": "http://docs.aws.amazon.com/AWSCloudFormation/latest/UserGuide/aws-properties-ec2-launchtemplate-launchtemplatedata.html#cfn-ec2-launchtemplate-launchtemplatedata-elasticgpuspecifications",
          "ItemType": "ElasticGpuSpecification",
          "UpdateType": "Mutable"
        },
        "ElasticInferenceAccelerators": {
          "Type": "List",
          "Required": false,
          "Documentation": "http://docs.aws.amazon.com/AWSCloudFormation/latest/UserGuide/aws-properties-ec2-launchtemplate-launchtemplatedata.html#cfn-ec2-launchtemplate-launchtemplatedata-elasticinferenceaccelerators",
          "ItemType": "LaunchTemplateElasticInferenceAccelerator",
          "UpdateType": "Mutable"
        },
        "Placement": {
          "Type": "Placement",
          "Required": false,
          "Documentation": "http://docs.aws.amazon.com/AWSCloudFormation/latest/UserGuide/aws-properties-ec2-launchtemplate-launchtemplatedata.html#cfn-ec2-launchtemplate-launchtemplatedata-placement",
          "UpdateType": "Mutable"
        },
        "NetworkInterfaces": {
          "Type": "List",
          "Required": false,
          "Documentation": "http://docs.aws.amazon.com/AWSCloudFormation/latest/UserGuide/aws-properties-ec2-launchtemplate-launchtemplatedata.html#cfn-ec2-launchtemplate-launchtemplatedata-networkinterfaces",
          "ItemType": "NetworkInterface",
          "UpdateType": "Mutable"
        },
        "ImageId": {
          "Required": false,
          "Documentation": "http://docs.aws.amazon.com/AWSCloudFormation/latest/UserGuide/aws-properties-ec2-launchtemplate-launchtemplatedata.html#cfn-ec2-launchtemplate-launchtemplatedata-imageid",
          "PrimitiveType": "String",
          "UpdateType": "Mutable"
        },
        "InstanceType": {
          "Required": false,
          "Documentation": "http://docs.aws.amazon.com/AWSCloudFormation/latest/UserGuide/aws-properties-ec2-launchtemplate-launchtemplatedata.html#cfn-ec2-launchtemplate-launchtemplatedata-instancetype",
          "PrimitiveType": "String",
          "UpdateType": "Mutable"
        },
        "Monitoring": {
          "Type": "Monitoring",
          "Required": false,
          "Documentation": "http://docs.aws.amazon.com/AWSCloudFormation/latest/UserGuide/aws-properties-ec2-launchtemplate-launchtemplatedata.html#cfn-ec2-launchtemplate-launchtemplatedata-monitoring",
          "UpdateType": "Mutable"
        },
        "HibernationOptions": {
          "Type": "HibernationOptions",
          "Required": false,
          "Documentation": "http://docs.aws.amazon.com/AWSCloudFormation/latest/UserGuide/aws-properties-ec2-launchtemplate-launchtemplatedata.html#cfn-ec2-launchtemplate-launchtemplatedata-hibernationoptions",
          "UpdateType": "Mutable"
        },
        "LicenseSpecifications": {
          "Type": "List",
          "Required": false,
          "Documentation": "http://docs.aws.amazon.com/AWSCloudFormation/latest/UserGuide/aws-properties-ec2-launchtemplate-launchtemplatedata.html#cfn-ec2-launchtemplate-launchtemplatedata-licensespecifications",
          "ItemType": "LicenseSpecification",
          "UpdateType": "Mutable"
        },
        "InstanceInitiatedShutdownBehavior": {
          "Required": false,
          "Documentation": "http://docs.aws.amazon.com/AWSCloudFormation/latest/UserGuide/aws-properties-ec2-launchtemplate-launchtemplatedata.html#cfn-ec2-launchtemplate-launchtemplatedata-instanceinitiatedshutdownbehavior",
          "PrimitiveType": "String",
          "UpdateType": "Mutable"
        },
        "CpuOptions": {
          "Type": "CpuOptions",
          "Required": false,
          "Documentation": "http://docs.aws.amazon.com/AWSCloudFormation/latest/UserGuide/aws-properties-ec2-launchtemplate-launchtemplatedata.html#cfn-ec2-launchtemplate-launchtemplatedata-cpuoptions",
          "UpdateType": "Mutable"
        },
        "SecurityGroupIds": {
          "PrimitiveItemType": "String",
          "Type": "List",
          "Required": false,
          "Documentation": "http://docs.aws.amazon.com/AWSCloudFormation/latest/UserGuide/aws-properties-ec2-launchtemplate-launchtemplatedata.html#cfn-ec2-launchtemplate-launchtemplatedata-securitygroupids",
          "UpdateType": "Mutable"
        },
        "KeyName": {
          "Required": false,
          "Documentation": "http://docs.aws.amazon.com/AWSCloudFormation/latest/UserGuide/aws-properties-ec2-launchtemplate-launchtemplatedata.html#cfn-ec2-launchtemplate-launchtemplatedata-keyname",
          "PrimitiveType": "String",
          "UpdateType": "Mutable"
        },
        "DisableApiTermination": {
          "Required": false,
          "Documentation": "http://docs.aws.amazon.com/AWSCloudFormation/latest/UserGuide/aws-properties-ec2-launchtemplate-launchtemplatedata.html#cfn-ec2-launchtemplate-launchtemplatedata-disableapitermination",
          "PrimitiveType": "Boolean",
          "UpdateType": "Mutable"
        },
        "InstanceMarketOptions": {
          "Type": "InstanceMarketOptions",
          "Required": false,
          "Documentation": "http://docs.aws.amazon.com/AWSCloudFormation/latest/UserGuide/aws-properties-ec2-launchtemplate-launchtemplatedata.html#cfn-ec2-launchtemplate-launchtemplatedata-instancemarketoptions",
          "UpdateType": "Mutable"
        },
        "RamDiskId": {
          "Required": false,
          "Documentation": "http://docs.aws.amazon.com/AWSCloudFormation/latest/UserGuide/aws-properties-ec2-launchtemplate-launchtemplatedata.html#cfn-ec2-launchtemplate-launchtemplatedata-ramdiskid",
          "PrimitiveType": "String",
          "UpdateType": "Mutable"
        },
        "CapacityReservationSpecification": {
          "Type": "CapacityReservationSpecification",
          "Required": false,
          "Documentation": "http://docs.aws.amazon.com/AWSCloudFormation/latest/UserGuide/aws-properties-ec2-launchtemplate-launchtemplatedata.html#cfn-ec2-launchtemplate-launchtemplatedata-capacityreservationspecification",
          "UpdateType": "Mutable"
        },
        "CreditSpecification": {
          "Type": "CreditSpecification",
          "Required": false,
          "Documentation": "http://docs.aws.amazon.com/AWSCloudFormation/latest/UserGuide/aws-properties-ec2-launchtemplate-launchtemplatedata.html#cfn-ec2-launchtemplate-launchtemplatedata-creditspecification",
          "UpdateType": "Mutable"
        }
      }
    },
    "AWS::EC2::LaunchTemplate.CapacityReservationSpecification": {
      "Documentation": "http://docs.aws.amazon.com/AWSCloudFormation/latest/UserGuide/aws-properties-ec2-launchtemplate-launchtemplatedata-capacityreservationspecification.html",
      "Properties": {
        "CapacityReservationPreference": {
          "Type": "CapacityReservationPreference",
          "Required": false,
          "Documentation": "http://docs.aws.amazon.com/AWSCloudFormation/latest/UserGuide/aws-properties-ec2-launchtemplate-launchtemplatedata-capacityreservationspecification.html#cfn-ec2-launchtemplate-launchtemplatedata-capacityreservationspecification-capacityreservationpreference",
          "UpdateType": "Mutable"
        },
        "CapacityReservationTarget": {
          "Type": "CapacityReservationTarget",
          "Required": false,
          "Documentation": "http://docs.aws.amazon.com/AWSCloudFormation/latest/UserGuide/aws-properties-ec2-launchtemplate-launchtemplatedata-capacityreservationspecification.html#cfn-ec2-launchtemplate-launchtemplatedata-capacityreservationspecification-capacityreservationtarget",
          "UpdateType": "Mutable"
        }
      }
    },
    "AWS::EC2::LaunchTemplate.LicenseSpecification": {
      "Documentation": "http://docs.aws.amazon.com/AWSCloudFormation/latest/UserGuide/aws-properties-ec2-launchtemplate-licensespecification.html",
      "Properties": {
        "LicenseConfigurationArn": {
          "Required": false,
          "Documentation": "http://docs.aws.amazon.com/AWSCloudFormation/latest/UserGuide/aws-properties-ec2-launchtemplate-licensespecification.html#cfn-ec2-launchtemplate-licensespecification-licenseconfigurationarn",
          "PrimitiveType": "String",
          "UpdateType": "Mutable"
        }
      }
    },
    "AWS::EC2::LaunchTemplate.CapacityReservationTarget": {
      "Documentation": "http://docs.aws.amazon.com/AWSCloudFormation/latest/UserGuide/aws-properties-ec2-launchtemplate-capacityreservationtarget.html",
      "Properties": {
        "CapacityReservationId": {
          "Required": false,
          "Documentation": "http://docs.aws.amazon.com/AWSCloudFormation/latest/UserGuide/aws-properties-ec2-launchtemplate-capacityreservationtarget.html#cfn-ec2-launchtemplate-capacityreservationtarget-capacityreservationid",
          "PrimitiveType": "String",
          "UpdateType": "Mutable"
        }
      }
    },
    "AWS::EC2::LaunchTemplate.ElasticGpuSpecification": {
      "Documentation": "http://docs.aws.amazon.com/AWSCloudFormation/latest/UserGuide/aws-properties-ec2-launchtemplate-elasticgpuspecification.html",
      "Properties": {
        "Type": {
          "Required": false,
          "Documentation": "http://docs.aws.amazon.com/AWSCloudFormation/latest/UserGuide/aws-properties-ec2-launchtemplate-elasticgpuspecification.html#cfn-ec2-launchtemplate-elasticgpuspecification-type",
          "PrimitiveType": "String",
          "UpdateType": "Mutable"
        }
      }
    },
    "AWS::EC2::LaunchTemplate.Monitoring": {
      "Documentation": "http://docs.aws.amazon.com/AWSCloudFormation/latest/UserGuide/aws-properties-ec2-launchtemplate-launchtemplatedata-monitoring.html",
      "Properties": {
        "Enabled": {
          "Required": false,
          "Documentation": "http://docs.aws.amazon.com/AWSCloudFormation/latest/UserGuide/aws-properties-ec2-launchtemplate-launchtemplatedata-monitoring.html#cfn-ec2-launchtemplate-launchtemplatedata-monitoring-enabled",
          "PrimitiveType": "Boolean",
          "UpdateType": "Mutable"
        }
      }
    },
    "AWS::EC2::LaunchTemplate.LaunchTemplateElasticInferenceAccelerator": {
      "Documentation": "http://docs.aws.amazon.com/AWSCloudFormation/latest/UserGuide/aws-properties-ec2-launchtemplate-launchtemplateelasticinferenceaccelerator.html",
      "Properties": {
        "Type": {
          "Required": false,
          "Documentation": "http://docs.aws.amazon.com/AWSCloudFormation/latest/UserGuide/aws-properties-ec2-launchtemplate-launchtemplateelasticinferenceaccelerator.html#cfn-ec2-launchtemplate-launchtemplateelasticinferenceaccelerator-type",
          "PrimitiveType": "String",
          "UpdateType": "Mutable"
        }
      }
    },
    "AWS::EC2::LaunchTemplate.InstanceMarketOptions": {
      "Documentation": "http://docs.aws.amazon.com/AWSCloudFormation/latest/UserGuide/aws-properties-ec2-launchtemplate-launchtemplatedata-instancemarketoptions.html",
      "Properties": {
        "SpotOptions": {
          "Type": "SpotOptions",
          "Required": false,
          "Documentation": "http://docs.aws.amazon.com/AWSCloudFormation/latest/UserGuide/aws-properties-ec2-launchtemplate-launchtemplatedata-instancemarketoptions.html#cfn-ec2-launchtemplate-launchtemplatedata-instancemarketoptions-spotoptions",
          "UpdateType": "Mutable"
        },
        "MarketType": {
          "Required": false,
          "Documentation": "http://docs.aws.amazon.com/AWSCloudFormation/latest/UserGuide/aws-properties-ec2-launchtemplate-launchtemplatedata-instancemarketoptions.html#cfn-ec2-launchtemplate-launchtemplatedata-instancemarketoptions-markettype",
          "PrimitiveType": "String",
          "UpdateType": "Mutable"
        }
      }
    },
    "AWS::EC2::LaunchTemplate.TagSpecification": {
      "Documentation": "http://docs.aws.amazon.com/AWSCloudFormation/latest/UserGuide/aws-properties-ec2-launchtemplate-tagspecification.html",
      "Properties": {
        "ResourceType": {
          "Required": false,
          "Documentation": "http://docs.aws.amazon.com/AWSCloudFormation/latest/UserGuide/aws-properties-ec2-launchtemplate-tagspecification.html#cfn-ec2-launchtemplate-tagspecification-resourcetype",
          "PrimitiveType": "String",
          "UpdateType": "Mutable"
        },
        "Tags": {
          "Type": "List",
          "Required": false,
          "Documentation": "http://docs.aws.amazon.com/AWSCloudFormation/latest/UserGuide/aws-properties-ec2-launchtemplate-tagspecification.html#cfn-ec2-launchtemplate-tagspecification-tags",
          "ItemType": "Tag",
          "UpdateType": "Mutable"
        }
      }
    },
    "Tag": {
      "Documentation": "http://docs.aws.amazon.com/AWSCloudFormation/latest/UserGuide/aws-properties-ec2-launchtemplate-tag.html",
      "Properties": {
        "Value": {
          "Required": false,
          "Documentation": "http://docs.aws.amazon.com/AWSCloudFormation/latest/UserGuide/aws-properties-ec2-launchtemplate-tag.html#cfn-ec2-launchtemplate-tag-value",
          "PrimitiveType": "String",
          "UpdateType": "Mutable"
        },
        "Key": {
          "Required": false,
          "Documentation": "http://docs.aws.amazon.com/AWSCloudFormation/latest/UserGuide/aws-properties-ec2-launchtemplate-tag.html#cfn-ec2-launchtemplate-tag-key",
          "PrimitiveType": "String",
          "UpdateType": "Mutable"
        }
      }
    },
    "AWS::EC2::LaunchTemplate.CpuOptions": {
      "Documentation": "http://docs.aws.amazon.com/AWSCloudFormation/latest/UserGuide/aws-properties-ec2-launchtemplate-launchtemplatedata-cpuoptions.html",
      "Properties": {
        "ThreadsPerCore": {
          "Required": false,
          "Documentation": "http://docs.aws.amazon.com/AWSCloudFormation/latest/UserGuide/aws-properties-ec2-launchtemplate-launchtemplatedata-cpuoptions.html#cfn-ec2-launchtemplate-launchtemplatedata-cpuoptions-threadspercore",
          "PrimitiveType": "Integer",
          "UpdateType": "Mutable"
        },
        "CoreCount": {
          "Required": false,
          "Documentation": "http://docs.aws.amazon.com/AWSCloudFormation/latest/UserGuide/aws-properties-ec2-launchtemplate-launchtemplatedata-cpuoptions.html#cfn-ec2-launchtemplate-launchtemplatedata-cpuoptions-corecount",
          "PrimitiveType": "Integer",
          "UpdateType": "Mutable"
        }
      }
    },
    "AWS::EC2::LaunchTemplate.BlockDeviceMapping": {
      "Documentation": "http://docs.aws.amazon.com/AWSCloudFormation/latest/UserGuide/aws-properties-ec2-launchtemplate-blockdevicemapping.html",
      "Properties": {
        "Ebs": {
          "Type": "Ebs",
          "Required": false,
          "Documentation": "http://docs.aws.amazon.com/AWSCloudFormation/latest/UserGuide/aws-properties-ec2-launchtemplate-blockdevicemapping.html#cfn-ec2-launchtemplate-blockdevicemapping-ebs",
          "UpdateType": "Mutable"
        },
        "NoDevice": {
          "Required": false,
          "Documentation": "http://docs.aws.amazon.com/AWSCloudFormation/latest/UserGuide/aws-properties-ec2-launchtemplate-blockdevicemapping.html#cfn-ec2-launchtemplate-blockdevicemapping-nodevice",
          "PrimitiveType": "String",
          "UpdateType": "Mutable"
        },
        "VirtualName": {
          "Required": false,
          "Documentation": "http://docs.aws.amazon.com/AWSCloudFormation/latest/UserGuide/aws-properties-ec2-launchtemplate-blockdevicemapping.html#cfn-ec2-launchtemplate-blockdevicemapping-virtualname",
          "PrimitiveType": "String",
          "UpdateType": "Mutable"
        },
        "DeviceName": {
          "Required": false,
          "Documentation": "http://docs.aws.amazon.com/AWSCloudFormation/latest/UserGuide/aws-properties-ec2-launchtemplate-blockdevicemapping.html#cfn-ec2-launchtemplate-blockdevicemapping-devicename",
          "PrimitiveType": "String",
          "UpdateType": "Mutable"
        }
      }
    },
    "AWS::EC2::LaunchTemplate.NetworkInterface": {
      "Documentation": "http://docs.aws.amazon.com/AWSCloudFormation/latest/UserGuide/aws-properties-ec2-launchtemplate-networkinterface.html",
      "Properties": {
        "Description": {
          "Required": false,
          "Documentation": "http://docs.aws.amazon.com/AWSCloudFormation/latest/UserGuide/aws-properties-ec2-launchtemplate-networkinterface.html#cfn-ec2-launchtemplate-networkinterface-description",
          "PrimitiveType": "String",
          "UpdateType": "Mutable"
        },
        "PrivateIpAddress": {
          "Required": false,
          "Documentation": "http://docs.aws.amazon.com/AWSCloudFormation/latest/UserGuide/aws-properties-ec2-launchtemplate-networkinterface.html#cfn-ec2-launchtemplate-networkinterface-privateipaddress",
          "PrimitiveType": "String",
          "UpdateType": "Mutable"
        },
        "PrivateIpAddresses": {
          "Type": "List",
          "Required": false,
          "Documentation": "http://docs.aws.amazon.com/AWSCloudFormation/latest/UserGuide/aws-properties-ec2-launchtemplate-networkinterface.html#cfn-ec2-launchtemplate-networkinterface-privateipaddresses",
          "ItemType": "PrivateIpAdd",
          "UpdateType": "Mutable"
        },
        "SecondaryPrivateIpAddressCount": {
          "Required": false,
          "Documentation": "http://docs.aws.amazon.com/AWSCloudFormation/latest/UserGuide/aws-properties-ec2-launchtemplate-networkinterface.html#cfn-ec2-launchtemplate-networkinterface-secondaryprivateipaddresscount",
          "PrimitiveType": "Integer",
          "UpdateType": "Mutable"
        },
        "Ipv6AddressCount": {
          "Required": false,
          "Documentation": "http://docs.aws.amazon.com/AWSCloudFormation/latest/UserGuide/aws-properties-ec2-launchtemplate-networkinterface.html#cfn-ec2-launchtemplate-networkinterface-ipv6addresscount",
          "PrimitiveType": "Integer",
          "UpdateType": "Mutable"
        },
        "Groups": {
          "PrimitiveItemType": "String",
          "Type": "List",
          "Required": false,
          "Documentation": "http://docs.aws.amazon.com/AWSCloudFormation/latest/UserGuide/aws-properties-ec2-launchtemplate-networkinterface.html#cfn-ec2-launchtemplate-networkinterface-groups",
          "UpdateType": "Mutable"
        },
        "DeviceIndex": {
          "Required": false,
          "Documentation": "http://docs.aws.amazon.com/AWSCloudFormation/latest/UserGuide/aws-properties-ec2-launchtemplate-networkinterface.html#cfn-ec2-launchtemplate-networkinterface-deviceindex",
          "PrimitiveType": "Integer",
          "UpdateType": "Mutable"
        },
        "SubnetId": {
          "Required": false,
          "Documentation": "http://docs.aws.amazon.com/AWSCloudFormation/latest/UserGuide/aws-properties-ec2-launchtemplate-networkinterface.html#cfn-ec2-launchtemplate-networkinterface-subnetid",
          "PrimitiveType": "String",
          "UpdateType": "Mutable"
        },
        "Ipv6Addresses": {
          "Type": "List",
          "Required": false,
          "Documentation": "http://docs.aws.amazon.com/AWSCloudFormation/latest/UserGuide/aws-properties-ec2-launchtemplate-networkinterface.html#cfn-ec2-launchtemplate-networkinterface-ipv6addresses",
          "ItemType": "Ipv6Add",
          "UpdateType": "Mutable"
        },
        "AssociatePublicIpAddress": {
          "Required": false,
          "Documentation": "http://docs.aws.amazon.com/AWSCloudFormation/latest/UserGuide/aws-properties-ec2-launchtemplate-networkinterface.html#cfn-ec2-launchtemplate-networkinterface-associatepublicipaddress",
          "PrimitiveType": "Boolean",
          "UpdateType": "Mutable"
        },
        "NetworkInterfaceId": {
          "Required": false,
          "Documentation": "http://docs.aws.amazon.com/AWSCloudFormation/latest/UserGuide/aws-properties-ec2-launchtemplate-networkinterface.html#cfn-ec2-launchtemplate-networkinterface-networkinterfaceid",
          "PrimitiveType": "String",
          "UpdateType": "Mutable"
        },
        "DeleteOnTermination": {
          "Required": false,
          "Documentation": "http://docs.aws.amazon.com/AWSCloudFormation/latest/UserGuide/aws-properties-ec2-launchtemplate-networkinterface.html#cfn-ec2-launchtemplate-networkinterface-deleteontermination",
          "PrimitiveType": "Boolean",
          "UpdateType": "Mutable"
        }
      }
    },
    "AWS::EC2::LaunchTemplate.SpotOptions": {
      "Documentation": "http://docs.aws.amazon.com/AWSCloudFormation/latest/UserGuide/aws-properties-ec2-launchtemplate-launchtemplatedata-instancemarketoptions-spotoptions.html",
      "Properties": {
        "SpotInstanceType": {
          "Required": false,
          "Documentation": "http://docs.aws.amazon.com/AWSCloudFormation/latest/UserGuide/aws-properties-ec2-launchtemplate-launchtemplatedata-instancemarketoptions-spotoptions.html#cfn-ec2-launchtemplate-launchtemplatedata-instancemarketoptions-spotoptions-spotinstancetype",
          "PrimitiveType": "String",
          "UpdateType": "Mutable"
        },
        "InstanceInterruptionBehavior": {
          "Required": false,
          "Documentation": "http://docs.aws.amazon.com/AWSCloudFormation/latest/UserGuide/aws-properties-ec2-launchtemplate-launchtemplatedata-instancemarketoptions-spotoptions.html#cfn-ec2-launchtemplate-launchtemplatedata-instancemarketoptions-spotoptions-instanceinterruptionbehavior",
          "PrimitiveType": "String",
          "UpdateType": "Mutable"
        },
        "MaxPrice": {
          "Required": false,
          "Documentation": "http://docs.aws.amazon.com/AWSCloudFormation/latest/UserGuide/aws-properties-ec2-launchtemplate-launchtemplatedata-instancemarketoptions-spotoptions.html#cfn-ec2-launchtemplate-launchtemplatedata-instancemarketoptions-spotoptions-maxprice",
          "PrimitiveType": "String",
          "UpdateType": "Mutable"
        }
      }
    }
  },
  "ResourceType": {
    "AWS::EC2::LaunchTemplate": {
      "Documentation": "http://docs.aws.amazon.com/AWSCloudFormation/latest/UserGuide/aws-resource-ec2-launchtemplate.html",
      "Attributes": {
        "LatestVersionNumber": {
          "PrimitiveType": "String"
        },
        "DefaultVersionNumber": {
          "PrimitiveType": "String"
        }
      },
      "Properties": {
        "LaunchTemplateName": {
          "Required": false,
          "Documentation": "http://docs.aws.amazon.com/AWSCloudFormation/latest/UserGuide/aws-resource-ec2-launchtemplate.html#cfn-ec2-launchtemplate-launchtemplatename",
          "PrimitiveType": "String",
          "UpdateType": "Immutable"
        },
        "LaunchTemplateData": {
          "Type": "LaunchTemplateData",
          "Required": false,
          "Documentation": "http://docs.aws.amazon.com/AWSCloudFormation/latest/UserGuide/aws-resource-ec2-launchtemplate.html#cfn-ec2-launchtemplate-launchtemplatedata",
          "UpdateType": "Mutable"
        }
      }
    }
  },
  "ResourceSpecificationVersion": "3.0.0"
}