{
  "ResourceType": {
    "AWS::EC2::NetworkInterfaceAttachment": {
      "Documentation": "http://docs.aws.amazon.com/AWSCloudFormation/latest/UserGuide/aws-resource-ec2-network-interface-attachment.html",
      "Properties": {
        "DeleteOnTermination": {
          "Documentation": "http://docs.aws.amazon.com/AWSCloudFormation/latest/UserGuide/aws-resource-ec2-network-interface-attachment.html#cfn-ec2-network-interface-attachment-deleteonterm",
          "PrimitiveType": "Boolean",
          "Required": false,
          "UpdateType": "Mutable"
        },
        "DeviceIndex": {
          "Documentation": "http://docs.aws.amazon.com/AWSCloudFormation/latest/UserGuide/aws-resource-ec2-network-interface-attachment.html#cfn-ec2-network-interface-attachment-deviceindex",
          "PrimitiveType": "String",
          "Required": true,
          "UpdateType": "Mutable"
        },
        "InstanceId": {
          "Documentation": "http://docs.aws.amazon.com/AWSCloudFormation/latest/UserGuide/aws-resource-ec2-network-interface-attachment.html#cfn-ec2-network-interface-attachment-instanceid",
          "PrimitiveType": "String",
          "Required": true,
          "UpdateType": "Mutable"
        },
        "NetworkInterfaceId": {
          "Documentation": "http://docs.aws.amazon.com/AWSCloudFormation/latest/UserGuide/aws-resource-ec2-network-interface-attachment.html#cfn-ec2-network-interface-attachment-networkinterfaceid",
          "PrimitiveType": "String",
          "Required": true,
          "UpdateType": "Mutable"
        }
      }
    }
  },
  "ResourceSpecificationVersion": "3.0.0"
}