{
  "PropertyTypes": {
    "AWS::EC2::NetworkInterface.InstanceIpv6Address": {
      "Documentation": "http://docs.aws.amazon.com/AWSCloudFormation/latest/UserGuide/aws-properties-ec2-networkinterface-instanceipv6address.html",
      "Properties": {
        "Ipv6Address": {
          "Documentation": "http://docs.aws.amazon.com/AWSCloudFormation/latest/UserGuide/aws-properties-ec2-networkinterface-instanceipv6address.html#cfn-ec2-networkinterface-instanceipv6address-ipv6address",
          "PrimitiveType": "String",
          "Required": true,
          "UpdateType": "Mutable"
        }
      }
    },
    "AWS::EC2::NetworkInterface.PrivateIpAddressSpecification": {
      "Documentation": "http://docs.aws.amazon.com/AWSCloudFormation/latest/UserGuide/aws-properties-ec2-network-interface-privateipspec.html",
      "Properties": {
        "Primary": {
          "Documentation": "http://docs.aws.amazon.com/AWSCloudFormation/latest/UserGuide/aws-properties-ec2-network-interface-privateipspec.html#cfn-ec2-networkinterface-privateipspecification-primary",
          "PrimitiveType": "Boolean",
          "Required": true,
          "UpdateType": "Mutable"
        },
        "PrivateIpAddress": {
          "Documentation": "http://docs.aws.amazon.com/AWSCloudFormation/latest/UserGuide/aws-properties-ec2-network-interface-privateipspec.html#cfn-ec2-networkinterface-privateipspecification-privateipaddress",
          "PrimitiveType": "String",
          "Required": true,
          "UpdateType": "Mutable"
        }
      }
    },
    "Tag": {
      "Documentation": "http://docs.aws.amazon.com/AWSCloudFormation/latest/UserGuide/aws-properties-resource-tags.html",
      "Properties": {
        "Key": {
          "Documentation": "http://docs.aws.amazon.com/AWSCloudFormation/latest/UserGuide/aws-properties-resource-tags.html#cfn-resource-tags-key",
          "PrimitiveType": "String",
          "Required": true,
          "UpdateType": "Mutable"
        },
        "Value": {
          "Documentation": "http://docs.aws.amazon.com/AWSCloudFormation/latest/UserGuide/aws-properties-resource-tags.html#cfn-resource-tags-value",
          "PrimitiveType": "String",
          "Required": true,
          "UpdateType": "Mutable"
        }
      }
    }
  },
  "ResourceType": {
    "AWS::EC2::NetworkInterface": {
      "Attributes": {
        "PrimaryPrivateIpAddress": {
          "PrimitiveType": "String"
        },
        "SecondaryPrivateIpAddresses": {
          "PrimitiveItemType": "String",
          "Type": "List"
        }
      },
      "Documentation": "http://docs.aws.amazon.com/AWSCloudFormation/latest/UserGuide/aws-resource-ec2-network-interface.html",
      "Properties": {
        "Description": {
          "Documentation": "http://docs.aws.amazon.com/AWSCloudFormation/latest/UserGuide/aws-resource-ec2-network-interface.html#cfn-awsec2networkinterface-description",
          "PrimitiveType": "String",
          "Required": false,
          "UpdateType": "Mutable"
        },
        "GroupSet": {
          "Documentation": "http://docs.aws.amazon.com/AWSCloudFormation/latest/UserGuide/aws-resource-ec2-network-interface.html#cfn-awsec2networkinterface-groupset",
          "DuplicatesAllowed": false,
          "PrimitiveItemType": "String",
          "Required": false,
          "Type": "List",
          "UpdateType": "Mutable"
        },
        "InterfaceType": {
          "Documentation": "http://docs.aws.amazon.com/AWSCloudFormation/latest/UserGuide/aws-resource-ec2-network-interface.html#cfn-ec2-networkinterface-interfacetype",
          "PrimitiveType": "String",
          "Required": false,
          "UpdateType": "Immutable"
        },
        "Ipv6AddressCount": {
          "Documentation": "http://docs.aws.amazon.com/AWSCloudFormation/latest/UserGuide/aws-resource-ec2-network-interface.html#cfn-ec2-networkinterface-ipv6addresscount",
          "PrimitiveType": "Integer",
          "Required": false,
          "UpdateType": "Mutable"
        },
        "Ipv6Addresses": {
          "Documentation": "http://docs.aws.amazon.com/AWSCloudFormation/latest/UserGuide/aws-resource-ec2-network-interface.html#cfn-ec2-networkinterface-ipv6addresses",
          "Required": false,
          "Type": "InstanceIpv6Address",
          "UpdateType": "Mutable"
        },
        "PrivateIpAddress": {
          "Documentation": "http://docs.aws.amazon.com/AWSCloudFormation/latest/UserGuide/aws-resource-ec2-network-interface.html#cfn-awsec2networkinterface-privateipaddress",
          "PrimitiveType": "String",
          "Required": false,
          "UpdateType": "Immutable"
        },
        "PrivateIpAddresses": {
          "Documentation": "http://docs.aws.amazon.com/AWSCloudFormation/latest/UserGuide/aws-resource-ec2-network-interface.html#cfn-awsec2networkinterface-privateipaddresses",
          "DuplicatesAllowed": false,
          "ItemType": "PrivateIpAddressSpecification",
          "Required": false,
          "Type": "List",
          "UpdateType": "Conditional"
        },
        "SecondaryPrivateIpAddressCount": {
          "Documentation": "http://docs.aws.amazon.com/AWSCloudFormation/latest/UserGuide/aws-resource-ec2-network-interface.html#cfn-awsec2networkinterface-secondaryprivateipcount",
          "PrimitiveType": "Integer",
          "Required": false,
          "UpdateType": "Mutable"
        },
        "SourceDestCheck": {
          "Documentation": "http://docs.aws.amazon.com/AWSCloudFormation/latest/UserGuide/aws-resource-ec2-network-interface.html#cfn-awsec2networkinterface-sourcedestcheck",
          "PrimitiveType": "Boolean",
          "Required": false,
          "UpdateType": "Mutable"
        },
        "SubnetId": {
          "Documentation": "http://docs.aws.amazon.com/AWSCloudFormation/latest/UserGuide/aws-resource-ec2-network-interface.html#cfn-awsec2networkinterface-subnetid",
          "PrimitiveType": "String",
          "Required": true,
          "UpdateType": "Immutable"
        },
        "Tags": {
          "Documentation": "http://docs.aws.amazon.com/AWSCloudFormation/latest/UserGuide/aws-resource-ec2-network-interface.html#cfn-awsec2networkinterface-tags",
          "DuplicatesAllowed": true,
          "ItemType": "Tag",
          "Required": false,
          "Type": "List",
          "UpdateType": "Mutable"
        }
      }
    }
  },
  "ResourceSpecificationVersion": "3.0.0"
}