{
  "PropertyTypes": {
    "AWS::EC2::NetworkAclEntry.Icmp": {
      "Documentation": "http://docs.aws.amazon.com/AWSCloudFormation/latest/UserGuide/aws-properties-ec2-networkaclentry-icmp.html",
      "Properties": {
        "Code": {
          "Documentation": "http://docs.aws.amazon.com/AWSCloudFormation/latest/UserGuide/aws-properties-ec2-networkaclentry-icmp.html#cfn-ec2-networkaclentry-icmp-code",
          "PrimitiveType": "Integer",
          "Required": false,
          "UpdateType": "Mutable"
        },
        "Type": {
          "Documentation": "http://docs.aws.amazon.com/AWSCloudFormation/latest/UserGuide/aws-properties-ec2-networkaclentry-icmp.html#cfn-ec2-networkaclentry-icmp-type",
          "PrimitiveType": "Integer",
          "Required": false,
          "UpdateType": "Mutable"
        }
      }
    },
    "AWS::EC2::NetworkAclEntry.PortRange": {
      "Documentation": "http://docs.aws.amazon.com/AWSCloudFormation/latest/UserGuide/aws-properties-ec2-networkaclentry-portrange.html",
      "Properties": {
        "From": {
          "Documentation": "http://docs.aws.amazon.com/AWSCloudFormation/latest/UserGuide/aws-properties-ec2-networkaclentry-portrange.html#cfn-ec2-networkaclentry-portrange-from",
          "PrimitiveType": "Integer",
          "Required": false,
          "UpdateType": "Mutable"
        },
        "To": {
          "Documentation": "http://docs.aws.amazon.com/AWSCloudFormation/latest/UserGuide/aws-properties-ec2-networkaclentry-portrange.html#cfn-ec2-networkaclentry-portrange-to",
          "PrimitiveType": "Integer",
          "Required": false,
          "UpdateType": "Mutable"
        }
      }
    }
  },
  "ResourceType": {
    "AWS::EC2::NetworkAclEntry": {
      "Documentation": "http://docs.aws.amazon.com/AWSCloudFormation/latest/UserGuide/aws-resource-ec2-network-acl-entry.html",
      "Properties": {
        "CidrBlock": {
          "Documentation": "http://docs.aws.amazon.com/AWSCloudFormation/latest/UserGuide/aws-resource-ec2-network-acl-entry.html#cfn-ec2-networkaclentry-cidrblock",
          "PrimitiveType": "String",
          "Required": true,
          "UpdateType": "Mutable"
        },
        "Egress": {
          "Documentation": "http://docs.aws.amazon.com/AWSCloudFormation/latest/UserGuide/aws-resource-ec2-network-acl-entry.html#cfn-ec2-networkaclentry-egress",
          "PrimitiveType": "Boolean",
          "Required": false,
          "UpdateType": "Immutable"
        },
        "Icmp": {
          "Documentation": "http://docs.aws.amazon.com/AWSCloudFormation/latest/UserGuide/aws-resource-ec2-network-acl-entry.html#cfn-ec2-networkaclentry-icmp",
          "Required": false,
          "Type": "Icmp",
          "UpdateType": "Mutable"
        },
        "Ipv6CidrBlock": {
          "Documentation": "http://docs.aws.amazon.com/AWSCloudFormation/latest/UserGuide/aws-resource-ec2-network-acl-entry.html#cfn-ec2-networkaclentry-ipv6cidrblock",
          "PrimitiveType": "String",
          "Required": false,
          "UpdateType": "Mutable"
        },
        "NetworkAclId": {
          "Documentation": "http://docs.aws.amazon.com/AWSCloudFormation/latest/UserGuide/aws-resource-ec2-network-acl-entry.html#cfn-ec2-networkaclentry-networkaclid",
          "PrimitiveType": "String",
          "Required": true,
          "UpdateType": "Immutable"
        },
        "PortRange": {
          "Documentation": "http://docs.aws.amazon.com/AWSCloudFormation/latest/UserGuide/aws-resource-ec2-network-acl-entry.html#cfn-ec2-networkaclentry-portrange",
          "Required": false,
          "Type": "PortRange",
          "UpdateType": "Mutable"
        },
        "Protocol": {
          "Documentation": "http://docs.aws.amazon.com/AWSCloudFormation/latest/UserGuide/aws-resource-ec2-network-acl-entry.html#cfn-ec2-networkaclentry-protocol",
          "PrimitiveType": "Integer",
          "Required": true,
          "UpdateType": "Mutable"
        },
        "RuleAction": {
          "Documentation": "http://docs.aws.amazon.com/AWSCloudFormation/latest/UserGuide/aws-resource-ec2-network-acl-entry.html#cfn-ec2-networkaclentry-ruleaction",
          "PrimitiveType": "String",
          "Required": true,
          "UpdateType": "Mutable"
        },
        "RuleNumber": {
          "Documentation": "http://docs.aws.amazon.com/AWSCloudFormation/latest/UserGuide/aws-resource-ec2-network-acl-entry.html#cfn-ec2-networkaclentry-rulenumber",
          "PrimitiveType": "Integer",
          "Required": true,
          "UpdateType": "Immutable"
        }
      }
    }
  },
  "ResourceSpecificationVersion": "3.0.0"
}