{
  "ResourceType": {
    "AWS::EC2::SubnetCidrBlock": {
      "Documentation": "http://docs.aws.amazon.com/AWSCloudFormation/latest/UserGuide/aws-resource-ec2-subnetcidrblock.html",
      "Properties": {
        "Ipv6CidrBlock": {
          "Documentation": "http://docs.aws.amazon.com/AWSCloudFormation/latest/UserGuide/aws-resource-ec2-subnetcidrblock.html#cfn-ec2-subnetcidrblock-ipv6cidrblock",
          "PrimitiveType": "String",
          "Required": true,
          "UpdateType": "Immutable"
        },
        "SubnetId": {
          "Documentation": "http://docs.aws.amazon.com/AWSCloudFormation/latest/UserGuide/aws-resource-ec2-subnetcidrblock.html#cfn-ec2-subnetcidrblock-subnetid",
          "PrimitiveType": "String",
          "Required": true,
          "UpdateType": "Immutable"
        }
      }
    }
  },
  "ResourceSpecificationVersion": "3.0.0"
}