{
  "PropertyTypes": {
    "AWS::EC2::SpotFleet.BlockDeviceMapping": {
      "Documentation": "http://docs.aws.amazon.com/AWSCloudFormation/latest/UserGuide/aws-properties-ec2-spotfleet-spotfleetrequestconfigdata-launchspecifications-blockdevicemappings.html",
      "Properties": {
        "DeviceName": {
          "Documentation": "http://docs.aws.amazon.com/AWSCloudFormation/latest/UserGuide/aws-properties-ec2-spotfleet-spotfleetrequestconfigdata-launchspecifications-blockdevicemappings.html#cfn-ec2-spotfleet-blockdevicemapping-devicename",
          "PrimitiveType": "String",
          "Required": true,
          "UpdateType": "Mutable"
        },
        "Ebs": {
          "Documentation": "http://docs.aws.amazon.com/AWSCloudFormation/latest/UserGuide/aws-properties-ec2-spotfleet-spotfleetrequestconfigdata-launchspecifications-blockdevicemappings.html#cfn-ec2-spotfleet-blockdevicemapping-ebs",
          "Required": false,
          "Type": "EbsBlockDevice",
          "UpdateType": "Mutable"
        },
        "NoDevice": {
          "Documentation": "http://docs.aws.amazon.com/AWSCloudFormation/latest/UserGuide/aws-properties-ec2-spotfleet-spotfleetrequestconfigdata-launchspecifications-blockdevicemappings.html#cfn-ec2-spotfleet-blockdevicemapping-nodevice",
          "PrimitiveType": "String",
          "Required": false,
          "UpdateType": "Mutable"
        },
        "VirtualName": {
          "Documentation": "http://docs.aws.amazon.com/AWSCloudFormation/latest/UserGuide/aws-properties-ec2-spotfleet-spotfleetrequestconfigdata-launchspecifications-blockdevicemappings.html#cfn-ec2-spotfleet-blockdevicemapping-virtualname",
          "PrimitiveType": "String",
          "Required": false,
          "UpdateType": "Mutable"
        }
      }
    },
    "AWS::EC2::SpotFleet.ClassicLoadBalancer": {
      "Documentation": "http://docs.aws.amazon.com/AWSCloudFormation/latest/UserGuide/aws-properties-ec2-spotfleet-classicloadbalancer.html",
      "Properties": {
        "Name": {
          "Documentation": "http://docs.aws.amazon.com/AWSCloudFormation/latest/UserGuide/aws-properties-ec2-spotfleet-classicloadbalancer.html#cfn-ec2-spotfleet-classicloadbalancer-name",
          "PrimitiveType": "String",
          "Required": true,
          "UpdateType": "Mutable"
        }
      }
    },
    "AWS::EC2::SpotFleet.ClassicLoadBalancersConfig": {
      "Documentation": "http://docs.aws.amazon.com/AWSCloudFormation/latest/UserGuide/aws-properties-ec2-spotfleet-classicloadbalancersconfig.html",
      "Properties": {
        "ClassicLoadBalancers": {
          "Documentation": "http://docs.aws.amazon.com/AWSCloudFormation/latest/UserGuide/aws-properties-ec2-spotfleet-classicloadbalancersconfig.html#cfn-ec2-spotfleet-classicloadbalancersconfig-classicloadbalancers",
          "DuplicatesAllowed": false,
          "ItemType": "ClassicLoadBalancer",
          "Required": true,
          "Type": "List",
          "UpdateType": "Mutable"
        }
      }
    },
    "AWS::EC2::SpotFleet.EbsBlockDevice": {
      "Documentation": "http://docs.aws.amazon.com/AWSCloudFormation/latest/UserGuide/aws-properties-ec2-spotfleet-spotfleetrequestconfigdata-launchspecifications-blockdevicemappings-ebs.html",
      "Properties": {
        "DeleteOnTermination": {
          "Documentation": "http://docs.aws.amazon.com/AWSCloudFormation/latest/UserGuide/aws-properties-ec2-spotfleet-spotfleetrequestconfigdata-launchspecifications-blockdevicemappings-ebs.html#cfn-ec2-spotfleet-ebsblockdevice-deleteontermination",
          "PrimitiveType": "Boolean",
          "Required": false,
          "UpdateType": "Mutable"
        },
        "Encrypted": {
          "Documentation": "http://docs.aws.amazon.com/AWSCloudFormation/latest/UserGuide/aws-properties-ec2-spotfleet-spotfleetrequestconfigdata-launchspecifications-blockdevicemappings-ebs.html#cfn-ec2-spotfleet-ebsblockdevice-encrypted",
          "PrimitiveType": "Boolean",
          "Required": false,
          "UpdateType": "Mutable"
        },
        "Iops": {
          "Documentation": "http://docs.aws.amazon.com/AWSCloudFormation/latest/UserGuide/aws-properties-ec2-spotfleet-spotfleetrequestconfigdata-launchspecifications-blockdevicemappings-ebs.html#cfn-ec2-spotfleet-ebsblockdevice-iops",
          "PrimitiveType": "Integer",
          "Required": false,
          "UpdateType": "Mutable"
        },
        "SnapshotId": {
          "Documentation": "http://docs.aws.amazon.com/AWSCloudFormation/latest/UserGuide/aws-properties-ec2-spotfleet-spotfleetrequestconfigdata-launchspecifications-blockdevicemappings-ebs.html#cfn-ec2-spotfleet-ebsblockdevice-snapshotid",
          "PrimitiveType": "String",
          "Required": false,
          "UpdateType": "Mutable"
        },
        "VolumeSize": {
          "Documentation": "http://docs.aws.amazon.com/AWSCloudFormation/latest/UserGuide/aws-properties-ec2-spotfleet-spotfleetrequestconfigdata-launchspecifications-blockdevicemappings-ebs.html#cfn-ec2-spotfleet-ebsblockdevice-volumesize",
          "PrimitiveType": "Integer",
          "Required": false,
          "UpdateType": "Mutable"
        },
        "VolumeType": {
          "Documentation": "http://docs.aws.amazon.com/AWSCloudFormation/latest/UserGuide/aws-properties-ec2-spotfleet-spotfleetrequestconfigdata-launchspecifications-blockdevicemappings-ebs.html#cfn-ec2-spotfleet-ebsblockdevice-volumetype",
          "PrimitiveType": "String",
          "Required": false,
          "UpdateType": "Mutable"
        }
      }
    },
    "AWS::EC2::SpotFleet.FleetLaunchTemplateSpecification": {
      "Documentation": "http://docs.aws.amazon.com/AWSCloudFormation/latest/UserGuide/aws-properties-ec2-spotfleet-fleetlaunchtemplatespecification.html",
      "Properties": {
        "LaunchTemplateId": {
          "Documentation": "http://docs.aws.amazon.com/AWSCloudFormation/latest/UserGuide/aws-properties-ec2-spotfleet-fleetlaunchtemplatespecification.html#cfn-ec2-spotfleet-fleetlaunchtemplatespecification-launchtemplateid",
          "PrimitiveType": "String",
          "Required": false,
          "UpdateType": "Mutable"
        },
        "LaunchTemplateName": {
          "Documentation": "http://docs.aws.amazon.com/AWSCloudFormation/latest/UserGuide/aws-properties-ec2-spotfleet-fleetlaunchtemplatespecification.html#cfn-ec2-spotfleet-fleetlaunchtemplatespecification-launchtemplatename",
          "PrimitiveType": "String",
          "Required": false,
          "UpdateType": "Mutable"
        },
        "Version": {
          "Documentation": "http://docs.aws.amazon.com/AWSCloudFormation/latest/UserGuide/aws-properties-ec2-spotfleet-fleetlaunchtemplatespecification.html#cfn-ec2-spotfleet-fleetlaunchtemplatespecification-version",
          "PrimitiveType": "String",
          "Required": true,
          "UpdateType": "Mutable"
        }
      }
    },
    "AWS::EC2::SpotFleet.GroupIdentifier": {
      "Documentation": "http://docs.aws.amazon.com/AWSCloudFormation/latest/UserGuide/aws-properties-ec2-spotfleet-spotfleetrequestconfigdata-launchspecifications-securitygroups.html",
      "Properties": {
        "GroupId": {
          "Documentation": "http://docs.aws.amazon.com/AWSCloudFormation/latest/UserGuide/aws-properties-ec2-spotfleet-spotfleetrequestconfigdata-launchspecifications-securitygroups.html#cfn-ec2-spotfleet-groupidentifier-groupid",
          "PrimitiveType": "String",
          "Required": true,
          "UpdateType": "Mutable"
        }
      }
    },
    "AWS::EC2::SpotFleet.IamInstanceProfileSpecification": {
      "Documentation": "http://docs.aws.amazon.com/AWSCloudFormation/latest/UserGuide/aws-properties-ec2-spotfleet-spotfleetrequestconfigdata-launchspecifications-iaminstanceprofile.html",
      "Properties": {
        "Arn": {
          "Documentation": "http://docs.aws.amazon.com/AWSCloudFormation/latest/UserGuide/aws-properties-ec2-spotfleet-spotfleetrequestconfigdata-launchspecifications-iaminstanceprofile.html#cfn-ec2-spotfleet-iaminstanceprofilespecification-arn",
          "PrimitiveType": "String",
          "Required": false,
          "UpdateType": "Mutable"
        }
      }
    },
    "AWS::EC2::SpotFleet.InstanceIpv6Address": {
      "Documentation": "http://docs.aws.amazon.com/AWSCloudFormation/latest/UserGuide/aws-properties-ec2-spotfleet-instanceipv6address.html",
      "Properties": {
        "Ipv6Address": {
          "Documentation": "http://docs.aws.amazon.com/AWSCloudFormation/latest/UserGuide/aws-properties-ec2-spotfleet-instanceipv6address.html#cfn-ec2-spotfleet-instanceipv6address-ipv6address",
          "PrimitiveType": "String",
          "Required": true,
          "UpdateType": "Mutable"
        }
      }
    },
    "AWS::EC2::SpotFleet.InstanceNetworkInterfaceSpecification": {
      "Documentation": "http://docs.aws.amazon.com/AWSCloudFormation/latest/UserGuide/aws-properties-ec2-spotfleet-spotfleetrequestconfigdata-launchspecifications-networkinterfaces.html",
      "Properties": {
        "AssociatePublicIpAddress": {
          "Documentation": "http://docs.aws.amazon.com/AWSCloudFormation/latest/UserGuide/aws-properties-ec2-spotfleet-spotfleetrequestconfigdata-launchspecifications-networkinterfaces.html#cfn-ec2-spotfleet-instancenetworkinterfacespecification-associatepublicipaddress",
          "PrimitiveType": "Boolean",
          "Required": false,
          "UpdateType": "Mutable"
        },
        "DeleteOnTermination": {
          "Documentation": "http://docs.aws.amazon.com/AWSCloudFormation/latest/UserGuide/aws-properties-ec2-spotfleet-spotfleetrequestconfigdata-launchspecifications-networkinterfaces.html#cfn-ec2-spotfleet-instancenetworkinterfacespecification-deleteontermination",
          "PrimitiveType": "Boolean",
          "Required": false,
          "UpdateType": "Mutable"
        },
        "Description": {
          "Documentation": "http://docs.aws.amazon.com/AWSCloudFormation/latest/UserGuide/aws-properties-ec2-spotfleet-spotfleetrequestconfigdata-launchspecifications-networkinterfaces.html#cfn-ec2-spotfleet-instancenetworkinterfacespecification-description",
          "PrimitiveType": "String",
          "Required": false,
          "UpdateType": "Mutable"
        },
        "DeviceIndex": {
          "Documentation": "http://docs.aws.amazon.com/AWSCloudFormation/latest/UserGuide/aws-properties-ec2-spotfleet-spotfleetrequestconfigdata-launchspecifications-networkinterfaces.html#cfn-ec2-spotfleet-instancenetworkinterfacespecification-deviceindex",
          "PrimitiveType": "Integer",
          "Required": false,
          "UpdateType": "Mutable"
        },
        "Groups": {
          "Documentation": "http://docs.aws.amazon.com/AWSCloudFormation/latest/UserGuide/aws-properties-ec2-spotfleet-spotfleetrequestconfigdata-launchspecifications-networkinterfaces.html#cfn-ec2-spotfleet-instancenetworkinterfacespecification-groups",
          "DuplicatesAllowed": false,
          "PrimitiveItemType": "String",
          "Required": false,
          "Type": "List",
          "UpdateType": "Mutable"
        },
        "Ipv6AddressCount": {
          "Documentation": "http://docs.aws.amazon.com/AWSCloudFormation/latest/UserGuide/aws-properties-ec2-spotfleet-spotfleetrequestconfigdata-launchspecifications-networkinterfaces.html#cfn-ec2-spotfleet-instancenetworkinterfacespecification-ipv6addresscount",
          "PrimitiveType": "Integer",
          "Required": false,
          "UpdateType": "Mutable"
        },
        "Ipv6Addresses": {
          "Documentation": "http://docs.aws.amazon.com/AWSCloudFormation/latest/UserGuide/aws-properties-ec2-spotfleet-spotfleetrequestconfigdata-launchspecifications-networkinterfaces.html#cfn-ec2-spotfleet-instancenetworkinterfacespecification-ipv6addresses",
          "DuplicatesAllowed": false,
          "ItemType": "InstanceIpv6Address",
          "Required": false,
          "Type": "List",
          "UpdateType": "Mutable"
        },
        "NetworkInterfaceId": {
          "Documentation": "http://docs.aws.amazon.com/AWSCloudFormation/latest/UserGuide/aws-properties-ec2-spotfleet-spotfleetrequestconfigdata-launchspecifications-networkinterfaces.html#cfn-ec2-spotfleet-instancenetworkinterfacespecification-networkinterfaceid",
          "PrimitiveType": "String",
          "Required": false,
          "UpdateType": "Mutable"
        },
        "PrivateIpAddresses": {
          "Documentation": "http://docs.aws.amazon.com/AWSCloudFormation/latest/UserGuide/aws-properties-ec2-spotfleet-spotfleetrequestconfigdata-launchspecifications-networkinterfaces.html#cfn-ec2-spotfleet-instancenetworkinterfacespecification-privateipaddresses",
          "DuplicatesAllowed": false,
          "ItemType": "PrivateIpAddressSpecification",
          "Required": false,
          "Type": "List",
          "UpdateType": "Mutable"
        },
        "SecondaryPrivateIpAddressCount": {
          "Documentation": "http://docs.aws.amazon.com/AWSCloudFormation/latest/UserGuide/aws-properties-ec2-spotfleet-spotfleetrequestconfigdata-launchspecifications-networkinterfaces.html#cfn-ec2-spotfleet-instancenetworkinterfacespecification-secondaryprivateipaddresscount",
          "PrimitiveType": "Integer",
          "Required": false,
          "UpdateType": "Mutable"
        },
        "SubnetId": {
          "Documentation": "http://docs.aws.amazon.com/AWSCloudFormation/latest/UserGuide/aws-properties-ec2-spotfleet-spotfleetrequestconfigdata-launchspecifications-networkinterfaces.html#cfn-ec2-spotfleet-instancenetworkinterfacespecification-subnetid",
          "PrimitiveType": "String",
          "Required": false,
          "UpdateType": "Mutable"
        }
      }
    },
    "AWS::EC2::SpotFleet.LaunchTemplateConfig": {
      "Documentation": "http://docs.aws.amazon.com/AWSCloudFormation/latest/UserGuide/aws-properties-ec2-spotfleet-launchtemplateconfig.html",
      "Properties": {
        "LaunchTemplateSpecification": {
          "Documentation": "http://docs.aws.amazon.com/AWSCloudFormation/latest/UserGuide/aws-properties-ec2-spotfleet-launchtemplateconfig.html#cfn-ec2-spotfleet-launchtemplateconfig-launchtemplatespecification",
          "Required": false,
          "Type": "FleetLaunchTemplateSpecification",
          "UpdateType": "Mutable"
        },
        "Overrides": {
          "Documentation": "http://docs.aws.amazon.com/AWSCloudFormation/latest/UserGuide/aws-properties-ec2-spotfleet-launchtemplateconfig.html#cfn-ec2-spotfleet-launchtemplateconfig-overrides",
          "DuplicatesAllowed": false,
          "ItemType": "LaunchTemplateOverrides",
          "Required": false,
          "Type": "List",
          "UpdateType": "Mutable"
        }
      }
    },
    "AWS::EC2::SpotFleet.LaunchTemplateOverrides": {
      "Documentation": "http://docs.aws.amazon.com/AWSCloudFormation/latest/UserGuide/aws-properties-ec2-spotfleet-launchtemplateoverrides.html",
      "Properties": {
        "AvailabilityZone": {
          "Documentation": "http://docs.aws.amazon.com/AWSCloudFormation/latest/UserGuide/aws-properties-ec2-spotfleet-launchtemplateoverrides.html#cfn-ec2-spotfleet-launchtemplateoverrides-availabilityzone",
          "PrimitiveType": "String",
          "Required": false,
          "UpdateType": "Mutable"
        },
        "InstanceType": {
          "Documentation": "http://docs.aws.amazon.com/AWSCloudFormation/latest/UserGuide/aws-properties-ec2-spotfleet-launchtemplateoverrides.html#cfn-ec2-spotfleet-launchtemplateoverrides-instancetype",
          "PrimitiveType": "String",
          "Required": false,
          "UpdateType": "Mutable"
        },
        "SpotPrice": {
          "Documentation": "http://docs.aws.amazon.com/AWSCloudFormation/latest/UserGuide/aws-properties-ec2-spotfleet-launchtemplateoverrides.html#cfn-ec2-spotfleet-launchtemplateoverrides-spotprice",
          "PrimitiveType": "String",
          "Required": false,
          "UpdateType": "Mutable"
        },
        "SubnetId": {
          "Documentation": "http://docs.aws.amazon.com/AWSCloudFormation/latest/UserGuide/aws-properties-ec2-spotfleet-launchtemplateoverrides.html#cfn-ec2-spotfleet-launchtemplateoverrides-subnetid",
          "PrimitiveType": "String",
          "Required": false,
          "UpdateType": "Mutable"
        },
        "WeightedCapacity": {
          "Documentation": "http://docs.aws.amazon.com/AWSCloudFormation/latest/UserGuide/aws-properties-ec2-spotfleet-launchtemplateoverrides.html#cfn-ec2-spotfleet-launchtemplateoverrides-weightedcapacity",
          "PrimitiveType": "Double",
          "Required": false,
          "UpdateType": "Mutable"
        }
      }
    },
    "AWS::EC2::SpotFleet.LoadBalancersConfig": {
      "Documentation": "http://docs.aws.amazon.com/AWSCloudFormation/latest/UserGuide/aws-properties-ec2-spotfleet-loadbalancersconfig.html",
      "Properties": {
        "ClassicLoadBalancersConfig": {
          "Documentation": "http://docs.aws.amazon.com/AWSCloudFormation/latest/UserGuide/aws-properties-ec2-spotfleet-loadbalancersconfig.html#cfn-ec2-spotfleet-loadbalancersconfig-classicloadbalancersconfig",
          "Required": false,
          "Type": "ClassicLoadBalancersConfig",
          "UpdateType": "Mutable"
        },
        "TargetGroupsConfig": {
          "Documentation": "http://docs.aws.amazon.com/AWSCloudFormation/latest/UserGuide/aws-properties-ec2-spotfleet-loadbalancersconfig.html#cfn-ec2-spotfleet-loadbalancersconfig-targetgroupsconfig",
          "Required": false,
          "Type": "TargetGroupsConfig",
          "UpdateType": "Mutable"
        }
      }
    },
    "AWS::EC2::SpotFleet.PrivateIpAddressSpecification": {
      "Documentation": "http://docs.aws.amazon.com/AWSCloudFormation/latest/UserGuide/aws-properties-ec2-spotfleet-spotfleetrequestconfigdata-launchspecifications-networkinterfaces-privateipaddresses.html",
      "Properties": {
        "Primary": {
          "Documentation": "http://docs.aws.amazon.com/AWSCloudFormation/latest/UserGuide/aws-properties-ec2-spotfleet-spotfleetrequestconfigdata-launchspecifications-networkinterfaces-privateipaddresses.html#cfn-ec2-spotfleet-privateipaddressspecification-primary",
          "PrimitiveType": "Boolean",
          "Required": false,
          "UpdateType": "Mutable"
        },
        "PrivateIpAddress": {
          "Documentation": "http://docs.aws.amazon.com/AWSCloudFormation/latest/UserGuide/aws-properties-ec2-spotfleet-spotfleetrequestconfigdata-launchspecifications-networkinterfaces-privateipaddresses.html#cfn-ec2-spotfleet-privateipaddressspecification-privateipaddress",
          "PrimitiveType": "String",
          "Required": true,
          "UpdateType": "Mutable"
        }
      }
    },
    "AWS::EC2::SpotFleet.SpotFleetLaunchSpecification": {
      "Documentation": "http://docs.aws.amazon.com/AWSCloudFormation/latest/UserGuide/aws-properties-ec2-spotfleet-spotfleetrequestconfigdata-launchspecifications.html",
      "Properties": {
        "BlockDeviceMappings": {
          "Documentation": "http://docs.aws.amazon.com/AWSCloudFormation/latest/UserGuide/aws-properties-ec2-spotfleet-spotfleetrequestconfigdata-launchspecifications.html#cfn-ec2-spotfleet-spotfleetlaunchspecification-blockdevicemappings",
          "DuplicatesAllowed": false,
          "ItemType": "BlockDeviceMapping",
          "Required": false,
          "Type": "List",
          "UpdateType": "Mutable"
        },
        "EbsOptimized": {
          "Documentation": "http://docs.aws.amazon.com/AWSCloudFormation/latest/UserGuide/aws-properties-ec2-spotfleet-spotfleetrequestconfigdata-launchspecifications.html#cfn-ec2-spotfleet-spotfleetlaunchspecification-ebsoptimized",
          "PrimitiveType": "Boolean",
          "Required": false,
          "UpdateType": "Mutable"
        },
        "IamInstanceProfile": {
          "Documentation": "http://docs.aws.amazon.com/AWSCloudFormation/latest/UserGuide/aws-properties-ec2-spotfleet-spotfleetrequestconfigdata-launchspecifications.html#cfn-ec2-spotfleet-spotfleetlaunchspecification-iaminstanceprofile",
          "Required": false,
          "Type": "IamInstanceProfileSpecification",
          "UpdateType": "Mutable"
        },
        "ImageId": {
          "Documentation": "http://docs.aws.amazon.com/AWSCloudFormation/latest/UserGuide/aws-properties-ec2-spotfleet-spotfleetrequestconfigdata-launchspecifications.html#cfn-ec2-spotfleet-spotfleetlaunchspecification-imageid",
          "PrimitiveType": "String",
          "Required": true,
          "UpdateType": "Mutable"
        },
        "InstanceType": {
          "Documentation": "http://docs.aws.amazon.com/AWSCloudFormation/latest/UserGuide/aws-properties-ec2-spotfleet-spotfleetrequestconfigdata-launchspecifications.html#cfn-ec2-spotfleet-spotfleetlaunchspecification-instancetype",
          "PrimitiveType": "String",
          "Required": true,
          "UpdateType": "Mutable"
        },
        "KernelId": {
          "Documentation": "http://docs.aws.amazon.com/AWSCloudFormation/latest/UserGuide/aws-properties-ec2-spotfleet-spotfleetrequestconfigdata-launchspecifications.html#cfn-ec2-spotfleet-spotfleetlaunchspecification-kernelid",
          "PrimitiveType": "String",
          "Required": false,
          "UpdateType": "Mutable"
        },
        "KeyName": {
          "Documentation": "http://docs.aws.amazon.com/AWSCloudFormation/latest/UserGuide/aws-properties-ec2-spotfleet-spotfleetrequestconfigdata-launchspecifications.html#cfn-ec2-spotfleet-spotfleetlaunchspecification-keyname",
          "PrimitiveType": "String",
          "Required": false,
          "UpdateType": "Mutable"
        },
        "Monitoring": {
          "Documentation": "http://docs.aws.amazon.com/AWSCloudFormation/latest/UserGuide/aws-properties-ec2-spotfleet-spotfleetrequestconfigdata-launchspecifications.html#cfn-ec2-spotfleet-spotfleetlaunchspecification-monitoring",
          "Required": false,
          "Type": "SpotFleetMonitoring",
          "UpdateType": "Mutable"
        },
        "NetworkInterfaces": {
          "Documentation": "http://docs.aws.amazon.com/AWSCloudFormation/latest/UserGuide/aws-properties-ec2-spotfleet-spotfleetrequestconfigdata-launchspecifications.html#cfn-ec2-spotfleet-spotfleetlaunchspecification-networkinterfaces",
          "DuplicatesAllowed": false,
          "ItemType": "InstanceNetworkInterfaceSpecification",
          "Required": false,
          "Type": "List",
          "UpdateType": "Mutable"
        },
        "Placement": {
          "Documentation": "http://docs.aws.amazon.com/AWSCloudFormation/latest/UserGuide/aws-properties-ec2-spotfleet-spotfleetrequestconfigdata-launchspecifications.html#cfn-ec2-spotfleet-spotfleetlaunchspecification-placement",
          "Required": false,
          "Type": "SpotPlacement",
          "UpdateType": "Mutable"
        },
        "RamdiskId": {
          "Documentation": "http://docs.aws.amazon.com/AWSCloudFormation/latest/UserGuide/aws-properties-ec2-spotfleet-spotfleetrequestconfigdata-launchspecifications.html#cfn-ec2-spotfleet-spotfleetlaunchspecification-ramdiskid",
          "PrimitiveType": "String",
          "Required": false,
          "UpdateType": "Mutable"
        },
        "SecurityGroups": {
          "Documentation": "http://docs.aws.amazon.com/AWSCloudFormation/latest/UserGuide/aws-properties-ec2-spotfleet-spotfleetrequestconfigdata-launchspecifications.html#cfn-ec2-spotfleet-spotfleetlaunchspecification-securitygroups",
          "DuplicatesAllowed": false,
          "ItemType": "GroupIdentifier",
          "Required": false,
          "Type": "List",
          "UpdateType": "Mutable"
        },
        "SpotPrice": {
          "Documentation": "http://docs.aws.amazon.com/AWSCloudFormation/latest/UserGuide/aws-properties-ec2-spotfleet-spotfleetrequestconfigdata-launchspecifications.html#cfn-ec2-spotfleet-spotfleetlaunchspecification-spotprice",
          "PrimitiveType": "String",
          "Required": false,
          "UpdateType": "Mutable"
        },
        "SubnetId": {
          "Documentation": "http://docs.aws.amazon.com/AWSCloudFormation/latest/UserGuide/aws-properties-ec2-spotfleet-spotfleetrequestconfigdata-launchspecifications.html#cfn-ec2-spotfleet-spotfleetlaunchspecification-subnetid",
          "PrimitiveType": "String",
          "Required": false,
          "UpdateType": "Mutable"
        },
        "TagSpecifications": {
          "Documentation": "http://docs.aws.amazon.com/AWSCloudFormation/latest/UserGuide/aws-properties-ec2-spotfleet-spotfleetrequestconfigdata-launchspecifications.html#cfn-ec2-spotfleet-spotfleetlaunchspecification-tagspecifications",
          "DuplicatesAllowed": false,
          "ItemType": "SpotFleetTagSpecification",
          "Required": false,
          "Type": "List",
          "UpdateType": "Mutable"
        },
        "UserData": {
          "Documentation": "http://docs.aws.amazon.com/AWSCloudFormation/latest/UserGuide/aws-properties-ec2-spotfleet-spotfleetrequestconfigdata-launchspecifications.html#cfn-ec2-spotfleet-spotfleetlaunchspecification-userdata",
          "PrimitiveType": "String",
          "Required": false,
          "UpdateType": "Mutable"
        },
        "WeightedCapacity": {
          "Documentation": "http://docs.aws.amazon.com/AWSCloudFormation/latest/UserGuide/aws-properties-ec2-spotfleet-spotfleetrequestconfigdata-launchspecifications.html#cfn-ec2-spotfleet-spotfleetlaunchspecification-weightedcapacity",
          "PrimitiveType": "Double",
          "Required": false,
          "UpdateType": "Mutable"
        }
      }
    },
    "AWS::EC2::SpotFleet.SpotFleetMonitoring": {
      "Documentation": "http://docs.aws.amazon.com/AWSCloudFormation/latest/UserGuide/aws-properties-ec2-spotfleet-spotfleetrequestconfigdata-launchspecifications-monitoring.html",
      "Properties": {
        "Enabled": {
          "Documentation": "http://docs.aws.amazon.com/AWSCloudFormation/latest/UserGuide/aws-properties-ec2-spotfleet-spotfleetrequestconfigdata-launchspecifications-monitoring.html#cfn-ec2-spotfleet-spotfleetmonitoring-enabled",
          "PrimitiveType": "Boolean",
          "Required": false,
          "UpdateType": "Mutable"
        }
      }
    },
    "AWS::EC2::SpotFleet.SpotFleetRequestConfigData": {
      "Documentation": "http://docs.aws.amazon.com/AWSCloudFormation/latest/UserGuide/aws-properties-ec2-spotfleet-spotfleetrequestconfigdata.html",
      "Properties": {
        "AllocationStrategy": {
          "Documentation": "http://docs.aws.amazon.com/AWSCloudFormation/latest/UserGuide/aws-properties-ec2-spotfleet-spotfleetrequestconfigdata.html#cfn-ec2-spotfleet-spotfleetrequestconfigdata-allocationstrategy",
          "PrimitiveType": "String",
          "Required": false,
          "UpdateType": "Immutable"
        },
        "ExcessCapacityTerminationPolicy": {
          "Documentation": "http://docs.aws.amazon.com/AWSCloudFormation/latest/UserGuide/aws-properties-ec2-spotfleet-spotfleetrequestconfigdata.html#cfn-ec2-spotfleet-spotfleetrequestconfigdata-excesscapacityterminationpolicy",
          "PrimitiveType": "String",
          "Required": false,
          "UpdateType": "Mutable"
        },
        "IamFleetRole": {
          "Documentation": "http://docs.aws.amazon.com/AWSCloudFormation/latest/UserGuide/aws-properties-ec2-spotfleet-spotfleetrequestconfigdata.html#cfn-ec2-spotfleet-spotfleetrequestconfigdata-iamfleetrole",
          "PrimitiveType": "String",
          "Required": true,
          "UpdateType": "Immutable"
        },
        "InstanceInterruptionBehavior": {
          "Documentation": "http://docs.aws.amazon.com/AWSCloudFormation/latest/UserGuide/aws-properties-ec2-spotfleet-spotfleetrequestconfigdata.html#cfn-ec2-spotfleet-spotfleetrequestconfigdata-instanceinterruptionbehavior",
          "PrimitiveType": "String",
          "Required": false,
          "UpdateType": "Immutable"
        },
        "LaunchSpecifications": {
          "Documentation": "http://docs.aws.amazon.com/AWSCloudFormation/latest/UserGuide/aws-properties-ec2-spotfleet-spotfleetrequestconfigdata.html#cfn-ec2-spotfleet-spotfleetrequestconfigdata-launchspecifications",
          "DuplicatesAllowed": false,
          "ItemType": "SpotFleetLaunchSpecification",
          "Required": false,
          "Type": "List",
          "UpdateType": "Immutable"
        },
        "LaunchTemplateConfigs": {
          "Documentation": "http://docs.aws.amazon.com/AWSCloudFormation/latest/UserGuide/aws-properties-ec2-spotfleet-spotfleetrequestconfigdata.html#cfn-ec2-spotfleet-spotfleetrequestconfigdata-launchtemplateconfigs",
          "DuplicatesAllowed": false,
          "ItemType": "LaunchTemplateConfig",
          "Required": false,
          "Type": "List",
          "UpdateType": "Immutable"
        },
        "LoadBalancersConfig": {
          "Documentation": "http://docs.aws.amazon.com/AWSCloudFormation/latest/UserGuide/aws-properties-ec2-spotfleet-spotfleetrequestconfigdata.html#cfn-ec2-spotfleet-spotfleetrequestconfigdata-loadbalancersconfig",
          "Required": false,
          "Type": "LoadBalancersConfig",
          "UpdateType": "Immutable"
        },
        "ReplaceUnhealthyInstances": {
          "Documentation": "http://docs.aws.amazon.com/AWSCloudFormation/latest/UserGuide/aws-properties-ec2-spotfleet-spotfleetrequestconfigdata.html#cfn-ec2-spotfleet-spotfleetrequestconfigdata-replaceunhealthyinstances",
          "PrimitiveType": "Boolean",
          "Required": false,
          "UpdateType": "Immutable"
        },
        "SpotPrice": {
          "Documentation": "http://docs.aws.amazon.com/AWSCloudFormation/latest/UserGuide/aws-properties-ec2-spotfleet-spotfleetrequestconfigdata.html#cfn-ec2-spotfleet-spotfleetrequestconfigdata-spotprice",
          "PrimitiveType": "String",
          "Required": false,
          "UpdateType": "Immutable"
        },
        "TargetCapacity": {
          "Documentation": "http://docs.aws.amazon.com/AWSCloudFormation/latest/UserGuide/aws-properties-ec2-spotfleet-spotfleetrequestconfigdata.html#cfn-ec2-spotfleet-spotfleetrequestconfigdata-targetcapacity",
          "PrimitiveType": "Integer",
          "Required": true,
          "UpdateType": "Mutable"
        },
        "TerminateInstancesWithExpiration": {
          "Documentation": "http://docs.aws.amazon.com/AWSCloudFormation/latest/UserGuide/aws-properties-ec2-spotfleet-spotfleetrequestconfigdata.html#cfn-ec2-spotfleet-spotfleetrequestconfigdata-terminateinstanceswithexpiration",
          "PrimitiveType": "Boolean",
          "Required": false,
          "UpdateType": "Immutable"
        },
        "Type": {
          "Documentation": "http://docs.aws.amazon.com/AWSCloudFormation/latest/UserGuide/aws-properties-ec2-spotfleet-spotfleetrequestconfigdata.html#cfn-ec2-spotfleet-spotfleetrequestconfigdata-type",
          "PrimitiveType": "String",
          "Required": false,
          "UpdateType": "Immutable"
        },
        "ValidFrom": {
          "Documentation": "http://docs.aws.amazon.com/AWSCloudFormation/latest/UserGuide/aws-properties-ec2-spotfleet-spotfleetrequestconfigdata.html#cfn-ec2-spotfleet-spotfleetrequestconfigdata-validfrom",
          "PrimitiveType": "String",
          "Required": false,
          "UpdateType": "Immutable"
        },
        "ValidUntil": {
          "Documentation": "http://docs.aws.amazon.com/AWSCloudFormation/latest/UserGuide/aws-properties-ec2-spotfleet-spotfleetrequestconfigdata.html#cfn-ec2-spotfleet-spotfleetrequestconfigdata-validuntil",
          "PrimitiveType": "String",
          "Required": false,
          "UpdateType": "Immutable"
        }
      }
    },
    "AWS::EC2::SpotFleet.SpotFleetTagSpecification": {
      "Documentation": "http://docs.aws.amazon.com/AWSCloudFormation/latest/UserGuide/aws-properties-ec2-spotfleet-spotfleetrequestconfigdata-launchspecifications-tagspecifications.html",
      "Properties": {
        "ResourceType": {
          "Documentation": "http://docs.aws.amazon.com/AWSCloudFormation/latest/UserGuide/aws-properties-ec2-spotfleet-spotfleetrequestconfigdata-launchspecifications-tagspecifications.html#cfn-ec2-spotfleet-spotfleettagspecification-resourcetype",
          "PrimitiveType": "String",
          "Required": false,
          "UpdateType": "Mutable"
        },
        "Tags": {
          "Documentation": "http://docs.aws.amazon.com/AWSCloudFormation/latest/UserGuide/aws-properties-ec2-spotfleet-spotfleetrequestconfigdata-launchspecifications-tagspecifications.html#cfn-ec2-spotfleet-tags",
          "DuplicatesAllowed": true,
          "ItemType": "Tag",
          "Required": false,
          "Type": "List",
          "UpdateType": "Mutable"
        }
      }
    },
    "AWS::EC2::SpotFleet.SpotPlacement": {
      "Documentation": "http://docs.aws.amazon.com/AWSCloudFormation/latest/UserGuide/aws-properties-ec2-spotfleet-spotfleetrequestconfigdata-launchspecifications-placement.html",
      "Properties": {
        "AvailabilityZone": {
          "Documentation": "http://docs.aws.amazon.com/AWSCloudFormation/latest/UserGuide/aws-properties-ec2-spotfleet-spotfleetrequestconfigdata-launchspecifications-placement.html#cfn-ec2-spotfleet-spotplacement-availabilityzone",
          "PrimitiveType": "String",
          "Required": false,
          "UpdateType": "Mutable"
        },
        "GroupName": {
          "Documentation": "http://docs.aws.amazon.com/AWSCloudFormation/latest/UserGuide/aws-properties-ec2-spotfleet-spotfleetrequestconfigdata-launchspecifications-placement.html#cfn-ec2-spotfleet-spotplacement-groupname",
          "PrimitiveType": "String",
          "Required": false,
          "UpdateType": "Mutable"
        },
        "Tenancy": {
          "Documentation": "http://docs.aws.amazon.com/AWSCloudFormation/latest/UserGuide/aws-properties-ec2-spotfleet-spotfleetrequestconfigdata-launchspecifications-placement.html#cfn-ec2-spotfleet-spotplacement-tenancy",
          "PrimitiveType": "String",
          "Required": false,
          "UpdateType": "Mutable"
        }
      }
    },
    "AWS::EC2::SpotFleet.TargetGroup": {
      "Documentation": "http://docs.aws.amazon.com/AWSCloudFormation/latest/UserGuide/aws-properties-ec2-spotfleet-targetgroup.html",
      "Properties": {
        "Arn": {
          "Documentation": "http://docs.aws.amazon.com/AWSCloudFormation/latest/UserGuide/aws-properties-ec2-spotfleet-targetgroup.html#cfn-ec2-spotfleet-targetgroup-arn",
          "PrimitiveType": "String",
          "Required": true,
          "UpdateType": "Mutable"
        }
      }
    },
    "AWS::EC2::SpotFleet.TargetGroupsConfig": {
      "Documentation": "http://docs.aws.amazon.com/AWSCloudFormation/latest/UserGuide/aws-properties-ec2-spotfleet-targetgroupsconfig.html",
      "Properties": {
        "TargetGroups": {
          "Documentation": "http://docs.aws.amazon.com/AWSCloudFormation/latest/UserGuide/aws-properties-ec2-spotfleet-targetgroupsconfig.html#cfn-ec2-spotfleet-targetgroupsconfig-targetgroups",
          "DuplicatesAllowed": false,
          "ItemType": "TargetGroup",
          "Required": true,
          "Type": "List",
          "UpdateType": "Mutable"
        }
      }
    },
    "Tag": {
      "Documentation": "http://docs.aws.amazon.com/AWSCloudFormation/latest/UserGuide/aws-properties-resource-tags.html",
      "Properties": {
        "Key": {
          "Documentation": "http://docs.aws.amazon.com/AWSCloudFormation/latest/UserGuide/aws-properties-resource-tags.html#cfn-resource-tags-key",
          "PrimitiveType": "String",
          "Required": true,
          "UpdateType": "Mutable"
        },
        "Value": {
          "Documentation": "http://docs.aws.amazon.com/AWSCloudFormation/latest/UserGuide/aws-properties-resource-tags.html#cfn-resource-tags-value",
          "PrimitiveType": "String",
          "Required": true,
          "UpdateType": "Mutable"
        }
      }
    }
  },
  "ResourceType": {
    "AWS::EC2::SpotFleet": {
      "Documentation": "http://docs.aws.amazon.com/AWSCloudFormation/latest/UserGuide/aws-resource-ec2-spotfleet.html",
      "Properties": {
        "SpotFleetRequestConfigData": {
          "Documentation": "http://docs.aws.amazon.com/AWSCloudFormation/latest/UserGuide/aws-resource-ec2-spotfleet.html#cfn-ec2-spotfleet-spotfleetrequestconfigdata",
          "Required": true,
          "Type": "SpotFleetRequestConfigData",
          "UpdateType": "Conditional"
        }
      }
    }
  },
  "ResourceSpecificationVersion": "3.0.0"
}