{
  "ResourceType": {
    "AWS::EC2::SecurityGroupEgress": {
      "Documentation": "http://docs.aws.amazon.com/AWSCloudFormation/latest/UserGuide/aws-resource-ec2-security-group-egress.html",
      "Properties": {
        "CidrIp": {
          "Documentation": "http://docs.aws.amazon.com/AWSCloudFormation/latest/UserGuide/aws-resource-ec2-security-group-egress.html#cfn-ec2-securitygroupegress-cidrip",
          "PrimitiveType": "String",
          "Required": false,
          "UpdateType": "Immutable"
        },
        "CidrIpv6": {
          "Documentation": "http://docs.aws.amazon.com/AWSCloudFormation/latest/UserGuide/aws-resource-ec2-security-group-egress.html#cfn-ec2-securitygroupegress-cidripv6",
          "PrimitiveType": "String",
          "Required": false,
          "UpdateType": "Immutable"
        },
        "Description": {
          "Documentation": "http://docs.aws.amazon.com/AWSCloudFormation/latest/UserGuide/aws-resource-ec2-security-group-egress.html#cfn-ec2-securitygroupegress-description",
          "PrimitiveType": "String",
          "Required": false,
          "UpdateType": "Mutable"
        },
        "DestinationPrefixListId": {
          "Documentation": "http://docs.aws.amazon.com/AWSCloudFormation/latest/UserGuide/aws-resource-ec2-security-group-egress.html#cfn-ec2-securitygroupegress-destinationprefixlistid",
          "PrimitiveType": "String",
          "Required": false,
          "UpdateType": "Immutable"
        },
        "DestinationSecurityGroupId": {
          "Documentation": "http://docs.aws.amazon.com/AWSCloudFormation/latest/UserGuide/aws-resource-ec2-security-group-egress.html#cfn-ec2-securitygroupegress-destinationsecuritygroupid",
          "PrimitiveType": "String",
          "Required": false,
          "UpdateType": "Immutable"
        },
        "FromPort": {
          "Documentation": "http://docs.aws.amazon.com/AWSCloudFormation/latest/UserGuide/aws-resource-ec2-security-group-egress.html#cfn-ec2-securitygroupegress-fromport",
          "PrimitiveType": "Integer",
          "Required": false,
          "UpdateType": "Immutable"
        },
        "GroupId": {
          "Documentation": "http://docs.aws.amazon.com/AWSCloudFormation/latest/UserGuide/aws-resource-ec2-security-group-egress.html#cfn-ec2-securitygroupegress-groupid",
          "PrimitiveType": "String",
          "Required": true,
          "UpdateType": "Immutable"
        },
        "IpProtocol": {
          "Documentation": "http://docs.aws.amazon.com/AWSCloudFormation/latest/UserGuide/aws-resource-ec2-security-group-egress.html#cfn-ec2-securitygroupegress-ipprotocol",
          "PrimitiveType": "String",
          "Required": true,
          "UpdateType": "Immutable"
        },
        "ToPort": {
          "Documentation": "http://docs.aws.amazon.com/AWSCloudFormation/latest/UserGuide/aws-resource-ec2-security-group-egress.html#cfn-ec2-securitygroupegress-toport",
          "PrimitiveType": "Integer",
          "Required": false,
          "UpdateType": "Immutable"
        }
      }
    }
  },
  "ResourceSpecificationVersion": "3.0.0"
}