{
  "ResourceType": {
    "AWS::EC2::TransitGatewayRoute": {
      "Documentation": "http://docs.aws.amazon.com/AWSCloudFormation/latest/UserGuide/aws-resource-ec2-transitgatewayroute.html",
      "Properties": {
        "TransitGatewayRouteTableId": {
          "Required": true,
          "Documentation": "http://docs.aws.amazon.com/AWSCloudFormation/latest/UserGuide/aws-resource-ec2-transitgatewayroute.html#cfn-ec2-transitgatewayroute-transitgatewayroutetableid",
          "PrimitiveType": "String",
          "UpdateType": "Immutable"
        },
        "DestinationCidrBlock": {
          "Required": false,
          "Documentation": "http://docs.aws.amazon.com/AWSCloudFormation/latest/UserGuide/aws-resource-ec2-transitgatewayroute.html#cfn-ec2-transitgatewayroute-destinationcidrblock",
          "PrimitiveType": "String",
          "UpdateType": "Immutable"
        },
        "Blackhole": {
          "Required": false,
          "Documentation": "http://docs.aws.amazon.com/AWSCloudFormation/latest/UserGuide/aws-resource-ec2-transitgatewayroute.html#cfn-ec2-transitgatewayroute-blackhole",
          "PrimitiveType": "Boolean",
          "UpdateType": "Immutable"
        },
        "TransitGatewayAttachmentId": {
          "Required": false,
          "Documentation": "http://docs.aws.amazon.com/AWSCloudFormation/latest/UserGuide/aws-resource-ec2-transitgatewayroute.html#cfn-ec2-transitgatewayroute-transitgatewayattachmentid",
          "PrimitiveType": "String",
          "UpdateType": "Immutable"
        }
      }
    }
  },
  "ResourceSpecificationVersion": "3.0.0"
}