{
  "ResourceType": {
    "AWS::EC2::TransitGatewayRouteTablePropagation": {
      "Documentation": "http://docs.aws.amazon.com/AWSCloudFormation/latest/UserGuide/aws-resource-ec2-transitgatewayroutetablepropagation.html",
      "Properties": {
        "TransitGatewayRouteTableId": {
          "Required": true,
          "Documentation": "http://docs.aws.amazon.com/AWSCloudFormation/latest/UserGuide/aws-resource-ec2-transitgatewayroutetablepropagation.html#cfn-ec2-transitgatewayroutetablepropagation-transitgatewayroutetableid",
          "PrimitiveType": "String",
          "UpdateType": "Immutable"
        },
        "TransitGatewayAttachmentId": {
          "Required": true,
          "Documentation": "http://docs.aws.amazon.com/AWSCloudFormation/latest/UserGuide/aws-resource-ec2-transitgatewayroutetablepropagation.html#cfn-ec2-transitgatewayroutetablepropagation-transitgatewayattachmentid",
          "PrimitiveType": "String",
          "UpdateType": "Immutable"
        }
      }
    }
  },
  "ResourceSpecificationVersion": "3.0.0"
}