{
  "PropertyTypes": {
    "Tag": {
      "Documentation": "http://docs.aws.amazon.com/AWSCloudFormation/latest/UserGuide/aws-properties-ec2-transitgateway-tag.html",
      "Properties": {
        "Value": {
          "Required": true,
          "Documentation": "http://docs.aws.amazon.com/AWSCloudFormation/latest/UserGuide/aws-properties-ec2-transitgateway-tag.html#cfn-ec2-transitgateway-tag-value",
          "PrimitiveType": "String",
          "UpdateType": "Mutable"
        },
        "Key": {
          "Required": true,
          "Documentation": "http://docs.aws.amazon.com/AWSCloudFormation/latest/UserGuide/aws-properties-ec2-transitgateway-tag.html#cfn-ec2-transitgateway-tag-key",
          "PrimitiveType": "String",
          "UpdateType": "Mutable"
        }
      }
    }
  },
  "ResourceType": {
    "AWS::EC2::TransitGateway": {
      "Documentation": "http://docs.aws.amazon.com/AWSCloudFormation/latest/UserGuide/aws-resource-ec2-transitgateway.html",
      "Properties": {
        "DefaultRouteTablePropagation": {
          "Required": false,
          "Documentation": "http://docs.aws.amazon.com/AWSCloudFormation/latest/UserGuide/aws-resource-ec2-transitgateway.html#cfn-ec2-transitgateway-defaultroutetablepropagation",
          "PrimitiveType": "String",
          "UpdateType": "Immutable"
        },
        "Description": {
          "Required": false,
          "Documentation": "http://docs.aws.amazon.com/AWSCloudFormation/latest/UserGuide/aws-resource-ec2-transitgateway.html#cfn-ec2-transitgateway-description",
          "PrimitiveType": "String",
          "UpdateType": "Immutable"
        },
        "AutoAcceptSharedAttachments": {
          "Required": false,
          "Documentation": "http://docs.aws.amazon.com/AWSCloudFormation/latest/UserGuide/aws-resource-ec2-transitgateway.html#cfn-ec2-transitgateway-autoacceptsharedattachments",
          "PrimitiveType": "String",
          "UpdateType": "Immutable"
        },
        "DefaultRouteTableAssociation": {
          "Required": false,
          "Documentation": "http://docs.aws.amazon.com/AWSCloudFormation/latest/UserGuide/aws-resource-ec2-transitgateway.html#cfn-ec2-transitgateway-defaultroutetableassociation",
          "PrimitiveType": "String",
          "UpdateType": "Immutable"
        },
        "VpnEcmpSupport": {
          "Required": false,
          "Documentation": "http://docs.aws.amazon.com/AWSCloudFormation/latest/UserGuide/aws-resource-ec2-transitgateway.html#cfn-ec2-transitgateway-vpnecmpsupport",
          "PrimitiveType": "String",
          "UpdateType": "Immutable"
        },
        "DnsSupport": {
          "Required": false,
          "Documentation": "http://docs.aws.amazon.com/AWSCloudFormation/latest/UserGuide/aws-resource-ec2-transitgateway.html#cfn-ec2-transitgateway-dnssupport",
          "PrimitiveType": "String",
          "UpdateType": "Immutable"
        },
        "AmazonSideAsn": {
          "Required": false,
          "Documentation": "http://docs.aws.amazon.com/AWSCloudFormation/latest/UserGuide/aws-resource-ec2-transitgateway.html#cfn-ec2-transitgateway-amazonsideasn",
          "PrimitiveType": "Integer",
          "UpdateType": "Immutable"
        },
        "Tags": {
          "Type": "List",
          "Required": false,
          "Documentation": "http://docs.aws.amazon.com/AWSCloudFormation/latest/UserGuide/aws-resource-ec2-transitgateway.html#cfn-ec2-transitgateway-tags",
          "ItemType": "Tag",
          "UpdateType": "Immutable"
        }
      }
    }
  },
  "ResourceSpecificationVersion": "3.0.0"
}