{
  "ResourceType": {
    "AWS::EC2::VPCEndpointServicePermissions": {
      "Documentation": "http://docs.aws.amazon.com/AWSCloudFormation/latest/UserGuide/aws-resource-ec2-vpcendpointservicepermissions.html",
      "Properties": {
        "AllowedPrincipals": {
          "PrimitiveItemType": "String",
          "Type": "List",
          "Required": false,
          "Documentation": "http://docs.aws.amazon.com/AWSCloudFormation/latest/UserGuide/aws-resource-ec2-vpcendpointservicepermissions.html#cfn-ec2-vpcendpointservicepermissions-allowedprincipals",
          "UpdateType": "Mutable"
        },
        "ServiceId": {
          "Required": true,
          "Documentation": "http://docs.aws.amazon.com/AWSCloudFormation/latest/UserGuide/aws-resource-ec2-vpcendpointservicepermissions.html#cfn-ec2-vpcendpointservicepermissions-serviceid",
          "PrimitiveType": "String",
          "UpdateType": "Immutable"
        }
      }
    }
  },
  "ResourceSpecificationVersion": "3.0.0"
}