{
  "ResourceType": {
    "AWS::EC2::VPNConnectionRoute": {
      "Documentation": "http://docs.aws.amazon.com/AWSCloudFormation/latest/UserGuide/aws-resource-ec2-vpn-connection-route.html",
      "Properties": {
        "DestinationCidrBlock": {
          "Documentation": "http://docs.aws.amazon.com/AWSCloudFormation/latest/UserGuide/aws-resource-ec2-vpn-connection-route.html#cfn-ec2-vpnconnectionroute-cidrblock",
          "PrimitiveType": "String",
          "Required": true,
          "UpdateType": "Immutable"
        },
        "VpnConnectionId": {
          "Documentation": "http://docs.aws.amazon.com/AWSCloudFormation/latest/UserGuide/aws-resource-ec2-vpn-connection-route.html#cfn-ec2-vpnconnectionroute-connectionid",
          "PrimitiveType": "String",
          "Required": true,
          "UpdateType": "Immutable"
        }
      }
    }
  },
  "ResourceSpecificationVersion": "3.0.0"
}