{
  "ResourceType": {
    "AWS::EC2::VPCEndpointConnectionNotification": {
      "Documentation": "http://docs.aws.amazon.com/AWSCloudFormation/latest/UserGuide/aws-resource-ec2-vpcendpointconnectionnotification.html",
      "Properties": {
        "ConnectionEvents": {
          "PrimitiveItemType": "String",
          "Type": "List",
          "Required": true,
          "Documentation": "http://docs.aws.amazon.com/AWSCloudFormation/latest/UserGuide/aws-resource-ec2-vpcendpointconnectionnotification.html#cfn-ec2-vpcendpointconnectionnotification-connectionevents",
          "UpdateType": "Mutable"
        },
        "VPCEndpointId": {
          "Required": false,
          "Documentation": "http://docs.aws.amazon.com/AWSCloudFormation/latest/UserGuide/aws-resource-ec2-vpcendpointconnectionnotification.html#cfn-ec2-vpcendpointconnectionnotification-vpcendpointid",
          "PrimitiveType": "String",
          "UpdateType": "Immutable"
        },
        "ServiceId": {
          "Required": false,
          "Documentation": "http://docs.aws.amazon.com/AWSCloudFormation/latest/UserGuide/aws-resource-ec2-vpcendpointconnectionnotification.html#cfn-ec2-vpcendpointconnectionnotification-serviceid",
          "PrimitiveType": "String",
          "UpdateType": "Immutable"
        },
        "ConnectionNotificationArn": {
          "Required": true,
          "Documentation": "http://docs.aws.amazon.com/AWSCloudFormation/latest/UserGuide/aws-resource-ec2-vpcendpointconnectionnotification.html#cfn-ec2-vpcendpointconnectionnotification-connectionnotificationarn",
          "PrimitiveType": "String",
          "UpdateType": "Mutable"
        }
      }
    }
  },
  "ResourceSpecificationVersion": "3.0.0"
}