{
  "ResourceType": {
    "AWS::EC2::VolumeAttachment": {
      "Documentation": "http://docs.aws.amazon.com/AWSCloudFormation/latest/UserGuide/aws-properties-ec2-ebs-volumeattachment.html",
      "Properties": {
        "Device": {
          "Documentation": "http://docs.aws.amazon.com/AWSCloudFormation/latest/UserGuide/aws-properties-ec2-ebs-volumeattachment.html#cfn-ec2-ebs-volumeattachment-device",
          "PrimitiveType": "String",
          "Required": true,
          "UpdateType": "Immutable"
        },
        "InstanceId": {
          "Documentation": "http://docs.aws.amazon.com/AWSCloudFormation/latest/UserGuide/aws-properties-ec2-ebs-volumeattachment.html#cfn-ec2-ebs-volumeattachment-instanceid",
          "PrimitiveType": "String",
          "Required": true,
          "UpdateType": "Immutable"
        },
        "VolumeId": {
          "Documentation": "http://docs.aws.amazon.com/AWSCloudFormation/latest/UserGuide/aws-properties-ec2-ebs-volumeattachment.html#cfn-ec2-ebs-volumeattachment-volumeid",
          "PrimitiveType": "String",
          "Required": true,
          "UpdateType": "Immutable"
        }
      }
    }
  },
  "ResourceSpecificationVersion": "3.0.0"
}