{
  "ResourceType": {
    "AWS::EC2::VPCDHCPOptionsAssociation": {
      "Documentation": "http://docs.aws.amazon.com/AWSCloudFormation/latest/UserGuide/aws-resource-ec2-vpc-dhcp-options-assoc.html",
      "Properties": {
        "DhcpOptionsId": {
          "Documentation": "http://docs.aws.amazon.com/AWSCloudFormation/latest/UserGuide/aws-resource-ec2-vpc-dhcp-options-assoc.html#cfn-ec2-vpcdhcpoptionsassociation-dhcpoptionsid",
          "PrimitiveType": "String",
          "Required": true,
          "UpdateType": "Mutable"
        },
        "VpcId": {
          "Documentation": "http://docs.aws.amazon.com/AWSCloudFormation/latest/UserGuide/aws-resource-ec2-vpc-dhcp-options-assoc.html#cfn-ec2-vpcdhcpoptionsassociation-vpcid",
          "PrimitiveType": "String",
          "Required": true,
          "UpdateType": "Immutable"
        }
      }
    }
  },
  "ResourceSpecificationVersion": "3.0.0"
}