{
  "ResourceType": {
    "AWS::EC2::VPNGatewayRoutePropagation": {
      "Documentation": "http://docs.aws.amazon.com/AWSCloudFormation/latest/UserGuide/aws-resource-ec2-vpn-gatewayrouteprop.html",
      "Properties": {
        "RouteTableIds": {
          "Documentation": "http://docs.aws.amazon.com/AWSCloudFormation/latest/UserGuide/aws-resource-ec2-vpn-gatewayrouteprop.html#cfn-ec2-vpngatewayrouteprop-routetableids",
          "DuplicatesAllowed": true,
          "PrimitiveItemType": "String",
          "Required": true,
          "Type": "List",
          "UpdateType": "Mutable"
        },
        "VpnGatewayId": {
          "Documentation": "http://docs.aws.amazon.com/AWSCloudFormation/latest/UserGuide/aws-resource-ec2-vpn-gatewayrouteprop.html#cfn-ec2-vpngatewayrouteprop-vpngatewayid",
          "PrimitiveType": "String",
          "Required": true,
          "UpdateType": "Mutable"
        }
      }
    }
  },
  "ResourceSpecificationVersion": "3.0.0"
}