{
  "PropertyTypes": {
    "AWS::EC2::VPNConnection.VpnTunnelOptionsSpecification": {
      "Documentation": "http://docs.aws.amazon.com/AWSCloudFormation/latest/UserGuide/aws-properties-ec2-vpnconnection-vpntunneloptionsspecification.html",
      "Properties": {
        "PreSharedKey": {
          "Documentation": "http://docs.aws.amazon.com/AWSCloudFormation/latest/UserGuide/aws-properties-ec2-vpnconnection-vpntunneloptionsspecification.html#cfn-ec2-vpnconnection-vpntunneloptionsspecification-presharedkey",
          "PrimitiveType": "String",
          "Required": false,
          "UpdateType": "Immutable"
        },
        "TunnelInsideCidr": {
          "Documentation": "http://docs.aws.amazon.com/AWSCloudFormation/latest/UserGuide/aws-properties-ec2-vpnconnection-vpntunneloptionsspecification.html#cfn-ec2-vpnconnection-vpntunneloptionsspecification-tunnelinsidecidr",
          "PrimitiveType": "String",
          "Required": false,
          "UpdateType": "Immutable"
        }
      }
    },
    "Tag": {
      "Documentation": "http://docs.aws.amazon.com/AWSCloudFormation/latest/UserGuide/aws-properties-resource-tags.html",
      "Properties": {
        "Key": {
          "Documentation": "http://docs.aws.amazon.com/AWSCloudFormation/latest/UserGuide/aws-properties-resource-tags.html#cfn-resource-tags-key",
          "PrimitiveType": "String",
          "Required": true,
          "UpdateType": "Mutable"
        },
        "Value": {
          "Documentation": "http://docs.aws.amazon.com/AWSCloudFormation/latest/UserGuide/aws-properties-resource-tags.html#cfn-resource-tags-value",
          "PrimitiveType": "String",
          "Required": true,
          "UpdateType": "Mutable"
        }
      }
    }
  },
  "ResourceType": {
    "AWS::EC2::VPNConnection": {
      "Documentation": "http://docs.aws.amazon.com/AWSCloudFormation/latest/UserGuide/aws-resource-ec2-vpn-connection.html",
      "Properties": {
        "CustomerGatewayId": {
          "Documentation": "http://docs.aws.amazon.com/AWSCloudFormation/latest/UserGuide/aws-resource-ec2-vpn-connection.html#cfn-ec2-vpnconnection-customergatewayid",
          "PrimitiveType": "String",
          "Required": true,
          "UpdateType": "Immutable"
        },
        "StaticRoutesOnly": {
          "Documentation": "http://docs.aws.amazon.com/AWSCloudFormation/latest/UserGuide/aws-resource-ec2-vpn-connection.html#cfn-ec2-vpnconnection-StaticRoutesOnly",
          "PrimitiveType": "Boolean",
          "Required": false,
          "UpdateType": "Immutable"
        },
        "Tags": {
          "Documentation": "http://docs.aws.amazon.com/AWSCloudFormation/latest/UserGuide/aws-resource-ec2-vpn-connection.html#cfn-ec2-vpnconnection-tags",
          "DuplicatesAllowed": true,
          "ItemType": "Tag",
          "Required": false,
          "Type": "List",
          "UpdateType": "Mutable"
        },
        "Type": {
          "Documentation": "http://docs.aws.amazon.com/AWSCloudFormation/latest/UserGuide/aws-resource-ec2-vpn-connection.html#cfn-ec2-vpnconnection-type",
          "PrimitiveType": "String",
          "Required": true,
          "UpdateType": "Immutable"
        },
        "VpnGatewayId": {
          "Documentation": "http://docs.aws.amazon.com/AWSCloudFormation/latest/UserGuide/aws-resource-ec2-vpn-connection.html#cfn-ec2-vpnconnection-vpngatewayid",
          "PrimitiveType": "String",
          "Required": true,
          "UpdateType": "Immutable"
        },
        "VpnTunnelOptionsSpecifications": {
          "Documentation": "http://docs.aws.amazon.com/AWSCloudFormation/latest/UserGuide/aws-resource-ec2-vpn-connection.html#cfn-ec2-vpnconnection-vpntunneloptionsspecifications",
          "DuplicatesAllowed": false,
          "ItemType": "VpnTunnelOptionsSpecification",
          "Required": false,
          "Type": "List",
          "UpdateType": "Immutable"
        }
      }
    }
  },
  "ResourceSpecificationVersion": "3.0.0"
}