{
  "ResourceType": {
    "AWS::EC2::VPCCidrBlock": {
      "Documentation": "http://docs.aws.amazon.com/AWSCloudFormation/latest/UserGuide/aws-resource-ec2-vpccidrblock.html",
      "Properties": {
        "AmazonProvidedIpv6CidrBlock": {
          "Documentation": "http://docs.aws.amazon.com/AWSCloudFormation/latest/UserGuide/aws-resource-ec2-vpccidrblock.html#cfn-ec2-vpccidrblock-amazonprovidedipv6cidrblock",
          "PrimitiveType": "Boolean",
          "Required": false,
          "UpdateType": "Immutable"
        },
        "CidrBlock": {
          "Documentation": "http://docs.aws.amazon.com/AWSCloudFormation/latest/UserGuide/aws-resource-ec2-vpccidrblock.html#cfn-ec2-vpccidrblock-cidrblock",
          "PrimitiveType": "String",
          "Required": false,
          "UpdateType": "Immutable"
        },
        "VpcId": {
          "Documentation": "http://docs.aws.amazon.com/AWSCloudFormation/latest/UserGuide/aws-resource-ec2-vpccidrblock.html#cfn-ec2-vpccidrblock-vpcid",
          "PrimitiveType": "String",
          "Required": true,
          "UpdateType": "Immutable"
        }
      }
    }
  },
  "ResourceSpecificationVersion": "3.0.0"
}