{
  "PropertyTypes": {
    "AWS::ECR::Repository.LifecyclePolicy": {
      "Documentation": "http://docs.aws.amazon.com/AWSCloudFormation/latest/UserGuide/aws-properties-ecr-repository-lifecyclepolicy.html",
      "Properties": {
        "LifecyclePolicyText": {
          "Documentation": "http://docs.aws.amazon.com/AWSCloudFormation/latest/UserGuide/aws-properties-ecr-repository-lifecyclepolicy.html#cfn-ecr-repository-lifecyclepolicy-lifecyclepolicytext",
          "PrimitiveType": "String",
          "Required": false,
          "UpdateType": "Mutable"
        },
        "RegistryId": {
          "Documentation": "http://docs.aws.amazon.com/AWSCloudFormation/latest/UserGuide/aws-properties-ecr-repository-lifecyclepolicy.html#cfn-ecr-repository-lifecyclepolicy-registryid",
          "PrimitiveType": "String",
          "Required": false,
          "UpdateType": "Mutable"
        }
      }
    }
  },
  "ResourceType": {
    "AWS::ECR::Repository": {
      "Attributes": {
        "Arn": {
          "PrimitiveType": "String"
        }
      },
      "Documentation": "http://docs.aws.amazon.com/AWSCloudFormation/latest/UserGuide/aws-resource-ecr-repository.html",
      "Properties": {
        "LifecyclePolicy": {
          "Documentation": "http://docs.aws.amazon.com/AWSCloudFormation/latest/UserGuide/aws-resource-ecr-repository.html#cfn-ecr-repository-lifecyclepolicy",
          "Required": false,
          "Type": "LifecyclePolicy",
          "UpdateType": "Mutable"
        },
        "RepositoryName": {
          "Documentation": "http://docs.aws.amazon.com/AWSCloudFormation/latest/UserGuide/aws-resource-ecr-repository.html#cfn-ecr-repository-repositoryname",
          "PrimitiveType": "String",
          "Required": false,
          "UpdateType": "Immutable"
        },
        "RepositoryPolicyText": {
          "Documentation": "http://docs.aws.amazon.com/AWSCloudFormation/latest/UserGuide/aws-resource-ecr-repository.html#cfn-ecr-repository-repositorypolicytext",
          "PrimitiveType": "Json",
          "Required": false,
          "UpdateType": "Mutable"
        }
      }
    }
  },
  "ResourceSpecificationVersion": "3.0.0"
}