{
  "PropertyTypes": {
    "AWS::ECS::Service.AwsVpcConfiguration": {
      "Documentation": "http://docs.aws.amazon.com/AWSCloudFormation/latest/UserGuide/aws-properties-ecs-service-awsvpcconfiguration.html",
      "Properties": {
        "AssignPublicIp": {
          "Documentation": "http://docs.aws.amazon.com/AWSCloudFormation/latest/UserGuide/aws-properties-ecs-service-awsvpcconfiguration.html#cfn-ecs-service-awsvpcconfiguration-assignpublicip",
          "PrimitiveType": "String",
          "Required": false,
          "UpdateType": "Mutable"
        },
        "SecurityGroups": {
          "Documentation": "http://docs.aws.amazon.com/AWSCloudFormation/latest/UserGuide/aws-properties-ecs-service-awsvpcconfiguration.html#cfn-ecs-service-awsvpcconfiguration-securitygroups",
          "DuplicatesAllowed": false,
          "PrimitiveItemType": "String",
          "Required": false,
          "Type": "List",
          "UpdateType": "Mutable"
        },
        "Subnets": {
          "Documentation": "http://docs.aws.amazon.com/AWSCloudFormation/latest/UserGuide/aws-properties-ecs-service-awsvpcconfiguration.html#cfn-ecs-service-awsvpcconfiguration-subnets",
          "DuplicatesAllowed": false,
          "PrimitiveItemType": "String",
          "Required": true,
          "Type": "List",
          "UpdateType": "Mutable"
        }
      }
    },
    "AWS::ECS::Service.DeploymentConfiguration": {
      "Documentation": "http://docs.aws.amazon.com/AWSCloudFormation/latest/UserGuide/aws-properties-ecs-service-deploymentconfiguration.html",
      "Properties": {
        "MaximumPercent": {
          "Documentation": "http://docs.aws.amazon.com/AWSCloudFormation/latest/UserGuide/aws-properties-ecs-service-deploymentconfiguration.html#cfn-ecs-service-deploymentconfiguration-maximumpercent",
          "PrimitiveType": "Integer",
          "Required": false,
          "UpdateType": "Mutable"
        },
        "MinimumHealthyPercent": {
          "Documentation": "http://docs.aws.amazon.com/AWSCloudFormation/latest/UserGuide/aws-properties-ecs-service-deploymentconfiguration.html#cfn-ecs-service-deploymentconfiguration-minimumhealthypercent",
          "PrimitiveType": "Integer",
          "Required": false,
          "UpdateType": "Mutable"
        }
      }
    },
    "AWS::ECS::Service.LoadBalancer": {
      "Documentation": "http://docs.aws.amazon.com/AWSCloudFormation/latest/UserGuide/aws-properties-ecs-service-loadbalancers.html",
      "Properties": {
        "ContainerName": {
          "Documentation": "http://docs.aws.amazon.com/AWSCloudFormation/latest/UserGuide/aws-properties-ecs-service-loadbalancers.html#cfn-ecs-service-loadbalancers-containername",
          "PrimitiveType": "String",
          "Required": false,
          "UpdateType": "Immutable"
        },
        "ContainerPort": {
          "Documentation": "http://docs.aws.amazon.com/AWSCloudFormation/latest/UserGuide/aws-properties-ecs-service-loadbalancers.html#cfn-ecs-service-loadbalancers-containerport",
          "PrimitiveType": "Integer",
          "Required": true,
          "UpdateType": "Immutable"
        },
        "LoadBalancerName": {
          "Documentation": "http://docs.aws.amazon.com/AWSCloudFormation/latest/UserGuide/aws-properties-ecs-service-loadbalancers.html#cfn-ecs-service-loadbalancers-loadbalancername",
          "PrimitiveType": "String",
          "Required": false,
          "UpdateType": "Immutable"
        },
        "TargetGroupArn": {
          "Documentation": "http://docs.aws.amazon.com/AWSCloudFormation/latest/UserGuide/aws-properties-ecs-service-loadbalancers.html#cfn-ecs-service-loadbalancers-targetgrouparn",
          "PrimitiveType": "String",
          "Required": false,
          "UpdateType": "Immutable"
        }
      }
    },
    "AWS::ECS::Service.NetworkConfiguration": {
      "Documentation": "http://docs.aws.amazon.com/AWSCloudFormation/latest/UserGuide/aws-properties-ecs-service-networkconfiguration.html",
      "Properties": {
        "AwsvpcConfiguration": {
          "Documentation": "http://docs.aws.amazon.com/AWSCloudFormation/latest/UserGuide/aws-properties-ecs-service-networkconfiguration.html#cfn-ecs-service-networkconfiguration-awsvpcconfiguration",
          "Required": false,
          "Type": "AwsVpcConfiguration",
          "UpdateType": "Mutable"
        }
      }
    },
    "AWS::ECS::Service.PlacementConstraint": {
      "Documentation": "http://docs.aws.amazon.com/AWSCloudFormation/latest/UserGuide/aws-properties-ecs-service-placementconstraint.html",
      "Properties": {
        "Expression": {
          "Documentation": "http://docs.aws.amazon.com/AWSCloudFormation/latest/UserGuide/aws-properties-ecs-service-placementconstraint.html#cfn-ecs-service-placementconstraint-expression",
          "PrimitiveType": "String",
          "Required": false,
          "UpdateType": "Immutable"
        },
        "Type": {
          "Documentation": "http://docs.aws.amazon.com/AWSCloudFormation/latest/UserGuide/aws-properties-ecs-service-placementconstraint.html#cfn-ecs-service-placementconstraint-type",
          "PrimitiveType": "String",
          "Required": true,
          "UpdateType": "Immutable"
        }
      }
    },
    "AWS::ECS::Service.PlacementStrategy": {
      "Documentation": "http://docs.aws.amazon.com/AWSCloudFormation/latest/UserGuide/aws-properties-ecs-service-placementstrategy.html",
      "Properties": {
        "Field": {
          "Documentation": "http://docs.aws.amazon.com/AWSCloudFormation/latest/UserGuide/aws-properties-ecs-service-placementstrategy.html#cfn-ecs-service-placementstrategy-field",
          "PrimitiveType": "String",
          "Required": false,
          "UpdateType": "Immutable"
        },
        "Type": {
          "Documentation": "http://docs.aws.amazon.com/AWSCloudFormation/latest/UserGuide/aws-properties-ecs-service-placementstrategy.html#cfn-ecs-service-placementstrategy-type",
          "PrimitiveType": "String",
          "Required": true,
          "UpdateType": "Immutable"
        }
      }
    },
    "AWS::ECS::Service.ServiceRegistry": {
      "Documentation": "http://docs.aws.amazon.com/AWSCloudFormation/latest/UserGuide/aws-properties-ecs-service-serviceregistry.html",
      "Properties": {
        "ContainerName": {
          "Documentation": "http://docs.aws.amazon.com/AWSCloudFormation/latest/UserGuide/aws-properties-ecs-service-serviceregistry.html#cfn-ecs-service-serviceregistry-containername",
          "PrimitiveType": "String",
          "Required": false,
          "UpdateType": "Immutable"
        },
        "ContainerPort": {
          "Documentation": "http://docs.aws.amazon.com/AWSCloudFormation/latest/UserGuide/aws-properties-ecs-service-serviceregistry.html#cfn-ecs-service-serviceregistry-containerport",
          "PrimitiveType": "Integer",
          "Required": false,
          "UpdateType": "Immutable"
        },
        "Port": {
          "Documentation": "http://docs.aws.amazon.com/AWSCloudFormation/latest/UserGuide/aws-properties-ecs-service-serviceregistry.html#cfn-ecs-service-serviceregistry-port",
          "PrimitiveType": "Integer",
          "Required": false,
          "UpdateType": "Immutable"
        },
        "RegistryArn": {
          "Documentation": "http://docs.aws.amazon.com/AWSCloudFormation/latest/UserGuide/aws-properties-ecs-service-serviceregistry.html#cfn-ecs-service-serviceregistry-registryarn",
          "PrimitiveType": "String",
          "Required": false,
          "UpdateType": "Immutable"
        }
      }
    }
  },
  "ResourceType": {
    "AWS::ECS::Service": {
      "Attributes": {
        "Name": {
          "PrimitiveType": "String"
        }
      },
      "Documentation": "http://docs.aws.amazon.com/AWSCloudFormation/latest/UserGuide/aws-resource-ecs-service.html",
      "Properties": {
        "Cluster": {
          "Documentation": "http://docs.aws.amazon.com/AWSCloudFormation/latest/UserGuide/aws-resource-ecs-service.html#cfn-ecs-service-cluster",
          "PrimitiveType": "String",
          "Required": false,
          "UpdateType": "Immutable"
        },
        "DeploymentConfiguration": {
          "Documentation": "http://docs.aws.amazon.com/AWSCloudFormation/latest/UserGuide/aws-resource-ecs-service.html#cfn-ecs-service-deploymentconfiguration",
          "Required": false,
          "Type": "DeploymentConfiguration",
          "UpdateType": "Mutable"
        },
        "DesiredCount": {
          "Documentation": "http://docs.aws.amazon.com/AWSCloudFormation/latest/UserGuide/aws-resource-ecs-service.html#cfn-ecs-service-desiredcount",
          "PrimitiveType": "Integer",
          "Required": false,
          "UpdateType": "Mutable"
        },
        "HealthCheckGracePeriodSeconds": {
          "Documentation": "http://docs.aws.amazon.com/AWSCloudFormation/latest/UserGuide/aws-resource-ecs-service.html#cfn-ecs-service-healthcheckgraceperiodseconds",
          "PrimitiveType": "Integer",
          "Required": false,
          "UpdateType": "Mutable"
        },
        "LaunchType": {
          "Documentation": "http://docs.aws.amazon.com/AWSCloudFormation/latest/UserGuide/aws-resource-ecs-service.html#cfn-ecs-service-launchtype",
          "PrimitiveType": "String",
          "Required": false,
          "UpdateType": "Immutable"
        },
        "LoadBalancers": {
          "Documentation": "http://docs.aws.amazon.com/AWSCloudFormation/latest/UserGuide/aws-resource-ecs-service.html#cfn-ecs-service-loadbalancers",
          "DuplicatesAllowed": false,
          "ItemType": "LoadBalancer",
          "Required": false,
          "Type": "List",
          "UpdateType": "Immutable"
        },
        "NetworkConfiguration": {
          "Documentation": "http://docs.aws.amazon.com/AWSCloudFormation/latest/UserGuide/aws-resource-ecs-service.html#cfn-ecs-service-networkconfiguration",
          "Required": false,
          "Type": "NetworkConfiguration",
          "UpdateType": "Mutable"
        },
        "PlacementConstraints": {
          "Documentation": "http://docs.aws.amazon.com/AWSCloudFormation/latest/UserGuide/aws-resource-ecs-service.html#cfn-ecs-service-placementconstraints",
          "DuplicatesAllowed": false,
          "ItemType": "PlacementConstraint",
          "Required": false,
          "Type": "List",
          "UpdateType": "Immutable"
        },
        "PlacementStrategies": {
          "Documentation": "http://docs.aws.amazon.com/AWSCloudFormation/latest/UserGuide/aws-resource-ecs-service.html#cfn-ecs-service-placementstrategies",
          "DuplicatesAllowed": false,
          "ItemType": "PlacementStrategy",
          "Required": false,
          "Type": "List",
          "UpdateType": "Immutable"
        },
        "PlatformVersion": {
          "Documentation": "http://docs.aws.amazon.com/AWSCloudFormation/latest/UserGuide/aws-resource-ecs-service.html#cfn-ecs-service-platformversion",
          "PrimitiveType": "String",
          "Required": false,
          "UpdateType": "Immutable"
        },
        "Role": {
          "Documentation": "http://docs.aws.amazon.com/AWSCloudFormation/latest/UserGuide/aws-resource-ecs-service.html#cfn-ecs-service-role",
          "PrimitiveType": "String",
          "Required": false,
          "UpdateType": "Immutable"
        },
        "SchedulingStrategy": {
          "Documentation": "http://docs.aws.amazon.com/AWSCloudFormation/latest/UserGuide/aws-resource-ecs-service.html#cfn-ecs-service-schedulingstrategy",
          "PrimitiveType": "String",
          "Required": false,
          "UpdateType": "Immutable"
        },
        "ServiceName": {
          "Documentation": "http://docs.aws.amazon.com/AWSCloudFormation/latest/UserGuide/aws-resource-ecs-service.html#cfn-ecs-service-servicename",
          "PrimitiveType": "String",
          "Required": false,
          "UpdateType": "Immutable"
        },
        "ServiceRegistries": {
          "Documentation": "http://docs.aws.amazon.com/AWSCloudFormation/latest/UserGuide/aws-resource-ecs-service.html#cfn-ecs-service-serviceregistries",
          "DuplicatesAllowed": false,
          "ItemType": "ServiceRegistry",
          "Required": false,
          "Type": "List",
          "UpdateType": "Immutable"
        },
        "TaskDefinition": {
          "Documentation": "http://docs.aws.amazon.com/AWSCloudFormation/latest/UserGuide/aws-resource-ecs-service.html#cfn-ecs-service-taskdefinition",
          "PrimitiveType": "String",
          "Required": true,
          "UpdateType": "Mutable"
        }
      }
    }
  },
  "ResourceSpecificationVersion": "3.0.0"
}