{
  "PropertyTypes": {
    "AWS::ECS::TaskDefinition.ContainerDefinition": {
      "Documentation": "http://docs.aws.amazon.com/AWSCloudFormation/latest/UserGuide/aws-properties-ecs-taskdefinition-containerdefinitions.html",
      "Properties": {
        "Command": {
          "Documentation": "http://docs.aws.amazon.com/AWSCloudFormation/latest/UserGuide/aws-properties-ecs-taskdefinition-containerdefinitions.html#cfn-ecs-taskdefinition-containerdefinition-command",
          "DuplicatesAllowed": false,
          "PrimitiveItemType": "String",
          "Required": false,
          "Type": "List",
          "UpdateType": "Immutable"
        },
        "Cpu": {
          "Documentation": "http://docs.aws.amazon.com/AWSCloudFormation/latest/UserGuide/aws-properties-ecs-taskdefinition-containerdefinitions.html#cfn-ecs-taskdefinition-containerdefinition-cpu",
          "PrimitiveType": "Integer",
          "Required": false,
          "UpdateType": "Immutable"
        },
        "DisableNetworking": {
          "Documentation": "http://docs.aws.amazon.com/AWSCloudFormation/latest/UserGuide/aws-properties-ecs-taskdefinition-containerdefinitions.html#cfn-ecs-taskdefinition-containerdefinition-disablenetworking",
          "PrimitiveType": "Boolean",
          "Required": false,
          "UpdateType": "Immutable"
        },
        "DnsSearchDomains": {
          "Documentation": "http://docs.aws.amazon.com/AWSCloudFormation/latest/UserGuide/aws-properties-ecs-taskdefinition-containerdefinitions.html#cfn-ecs-taskdefinition-containerdefinition-dnssearchdomains",
          "DuplicatesAllowed": false,
          "PrimitiveItemType": "String",
          "Required": false,
          "Type": "List",
          "UpdateType": "Immutable"
        },
        "DnsServers": {
          "Documentation": "http://docs.aws.amazon.com/AWSCloudFormation/latest/UserGuide/aws-properties-ecs-taskdefinition-containerdefinitions.html#cfn-ecs-taskdefinition-containerdefinition-dnsservers",
          "DuplicatesAllowed": false,
          "PrimitiveItemType": "String",
          "Required": false,
          "Type": "List",
          "UpdateType": "Immutable"
        },
        "DockerLabels": {
          "Documentation": "http://docs.aws.amazon.com/AWSCloudFormation/latest/UserGuide/aws-properties-ecs-taskdefinition-containerdefinitions.html#cfn-ecs-taskdefinition-containerdefinition-dockerlabels",
          "DuplicatesAllowed": false,
          "PrimitiveItemType": "String",
          "Required": false,
          "Type": "Map",
          "UpdateType": "Immutable"
        },
        "DockerSecurityOptions": {
          "Documentation": "http://docs.aws.amazon.com/AWSCloudFormation/latest/UserGuide/aws-properties-ecs-taskdefinition-containerdefinitions.html#cfn-ecs-taskdefinition-containerdefinition-dockersecurityoptions",
          "DuplicatesAllowed": false,
          "PrimitiveItemType": "String",
          "Required": false,
          "Type": "List",
          "UpdateType": "Immutable"
        },
        "EntryPoint": {
          "Documentation": "http://docs.aws.amazon.com/AWSCloudFormation/latest/UserGuide/aws-properties-ecs-taskdefinition-containerdefinitions.html#cfn-ecs-taskdefinition-containerdefinition-entrypoint",
          "DuplicatesAllowed": false,
          "PrimitiveItemType": "String",
          "Required": false,
          "Type": "List",
          "UpdateType": "Immutable"
        },
        "Environment": {
          "Documentation": "http://docs.aws.amazon.com/AWSCloudFormation/latest/UserGuide/aws-properties-ecs-taskdefinition-containerdefinitions.html#cfn-ecs-taskdefinition-containerdefinition-environment",
          "DuplicatesAllowed": false,
          "ItemType": "KeyValuePair",
          "Required": false,
          "Type": "List",
          "UpdateType": "Immutable"
        },
        "Essential": {
          "Documentation": "http://docs.aws.amazon.com/AWSCloudFormation/latest/UserGuide/aws-properties-ecs-taskdefinition-containerdefinitions.html#cfn-ecs-taskdefinition-containerdefinition-essential",
          "PrimitiveType": "Boolean",
          "Required": false,
          "UpdateType": "Immutable"
        },
        "ExtraHosts": {
          "Documentation": "http://docs.aws.amazon.com/AWSCloudFormation/latest/UserGuide/aws-properties-ecs-taskdefinition-containerdefinitions.html#cfn-ecs-taskdefinition-containerdefinition-extrahosts",
          "DuplicatesAllowed": false,
          "ItemType": "HostEntry",
          "Required": false,
          "Type": "List",
          "UpdateType": "Immutable"
        },
        "HealthCheck": {
          "Documentation": "http://docs.aws.amazon.com/AWSCloudFormation/latest/UserGuide/aws-properties-ecs-taskdefinition-containerdefinitions.html#cfn-ecs-taskdefinition-containerdefinition-healthcheck",
          "Required": false,
          "Type": "HealthCheck",
          "UpdateType": "Immutable"
        },
        "Hostname": {
          "Documentation": "http://docs.aws.amazon.com/AWSCloudFormation/latest/UserGuide/aws-properties-ecs-taskdefinition-containerdefinitions.html#cfn-ecs-taskdefinition-containerdefinition-hostname",
          "PrimitiveType": "String",
          "Required": false,
          "UpdateType": "Immutable"
        },
        "Image": {
          "Documentation": "http://docs.aws.amazon.com/AWSCloudFormation/latest/UserGuide/aws-properties-ecs-taskdefinition-containerdefinitions.html#cfn-ecs-taskdefinition-containerdefinition-image",
          "PrimitiveType": "String",
          "Required": false,
          "UpdateType": "Immutable"
        },
        "Links": {
          "Documentation": "http://docs.aws.amazon.com/AWSCloudFormation/latest/UserGuide/aws-properties-ecs-taskdefinition-containerdefinitions.html#cfn-ecs-taskdefinition-containerdefinition-links",
          "DuplicatesAllowed": false,
          "PrimitiveItemType": "String",
          "Required": false,
          "Type": "List",
          "UpdateType": "Immutable"
        },
        "LinuxParameters": {
          "Documentation": "http://docs.aws.amazon.com/AWSCloudFormation/latest/UserGuide/aws-properties-ecs-taskdefinition-containerdefinitions.html#cfn-ecs-taskdefinition-containerdefinition-linuxparameters",
          "Required": false,
          "Type": "LinuxParameters",
          "UpdateType": "Immutable"
        },
        "LogConfiguration": {
          "Documentation": "http://docs.aws.amazon.com/AWSCloudFormation/latest/UserGuide/aws-properties-ecs-taskdefinition-containerdefinitions.html#cfn-ecs-taskdefinition-containerdefinition-logconfiguration",
          "Required": false,
          "Type": "LogConfiguration",
          "UpdateType": "Immutable"
        },
        "Memory": {
          "Documentation": "http://docs.aws.amazon.com/AWSCloudFormation/latest/UserGuide/aws-properties-ecs-taskdefinition-containerdefinitions.html#cfn-ecs-taskdefinition-containerdefinition-memory",
          "PrimitiveType": "Integer",
          "Required": false,
          "UpdateType": "Immutable"
        },
        "MemoryReservation": {
          "Documentation": "http://docs.aws.amazon.com/AWSCloudFormation/latest/UserGuide/aws-properties-ecs-taskdefinition-containerdefinitions.html#cfn-ecs-taskdefinition-containerdefinition-memoryreservation",
          "PrimitiveType": "Integer",
          "Required": false,
          "UpdateType": "Immutable"
        },
        "MountPoints": {
          "Documentation": "http://docs.aws.amazon.com/AWSCloudFormation/latest/UserGuide/aws-properties-ecs-taskdefinition-containerdefinitions.html#cfn-ecs-taskdefinition-containerdefinition-mountpoints",
          "DuplicatesAllowed": false,
          "ItemType": "MountPoint",
          "Required": false,
          "Type": "List",
          "UpdateType": "Immutable"
        },
        "Name": {
          "Documentation": "http://docs.aws.amazon.com/AWSCloudFormation/latest/UserGuide/aws-properties-ecs-taskdefinition-containerdefinitions.html#cfn-ecs-taskdefinition-containerdefinition-name",
          "PrimitiveType": "String",
          "Required": false,
          "UpdateType": "Immutable"
        },
        "PortMappings": {
          "Documentation": "http://docs.aws.amazon.com/AWSCloudFormation/latest/UserGuide/aws-properties-ecs-taskdefinition-containerdefinitions.html#cfn-ecs-taskdefinition-containerdefinition-portmappings",
          "DuplicatesAllowed": false,
          "ItemType": "PortMapping",
          "Required": false,
          "Type": "List",
          "UpdateType": "Immutable"
        },
        "Privileged": {
          "Documentation": "http://docs.aws.amazon.com/AWSCloudFormation/latest/UserGuide/aws-properties-ecs-taskdefinition-containerdefinitions.html#cfn-ecs-taskdefinition-containerdefinition-privileged",
          "PrimitiveType": "Boolean",
          "Required": false,
          "UpdateType": "Immutable"
        },
        "ReadonlyRootFilesystem": {
          "Documentation": "http://docs.aws.amazon.com/AWSCloudFormation/latest/UserGuide/aws-properties-ecs-taskdefinition-containerdefinitions.html#cfn-ecs-taskdefinition-containerdefinition-readonlyrootfilesystem",
          "PrimitiveType": "Boolean",
          "Required": false,
          "UpdateType": "Immutable"
        },
        "RepositoryCredentials": {
          "Documentation": "http://docs.aws.amazon.com/AWSCloudFormation/latest/UserGuide/aws-properties-ecs-taskdefinition-containerdefinitions.html#cfn-ecs-taskdefinition-containerdefinition-repositorycredentials",
          "Required": false,
          "Type": "RepositoryCredentials",
          "UpdateType": "Immutable"
        },
        "Ulimits": {
          "Documentation": "http://docs.aws.amazon.com/AWSCloudFormation/latest/UserGuide/aws-properties-ecs-taskdefinition-containerdefinitions.html#cfn-ecs-taskdefinition-containerdefinition-ulimits",
          "DuplicatesAllowed": false,
          "ItemType": "Ulimit",
          "Required": false,
          "Type": "List",
          "UpdateType": "Immutable"
        },
        "User": {
          "Documentation": "http://docs.aws.amazon.com/AWSCloudFormation/latest/UserGuide/aws-properties-ecs-taskdefinition-containerdefinitions.html#cfn-ecs-taskdefinition-containerdefinition-user",
          "PrimitiveType": "String",
          "Required": false,
          "UpdateType": "Immutable"
        },
        "VolumesFrom": {
          "Documentation": "http://docs.aws.amazon.com/AWSCloudFormation/latest/UserGuide/aws-properties-ecs-taskdefinition-containerdefinitions.html#cfn-ecs-taskdefinition-containerdefinition-volumesfrom",
          "DuplicatesAllowed": false,
          "ItemType": "VolumeFrom",
          "Required": false,
          "Type": "List",
          "UpdateType": "Immutable"
        },
        "WorkingDirectory": {
          "Documentation": "http://docs.aws.amazon.com/AWSCloudFormation/latest/UserGuide/aws-properties-ecs-taskdefinition-containerdefinitions.html#cfn-ecs-taskdefinition-containerdefinition-workingdirectory",
          "PrimitiveType": "String",
          "Required": false,
          "UpdateType": "Immutable"
        }
      }
    },
    "AWS::ECS::TaskDefinition.Device": {
      "Documentation": "http://docs.aws.amazon.com/AWSCloudFormation/latest/UserGuide/aws-properties-ecs-taskdefinition-device.html",
      "Properties": {
        "ContainerPath": {
          "Documentation": "http://docs.aws.amazon.com/AWSCloudFormation/latest/UserGuide/aws-properties-ecs-taskdefinition-device.html#cfn-ecs-taskdefinition-device-containerpath",
          "PrimitiveType": "String",
          "Required": false,
          "UpdateType": "Immutable"
        },
        "HostPath": {
          "Documentation": "http://docs.aws.amazon.com/AWSCloudFormation/latest/UserGuide/aws-properties-ecs-taskdefinition-device.html#cfn-ecs-taskdefinition-device-hostpath",
          "PrimitiveType": "String",
          "Required": true,
          "UpdateType": "Immutable"
        },
        "Permissions": {
          "Documentation": "http://docs.aws.amazon.com/AWSCloudFormation/latest/UserGuide/aws-properties-ecs-taskdefinition-device.html#cfn-ecs-taskdefinition-device-permissions",
          "DuplicatesAllowed": false,
          "PrimitiveItemType": "String",
          "Required": false,
          "Type": "List",
          "UpdateType": "Immutable"
        }
      }
    },
    "AWS::ECS::TaskDefinition.DockerVolumeConfiguration": {
      "Documentation": "http://docs.aws.amazon.com/AWSCloudFormation/latest/UserGuide/aws-properties-ecs-taskdefinition-dockervolumeconfiguration.html",
      "Properties": {
        "Autoprovision": {
          "Documentation": "http://docs.aws.amazon.com/AWSCloudFormation/latest/UserGuide/aws-properties-ecs-taskdefinition-dockervolumeconfiguration.html#cfn-ecs-taskdefinition-dockervolumeconfiguration-autoprovision",
          "PrimitiveType": "Boolean",
          "Required": false,
          "UpdateType": "Immutable"
        },
        "Driver": {
          "Documentation": "http://docs.aws.amazon.com/AWSCloudFormation/latest/UserGuide/aws-properties-ecs-taskdefinition-dockervolumeconfiguration.html#cfn-ecs-taskdefinition-dockervolumeconfiguration-driver",
          "PrimitiveType": "String",
          "Required": false,
          "UpdateType": "Immutable"
        },
        "DriverOpts": {
          "Documentation": "http://docs.aws.amazon.com/AWSCloudFormation/latest/UserGuide/aws-properties-ecs-taskdefinition-dockervolumeconfiguration.html#cfn-ecs-taskdefinition-dockervolumeconfiguration-driveropts",
          "DuplicatesAllowed": false,
          "PrimitiveItemType": "String",
          "Required": false,
          "Type": "Map",
          "UpdateType": "Immutable"
        },
        "Labels": {
          "Documentation": "http://docs.aws.amazon.com/AWSCloudFormation/latest/UserGuide/aws-properties-ecs-taskdefinition-dockervolumeconfiguration.html#cfn-ecs-taskdefinition-dockervolumeconfiguration-labels",
          "DuplicatesAllowed": false,
          "PrimitiveItemType": "String",
          "Required": false,
          "Type": "Map",
          "UpdateType": "Immutable"
        },
        "Scope": {
          "Documentation": "http://docs.aws.amazon.com/AWSCloudFormation/latest/UserGuide/aws-properties-ecs-taskdefinition-dockervolumeconfiguration.html#cfn-ecs-taskdefinition-dockervolumeconfiguration-scope",
          "PrimitiveType": "String",
          "Required": false,
          "UpdateType": "Immutable"
        }
      }
    },
    "AWS::ECS::TaskDefinition.HealthCheck": {
      "Documentation": "http://docs.aws.amazon.com/AWSCloudFormation/latest/UserGuide/aws-properties-ecs-taskdefinition-healthcheck.html",
      "Properties": {
        "Command": {
          "Documentation": "http://docs.aws.amazon.com/AWSCloudFormation/latest/UserGuide/aws-properties-ecs-taskdefinition-healthcheck.html#cfn-ecs-taskdefinition-healthcheck-command",
          "DuplicatesAllowed": false,
          "PrimitiveItemType": "String",
          "Required": true,
          "Type": "List",
          "UpdateType": "Immutable"
        },
        "Interval": {
          "Documentation": "http://docs.aws.amazon.com/AWSCloudFormation/latest/UserGuide/aws-properties-ecs-taskdefinition-healthcheck.html#cfn-ecs-taskdefinition-healthcheck-interval",
          "PrimitiveType": "Integer",
          "Required": false,
          "UpdateType": "Immutable"
        },
        "Retries": {
          "Documentation": "http://docs.aws.amazon.com/AWSCloudFormation/latest/UserGuide/aws-properties-ecs-taskdefinition-healthcheck.html#cfn-ecs-taskdefinition-healthcheck-retries",
          "PrimitiveType": "Integer",
          "Required": false,
          "UpdateType": "Immutable"
        },
        "StartPeriod": {
          "Documentation": "http://docs.aws.amazon.com/AWSCloudFormation/latest/UserGuide/aws-properties-ecs-taskdefinition-healthcheck.html#cfn-ecs-taskdefinition-healthcheck-startperiod",
          "PrimitiveType": "Integer",
          "Required": false,
          "UpdateType": "Immutable"
        },
        "Timeout": {
          "Documentation": "http://docs.aws.amazon.com/AWSCloudFormation/latest/UserGuide/aws-properties-ecs-taskdefinition-healthcheck.html#cfn-ecs-taskdefinition-healthcheck-timeout",
          "PrimitiveType": "Integer",
          "Required": false,
          "UpdateType": "Immutable"
        }
      }
    },
    "AWS::ECS::TaskDefinition.HostEntry": {
      "Documentation": "http://docs.aws.amazon.com/AWSCloudFormation/latest/UserGuide/aws-properties-ecs-taskdefinition-containerdefinitions-hostentry.html",
      "Properties": {
        "Hostname": {
          "Documentation": "http://docs.aws.amazon.com/AWSCloudFormation/latest/UserGuide/aws-properties-ecs-taskdefinition-containerdefinitions-hostentry.html#cfn-ecs-taskdefinition-containerdefinition-hostentry-hostname",
          "PrimitiveType": "String",
          "Required": true,
          "UpdateType": "Immutable"
        },
        "IpAddress": {
          "Documentation": "http://docs.aws.amazon.com/AWSCloudFormation/latest/UserGuide/aws-properties-ecs-taskdefinition-containerdefinitions-hostentry.html#cfn-ecs-taskdefinition-containerdefinition-hostentry-ipaddress",
          "PrimitiveType": "String",
          "Required": true,
          "UpdateType": "Immutable"
        }
      }
    },
    "AWS::ECS::TaskDefinition.HostVolumeProperties": {
      "Documentation": "http://docs.aws.amazon.com/AWSCloudFormation/latest/UserGuide/aws-properties-ecs-taskdefinition-volumes-host.html",
      "Properties": {
        "SourcePath": {
          "Documentation": "http://docs.aws.amazon.com/AWSCloudFormation/latest/UserGuide/aws-properties-ecs-taskdefinition-volumes-host.html#cfn-ecs-taskdefinition-volumes-host-sourcepath",
          "PrimitiveType": "String",
          "Required": false,
          "UpdateType": "Immutable"
        }
      }
    },
    "AWS::ECS::TaskDefinition.KernelCapabilities": {
      "Documentation": "http://docs.aws.amazon.com/AWSCloudFormation/latest/UserGuide/aws-properties-ecs-taskdefinition-kernelcapabilities.html",
      "Properties": {
        "Add": {
          "Documentation": "http://docs.aws.amazon.com/AWSCloudFormation/latest/UserGuide/aws-properties-ecs-taskdefinition-kernelcapabilities.html#cfn-ecs-taskdefinition-kernelcapabilities-add",
          "DuplicatesAllowed": false,
          "PrimitiveItemType": "String",
          "Required": false,
          "Type": "List",
          "UpdateType": "Immutable"
        },
        "Drop": {
          "Documentation": "http://docs.aws.amazon.com/AWSCloudFormation/latest/UserGuide/aws-properties-ecs-taskdefinition-kernelcapabilities.html#cfn-ecs-taskdefinition-kernelcapabilities-drop",
          "DuplicatesAllowed": false,
          "PrimitiveItemType": "String",
          "Required": false,
          "Type": "List",
          "UpdateType": "Immutable"
        }
      }
    },
    "AWS::ECS::TaskDefinition.KeyValuePair": {
      "Documentation": "http://docs.aws.amazon.com/AWSCloudFormation/latest/UserGuide/aws-properties-ecs-taskdefinition-containerdefinitions-environment.html",
      "Properties": {
        "Name": {
          "Documentation": "http://docs.aws.amazon.com/AWSCloudFormation/latest/UserGuide/aws-properties-ecs-taskdefinition-containerdefinitions-environment.html#cfn-ecs-taskdefinition-containerdefinition-environment-name",
          "PrimitiveType": "String",
          "Required": false,
          "UpdateType": "Immutable"
        },
        "Value": {
          "Documentation": "http://docs.aws.amazon.com/AWSCloudFormation/latest/UserGuide/aws-properties-ecs-taskdefinition-containerdefinitions-environment.html#cfn-ecs-taskdefinition-containerdefinition-environment-value",
          "PrimitiveType": "String",
          "Required": false,
          "UpdateType": "Immutable"
        }
      }
    },
    "AWS::ECS::TaskDefinition.LinuxParameters": {
      "Documentation": "http://docs.aws.amazon.com/AWSCloudFormation/latest/UserGuide/aws-properties-ecs-taskdefinition-linuxparameters.html",
      "Properties": {
        "Capabilities": {
          "Documentation": "http://docs.aws.amazon.com/AWSCloudFormation/latest/UserGuide/aws-properties-ecs-taskdefinition-linuxparameters.html#cfn-ecs-taskdefinition-linuxparameters-capabilities",
          "Required": false,
          "Type": "KernelCapabilities",
          "UpdateType": "Immutable"
        },
        "Devices": {
          "Documentation": "http://docs.aws.amazon.com/AWSCloudFormation/latest/UserGuide/aws-properties-ecs-taskdefinition-linuxparameters.html#cfn-ecs-taskdefinition-linuxparameters-devices",
          "DuplicatesAllowed": false,
          "ItemType": "Device",
          "Required": false,
          "Type": "List",
          "UpdateType": "Immutable"
        },
        "InitProcessEnabled": {
          "Documentation": "http://docs.aws.amazon.com/AWSCloudFormation/latest/UserGuide/aws-properties-ecs-taskdefinition-linuxparameters.html#cfn-ecs-taskdefinition-linuxparameters-initprocessenabled",
          "PrimitiveType": "Boolean",
          "Required": false,
          "UpdateType": "Immutable"
        },
        "SharedMemorySize": {
          "Documentation": "http://docs.aws.amazon.com/AWSCloudFormation/latest/UserGuide/aws-properties-ecs-taskdefinition-linuxparameters.html#cfn-ecs-taskdefinition-linuxparameters-sharedmemorysize",
          "PrimitiveType": "Integer",
          "Required": false,
          "UpdateType": "Immutable"
        },
        "Tmpfs": {
          "Documentation": "http://docs.aws.amazon.com/AWSCloudFormation/latest/UserGuide/aws-properties-ecs-taskdefinition-linuxparameters.html#cfn-ecs-taskdefinition-linuxparameters-tmpfs",
          "DuplicatesAllowed": false,
          "ItemType": "Tmpfs",
          "Required": false,
          "Type": "List",
          "UpdateType": "Immutable"
        }
      }
    },
    "AWS::ECS::TaskDefinition.LogConfiguration": {
      "Documentation": "http://docs.aws.amazon.com/AWSCloudFormation/latest/UserGuide/aws-properties-ecs-taskdefinition-containerdefinitions-logconfiguration.html",
      "Properties": {
        "LogDriver": {
          "Documentation": "http://docs.aws.amazon.com/AWSCloudFormation/latest/UserGuide/aws-properties-ecs-taskdefinition-containerdefinitions-logconfiguration.html#cfn-ecs-taskdefinition-containerdefinition-logconfiguration-logdriver",
          "PrimitiveType": "String",
          "Required": true,
          "UpdateType": "Immutable"
        },
        "Options": {
          "Documentation": "http://docs.aws.amazon.com/AWSCloudFormation/latest/UserGuide/aws-properties-ecs-taskdefinition-containerdefinitions-logconfiguration.html#cfn-ecs-taskdefinition-containerdefinition-logconfiguration-options",
          "DuplicatesAllowed": false,
          "PrimitiveItemType": "String",
          "Required": false,
          "Type": "Map",
          "UpdateType": "Immutable"
        }
      }
    },
    "AWS::ECS::TaskDefinition.MountPoint": {
      "Documentation": "http://docs.aws.amazon.com/AWSCloudFormation/latest/UserGuide/aws-properties-ecs-taskdefinition-containerdefinitions-mountpoints.html",
      "Properties": {
        "ContainerPath": {
          "Documentation": "http://docs.aws.amazon.com/AWSCloudFormation/latest/UserGuide/aws-properties-ecs-taskdefinition-containerdefinitions-mountpoints.html#cfn-ecs-taskdefinition-containerdefinition-mountpoints-containerpath",
          "PrimitiveType": "String",
          "Required": false,
          "UpdateType": "Immutable"
        },
        "ReadOnly": {
          "Documentation": "http://docs.aws.amazon.com/AWSCloudFormation/latest/UserGuide/aws-properties-ecs-taskdefinition-containerdefinitions-mountpoints.html#cfn-ecs-taskdefinition-containerdefinition-mountpoints-readonly",
          "PrimitiveType": "Boolean",
          "Required": false,
          "UpdateType": "Immutable"
        },
        "SourceVolume": {
          "Documentation": "http://docs.aws.amazon.com/AWSCloudFormation/latest/UserGuide/aws-properties-ecs-taskdefinition-containerdefinitions-mountpoints.html#cfn-ecs-taskdefinition-containerdefinition-mountpoints-sourcevolume",
          "PrimitiveType": "String",
          "Required": false,
          "UpdateType": "Immutable"
        }
      }
    },
    "AWS::ECS::TaskDefinition.PortMapping": {
      "Documentation": "http://docs.aws.amazon.com/AWSCloudFormation/latest/UserGuide/aws-properties-ecs-taskdefinition-containerdefinitions-portmappings.html",
      "Properties": {
        "ContainerPort": {
          "Documentation": "http://docs.aws.amazon.com/AWSCloudFormation/latest/UserGuide/aws-properties-ecs-taskdefinition-containerdefinitions-portmappings.html#cfn-ecs-taskdefinition-containerdefinition-portmappings-containerport",
          "PrimitiveType": "Integer",
          "Required": false,
          "UpdateType": "Immutable"
        },
        "HostPort": {
          "Documentation": "http://docs.aws.amazon.com/AWSCloudFormation/latest/UserGuide/aws-properties-ecs-taskdefinition-containerdefinitions-portmappings.html#cfn-ecs-taskdefinition-containerdefinition-portmappings-readonly",
          "PrimitiveType": "Integer",
          "Required": false,
          "UpdateType": "Immutable"
        },
        "Protocol": {
          "Documentation": "http://docs.aws.amazon.com/AWSCloudFormation/latest/UserGuide/aws-properties-ecs-taskdefinition-containerdefinitions-portmappings.html#cfn-ecs-taskdefinition-containerdefinition-portmappings-sourcevolume",
          "PrimitiveType": "String",
          "Required": false,
          "UpdateType": "Immutable"
        }
      }
    },
    "AWS::ECS::TaskDefinition.RepositoryCredentials": {
      "Documentation": "http://docs.aws.amazon.com/AWSCloudFormation/latest/UserGuide/aws-properties-ecs-taskdefinition-repositorycredentials.html",
      "Properties": {
        "CredentialsParameter": {
          "Documentation": "http://docs.aws.amazon.com/AWSCloudFormation/latest/UserGuide/aws-properties-ecs-taskdefinition-repositorycredentials.html#cfn-ecs-taskdefinition-repositorycredentials-credentialsparameter",
          "PrimitiveType": "String",
          "Required": false,
          "UpdateType": "Immutable"
        }
      }
    },
    "AWS::ECS::TaskDefinition.TaskDefinitionPlacementConstraint": {
      "Documentation": "http://docs.aws.amazon.com/AWSCloudFormation/latest/UserGuide/aws-properties-ecs-taskdefinition-taskdefinitionplacementconstraint.html",
      "Properties": {
        "Expression": {
          "Documentation": "http://docs.aws.amazon.com/AWSCloudFormation/latest/UserGuide/aws-properties-ecs-taskdefinition-taskdefinitionplacementconstraint.html#cfn-ecs-taskdefinition-taskdefinitionplacementconstraint-expression",
          "PrimitiveType": "String",
          "Required": false,
          "UpdateType": "Immutable"
        },
        "Type": {
          "Documentation": "http://docs.aws.amazon.com/AWSCloudFormation/latest/UserGuide/aws-properties-ecs-taskdefinition-taskdefinitionplacementconstraint.html#cfn-ecs-taskdefinition-taskdefinitionplacementconstraint-type",
          "PrimitiveType": "String",
          "Required": true,
          "UpdateType": "Immutable"
        }
      }
    },
    "AWS::ECS::TaskDefinition.Tmpfs": {
      "Documentation": "http://docs.aws.amazon.com/AWSCloudFormation/latest/UserGuide/aws-properties-ecs-taskdefinition-tmpfs.html",
      "Properties": {
        "ContainerPath": {
          "Documentation": "http://docs.aws.amazon.com/AWSCloudFormation/latest/UserGuide/aws-properties-ecs-taskdefinition-tmpfs.html#cfn-ecs-taskdefinition-tmpfs-containerpath",
          "PrimitiveType": "String",
          "Required": false,
          "UpdateType": "Immutable"
        },
        "MountOptions": {
          "Documentation": "http://docs.aws.amazon.com/AWSCloudFormation/latest/UserGuide/aws-properties-ecs-taskdefinition-tmpfs.html#cfn-ecs-taskdefinition-tmpfs-mountoptions",
          "DuplicatesAllowed": false,
          "PrimitiveItemType": "String",
          "Required": false,
          "Type": "List",
          "UpdateType": "Immutable"
        },
        "Size": {
          "Documentation": "http://docs.aws.amazon.com/AWSCloudFormation/latest/UserGuide/aws-properties-ecs-taskdefinition-tmpfs.html#cfn-ecs-taskdefinition-tmpfs-size",
          "PrimitiveType": "Integer",
          "Required": false,
          "UpdateType": "Immutable"
        }
      }
    },
    "AWS::ECS::TaskDefinition.Ulimit": {
      "Documentation": "http://docs.aws.amazon.com/AWSCloudFormation/latest/UserGuide/aws-properties-ecs-taskdefinition-containerdefinitions-ulimit.html",
      "Properties": {
        "HardLimit": {
          "Documentation": "http://docs.aws.amazon.com/AWSCloudFormation/latest/UserGuide/aws-properties-ecs-taskdefinition-containerdefinitions-ulimit.html#cfn-ecs-taskdefinition-containerdefinition-ulimit-hardlimit",
          "PrimitiveType": "Integer",
          "Required": true,
          "UpdateType": "Immutable"
        },
        "Name": {
          "Documentation": "http://docs.aws.amazon.com/AWSCloudFormation/latest/UserGuide/aws-properties-ecs-taskdefinition-containerdefinitions-ulimit.html#cfn-ecs-taskdefinition-containerdefinition-ulimit-name",
          "PrimitiveType": "String",
          "Required": true,
          "UpdateType": "Immutable"
        },
        "SoftLimit": {
          "Documentation": "http://docs.aws.amazon.com/AWSCloudFormation/latest/UserGuide/aws-properties-ecs-taskdefinition-containerdefinitions-ulimit.html#cfn-ecs-taskdefinition-containerdefinition-ulimit-softlimit",
          "PrimitiveType": "Integer",
          "Required": true,
          "UpdateType": "Immutable"
        }
      }
    },
    "AWS::ECS::TaskDefinition.Volume": {
      "Documentation": "http://docs.aws.amazon.com/AWSCloudFormation/latest/UserGuide/aws-properties-ecs-taskdefinition-volumes.html",
      "Properties": {
        "DockerVolumeConfiguration": {
          "Documentation": "http://docs.aws.amazon.com/AWSCloudFormation/latest/UserGuide/aws-properties-ecs-taskdefinition-volumes.html#cfn-ecs-taskdefinition-volume-dockervolumeconfiguration",
          "Required": false,
          "Type": "DockerVolumeConfiguration",
          "UpdateType": "Immutable"
        },
        "Host": {
          "Documentation": "http://docs.aws.amazon.com/AWSCloudFormation/latest/UserGuide/aws-properties-ecs-taskdefinition-volumes.html#cfn-ecs-taskdefinition-volumes-host",
          "Required": false,
          "Type": "HostVolumeProperties",
          "UpdateType": "Immutable"
        },
        "Name": {
          "Documentation": "http://docs.aws.amazon.com/AWSCloudFormation/latest/UserGuide/aws-properties-ecs-taskdefinition-volumes.html#cfn-ecs-taskdefinition-volumes-name",
          "PrimitiveType": "String",
          "Required": false,
          "UpdateType": "Immutable"
        }
      }
    },
    "AWS::ECS::TaskDefinition.VolumeFrom": {
      "Documentation": "http://docs.aws.amazon.com/AWSCloudFormation/latest/UserGuide/aws-properties-ecs-taskdefinition-containerdefinitions-volumesfrom.html",
      "Properties": {
        "ReadOnly": {
          "Documentation": "http://docs.aws.amazon.com/AWSCloudFormation/latest/UserGuide/aws-properties-ecs-taskdefinition-containerdefinitions-volumesfrom.html#cfn-ecs-taskdefinition-containerdefinition-volumesfrom-readonly",
          "PrimitiveType": "Boolean",
          "Required": false,
          "UpdateType": "Immutable"
        },
        "SourceContainer": {
          "Documentation": "http://docs.aws.amazon.com/AWSCloudFormation/latest/UserGuide/aws-properties-ecs-taskdefinition-containerdefinitions-volumesfrom.html#cfn-ecs-taskdefinition-containerdefinition-volumesfrom-sourcecontainer",
          "PrimitiveType": "String",
          "Required": false,
          "UpdateType": "Immutable"
        }
      }
    }
  },
  "ResourceType": {
    "AWS::ECS::TaskDefinition": {
      "Documentation": "http://docs.aws.amazon.com/AWSCloudFormation/latest/UserGuide/aws-resource-ecs-taskdefinition.html",
      "Properties": {
        "ContainerDefinitions": {
          "Documentation": "http://docs.aws.amazon.com/AWSCloudFormation/latest/UserGuide/aws-resource-ecs-taskdefinition.html#cfn-ecs-taskdefinition-containerdefinitions",
          "DuplicatesAllowed": false,
          "ItemType": "ContainerDefinition",
          "Required": false,
          "Type": "List",
          "UpdateType": "Immutable"
        },
        "Cpu": {
          "Documentation": "http://docs.aws.amazon.com/AWSCloudFormation/latest/UserGuide/aws-resource-ecs-taskdefinition.html#cfn-ecs-taskdefinition-cpu",
          "PrimitiveType": "String",
          "Required": false,
          "UpdateType": "Immutable"
        },
        "ExecutionRoleArn": {
          "Documentation": "http://docs.aws.amazon.com/AWSCloudFormation/latest/UserGuide/aws-resource-ecs-taskdefinition.html#cfn-ecs-taskdefinition-executionrolearn",
          "PrimitiveType": "String",
          "Required": false,
          "UpdateType": "Immutable"
        },
        "Family": {
          "Documentation": "http://docs.aws.amazon.com/AWSCloudFormation/latest/UserGuide/aws-resource-ecs-taskdefinition.html#cfn-ecs-taskdefinition-family",
          "PrimitiveType": "String",
          "Required": false,
          "UpdateType": "Immutable"
        },
        "Memory": {
          "Documentation": "http://docs.aws.amazon.com/AWSCloudFormation/latest/UserGuide/aws-resource-ecs-taskdefinition.html#cfn-ecs-taskdefinition-memory",
          "PrimitiveType": "String",
          "Required": false,
          "UpdateType": "Immutable"
        },
        "NetworkMode": {
          "Documentation": "http://docs.aws.amazon.com/AWSCloudFormation/latest/UserGuide/aws-resource-ecs-taskdefinition.html#cfn-ecs-taskdefinition-networkmode",
          "PrimitiveType": "String",
          "Required": false,
          "UpdateType": "Immutable"
        },
        "PlacementConstraints": {
          "Documentation": "http://docs.aws.amazon.com/AWSCloudFormation/latest/UserGuide/aws-resource-ecs-taskdefinition.html#cfn-ecs-taskdefinition-placementconstraints",
          "DuplicatesAllowed": false,
          "ItemType": "TaskDefinitionPlacementConstraint",
          "Required": false,
          "Type": "List",
          "UpdateType": "Immutable"
        },
        "RequiresCompatibilities": {
          "Documentation": "http://docs.aws.amazon.com/AWSCloudFormation/latest/UserGuide/aws-resource-ecs-taskdefinition.html#cfn-ecs-taskdefinition-requirescompatibilities",
          "DuplicatesAllowed": false,
          "PrimitiveItemType": "String",
          "Required": false,
          "Type": "List",
          "UpdateType": "Immutable"
        },
        "TaskRoleArn": {
          "Documentation": "http://docs.aws.amazon.com/AWSCloudFormation/latest/UserGuide/aws-resource-ecs-taskdefinition.html#cfn-ecs-taskdefinition-taskrolearn",
          "PrimitiveType": "String",
          "Required": false,
          "UpdateType": "Immutable"
        },
        "Volumes": {
          "Documentation": "http://docs.aws.amazon.com/AWSCloudFormation/latest/UserGuide/aws-resource-ecs-taskdefinition.html#cfn-ecs-taskdefinition-volumes",
          "DuplicatesAllowed": false,
          "ItemType": "Volume",
          "Required": false,
          "Type": "List",
          "UpdateType": "Mutable"
        }
      }
    }
  },
  "ResourceSpecificationVersion": "3.0.0"
}