{
  "PropertyTypes": {
    "AWS::EKS::Cluster.ResourcesVpcConfig": {
      "Documentation": "http://docs.aws.amazon.com/AWSCloudFormation/latest/UserGuide/aws-properties-eks-cluster-resourcesvpcconfig.html",
      "Properties": {
        "SecurityGroupIds": {
          "PrimitiveItemType": "String",
          "Type": "List",
          "Required": false,
          "Documentation": "http://docs.aws.amazon.com/AWSCloudFormation/latest/UserGuide/aws-properties-eks-cluster-resourcesvpcconfig.html#cfn-eks-cluster-resourcesvpcconfig-securitygroupids",
          "UpdateType": "Mutable"
        },
        "SubnetIds": {
          "PrimitiveItemType": "String",
          "Type": "List",
          "Required": true,
          "Documentation": "http://docs.aws.amazon.com/AWSCloudFormation/latest/UserGuide/aws-properties-eks-cluster-resourcesvpcconfig.html#cfn-eks-cluster-resourcesvpcconfig-subnetids",
          "UpdateType": "Mutable"
        }
      }
    }
  },
  "ResourceType": {
    "AWS::EKS::Cluster": {
      "Documentation": "http://docs.aws.amazon.com/AWSCloudFormation/latest/UserGuide/aws-resource-eks-cluster.html",
      "Attributes": {
        "Endpoint": {
          "PrimitiveType": "String"
        },
        "Arn": {
          "PrimitiveType": "String"
        },
        "CertificateAuthorityData": {
          "PrimitiveType": "String"
        }
      },
      "Properties": {
        "Version": {
          "Required": false,
          "Documentation": "http://docs.aws.amazon.com/AWSCloudFormation/latest/UserGuide/aws-resource-eks-cluster.html#cfn-eks-cluster-version",
          "PrimitiveType": "String",
          "UpdateType": "Mutable"
        },
        "RoleArn": {
          "Required": true,
          "Documentation": "http://docs.aws.amazon.com/AWSCloudFormation/latest/UserGuide/aws-resource-eks-cluster.html#cfn-eks-cluster-rolearn",
          "PrimitiveType": "String",
          "UpdateType": "Immutable"
        },
        "ResourcesVpcConfig": {
          "Type": "ResourcesVpcConfig",
          "Required": true,
          "Documentation": "http://docs.aws.amazon.com/AWSCloudFormation/latest/UserGuide/aws-resource-eks-cluster.html#cfn-eks-cluster-resourcesvpcconfig",
          "UpdateType": "Immutable"
        },
        "Name": {
          "Required": false,
          "Documentation": "http://docs.aws.amazon.com/AWSCloudFormation/latest/UserGuide/aws-resource-eks-cluster.html#cfn-eks-cluster-name",
          "PrimitiveType": "String",
          "UpdateType": "Immutable"
        }
      }
    }
  },
  "ResourceSpecificationVersion": "3.0.0"
}