{
  "PropertyTypes": {
    "AWS::ElasticLoadBalancingV2::ListenerCertificate.Certificate": {
      "Documentation": "http://docs.aws.amazon.com/AWSCloudFormation/latest/UserGuide/aws-properties-elasticloadbalancingv2-listener-certificates.html",
      "Properties": {
        "CertificateArn": {
          "Documentation": "http://docs.aws.amazon.com/AWSCloudFormation/latest/UserGuide/aws-properties-elasticloadbalancingv2-listener-certificates.html#cfn-elasticloadbalancingv2-listener-certificates-certificatearn",
          "PrimitiveType": "String",
          "Required": false,
          "UpdateType": "Mutable"
        }
      }
    }
  },
  "ResourceType": {
    "AWS::ElasticLoadBalancingV2::ListenerCertificate": {
      "Documentation": "http://docs.aws.amazon.com/AWSCloudFormation/latest/UserGuide/aws-resource-elasticloadbalancingv2-listenercertificate.html",
      "Properties": {
        "Certificates": {
          "Documentation": "http://docs.aws.amazon.com/AWSCloudFormation/latest/UserGuide/aws-resource-elasticloadbalancingv2-listenercertificate.html#cfn-elasticloadbalancingv2-listenercertificate-certificates",
          "DuplicatesAllowed": false,
          "ItemType": "Certificate",
          "Required": true,
          "Type": "List",
          "UpdateType": "Immutable"
        },
        "ListenerArn": {
          "Documentation": "http://docs.aws.amazon.com/AWSCloudFormation/latest/UserGuide/aws-resource-elasticloadbalancingv2-listenercertificate.html#cfn-elasticloadbalancingv2-listenercertificate-listenerarn",
          "PrimitiveType": "String",
          "Required": true,
          "UpdateType": "Immutable"
        }
      }
    }
  },
  "ResourceSpecificationVersion": "3.0.0"
}