{
  "PropertyTypes": {
    "AWS::ElasticBeanstalk::ConfigurationTemplate.ConfigurationOptionSetting": {
      "Documentation": "http://docs.aws.amazon.com/AWSCloudFormation/latest/UserGuide/aws-properties-elasticbeanstalk-configurationtemplate-configurationoptionsetting.html",
      "Properties": {
        "Namespace": {
          "Documentation": "http://docs.aws.amazon.com/AWSCloudFormation/latest/UserGuide/aws-properties-elasticbeanstalk-configurationtemplate-configurationoptionsetting.html#cfn-elasticbeanstalk-configurationtemplate-configurationoptionsetting-namespace",
          "PrimitiveType": "String",
          "Required": true,
          "UpdateType": "Mutable"
        },
        "OptionName": {
          "Documentation": "http://docs.aws.amazon.com/AWSCloudFormation/latest/UserGuide/aws-properties-elasticbeanstalk-configurationtemplate-configurationoptionsetting.html#cfn-elasticbeanstalk-configurationtemplate-configurationoptionsetting-optionname",
          "PrimitiveType": "String",
          "Required": true,
          "UpdateType": "Mutable"
        },
        "ResourceName": {
          "Documentation": "http://docs.aws.amazon.com/AWSCloudFormation/latest/UserGuide/aws-properties-elasticbeanstalk-configurationtemplate-configurationoptionsetting.html#cfn-elasticbeanstalk-configurationtemplate-configurationoptionsetting-resourcename",
          "PrimitiveType": "String",
          "Required": false,
          "UpdateType": "Mutable"
        },
        "Value": {
          "Documentation": "http://docs.aws.amazon.com/AWSCloudFormation/latest/UserGuide/aws-properties-elasticbeanstalk-configurationtemplate-configurationoptionsetting.html#cfn-elasticbeanstalk-configurationtemplate-configurationoptionsetting-value",
          "PrimitiveType": "String",
          "Required": false,
          "UpdateType": "Mutable"
        }
      }
    },
    "AWS::ElasticBeanstalk::ConfigurationTemplate.SourceConfiguration": {
      "Documentation": "http://docs.aws.amazon.com/AWSCloudFormation/latest/UserGuide/aws-properties-elasticbeanstalk-configurationtemplate-sourceconfiguration.html",
      "Properties": {
        "ApplicationName": {
          "Documentation": "http://docs.aws.amazon.com/AWSCloudFormation/latest/UserGuide/aws-properties-elasticbeanstalk-configurationtemplate-sourceconfiguration.html#cfn-elasticbeanstalk-configurationtemplate-sourceconfiguration-applicationname",
          "PrimitiveType": "String",
          "Required": true,
          "UpdateType": "Mutable"
        },
        "TemplateName": {
          "Documentation": "http://docs.aws.amazon.com/AWSCloudFormation/latest/UserGuide/aws-properties-elasticbeanstalk-configurationtemplate-sourceconfiguration.html#cfn-elasticbeanstalk-configurationtemplate-sourceconfiguration-templatename",
          "PrimitiveType": "String",
          "Required": true,
          "UpdateType": "Mutable"
        }
      }
    }
  },
  "ResourceType": {
    "AWS::ElasticBeanstalk::ConfigurationTemplate": {
      "Documentation": "http://docs.aws.amazon.com/AWSCloudFormation/latest/UserGuide/aws-resource-elasticbeanstalk-configurationtemplate.html",
      "Properties": {
        "ApplicationName": {
          "Documentation": "http://docs.aws.amazon.com/AWSCloudFormation/latest/UserGuide/aws-resource-elasticbeanstalk-configurationtemplate.html#cfn-elasticbeanstalk-configurationtemplate-applicationname",
          "PrimitiveType": "String",
          "Required": true,
          "UpdateType": "Immutable"
        },
        "Description": {
          "Documentation": "http://docs.aws.amazon.com/AWSCloudFormation/latest/UserGuide/aws-resource-elasticbeanstalk-configurationtemplate.html#cfn-elasticbeanstalk-configurationtemplate-description",
          "PrimitiveType": "String",
          "Required": false,
          "UpdateType": "Mutable"
        },
        "EnvironmentId": {
          "Documentation": "http://docs.aws.amazon.com/AWSCloudFormation/latest/UserGuide/aws-resource-elasticbeanstalk-configurationtemplate.html#cfn-elasticbeanstalk-configurationtemplate-environmentid",
          "PrimitiveType": "String",
          "Required": false,
          "UpdateType": "Immutable"
        },
        "OptionSettings": {
          "Documentation": "http://docs.aws.amazon.com/AWSCloudFormation/latest/UserGuide/aws-resource-elasticbeanstalk-configurationtemplate.html#cfn-elasticbeanstalk-configurationtemplate-optionsettings",
          "DuplicatesAllowed": true,
          "ItemType": "ConfigurationOptionSetting",
          "Required": false,
          "Type": "List",
          "UpdateType": "Mutable"
        },
        "PlatformArn": {
          "Documentation": "http://docs.aws.amazon.com/AWSCloudFormation/latest/UserGuide/aws-resource-elasticbeanstalk-configurationtemplate.html#cfn-elasticbeanstalk-configurationtemplate-platformarn",
          "PrimitiveType": "String",
          "Required": false,
          "UpdateType": "Immutable"
        },
        "SolutionStackName": {
          "Documentation": "http://docs.aws.amazon.com/AWSCloudFormation/latest/UserGuide/aws-resource-elasticbeanstalk-configurationtemplate.html#cfn-elasticbeanstalk-configurationtemplate-solutionstackname",
          "PrimitiveType": "String",
          "Required": false,
          "UpdateType": "Immutable"
        },
        "SourceConfiguration": {
          "Documentation": "http://docs.aws.amazon.com/AWSCloudFormation/latest/UserGuide/aws-resource-elasticbeanstalk-configurationtemplate.html#cfn-elasticbeanstalk-configurationtemplate-sourceconfiguration",
          "Required": false,
          "Type": "SourceConfiguration",
          "UpdateType": "Immutable"
        }
      }
    }
  },
  "ResourceSpecificationVersion": "3.0.0"
}