{
  "PropertyTypes": {
    "AWS::ElastiCache::ReplicationGroup.NodeGroupConfiguration": {
      "Documentation": "http://docs.aws.amazon.com/AWSCloudFormation/latest/UserGuide/aws-properties-elasticache-replicationgroup-nodegroupconfiguration.html",
      "Properties": {
        "NodeGroupId": {
          "Documentation": "http://docs.aws.amazon.com/AWSCloudFormation/latest/UserGuide/aws-properties-elasticache-replicationgroup-nodegroupconfiguration.html#cfn-elasticache-replicationgroup-nodegroupconfiguration-nodegroupid",
          "PrimitiveType": "String",
          "Required": false,
          "UpdateType": "Conditional"
        },
        "PrimaryAvailabilityZone": {
          "Documentation": "http://docs.aws.amazon.com/AWSCloudFormation/latest/UserGuide/aws-properties-elasticache-replicationgroup-nodegroupconfiguration.html#cfn-elasticache-replicationgroup-nodegroupconfiguration-primaryavailabilityzone",
          "PrimitiveType": "String",
          "Required": false,
          "UpdateType": "Immutable"
        },
        "ReplicaAvailabilityZones": {
          "Documentation": "http://docs.aws.amazon.com/AWSCloudFormation/latest/UserGuide/aws-properties-elasticache-replicationgroup-nodegroupconfiguration.html#cfn-elasticache-replicationgroup-nodegroupconfiguration-replicaavailabilityzones",
          "DuplicatesAllowed": false,
          "PrimitiveItemType": "String",
          "Required": false,
          "Type": "List",
          "UpdateType": "Immutable"
        },
        "ReplicaCount": {
          "Documentation": "http://docs.aws.amazon.com/AWSCloudFormation/latest/UserGuide/aws-properties-elasticache-replicationgroup-nodegroupconfiguration.html#cfn-elasticache-replicationgroup-nodegroupconfiguration-replicacount",
          "PrimitiveType": "Integer",
          "Required": false,
          "UpdateType": "Immutable"
        },
        "Slots": {
          "Documentation": "http://docs.aws.amazon.com/AWSCloudFormation/latest/UserGuide/aws-properties-elasticache-replicationgroup-nodegroupconfiguration.html#cfn-elasticache-replicationgroup-nodegroupconfiguration-slots",
          "PrimitiveType": "String",
          "Required": false,
          "UpdateType": "Immutable"
        }
      }
    },
    "Tag": {
      "Documentation": "http://docs.aws.amazon.com/AWSCloudFormation/latest/UserGuide/aws-properties-resource-tags.html",
      "Properties": {
        "Key": {
          "Documentation": "http://docs.aws.amazon.com/AWSCloudFormation/latest/UserGuide/aws-properties-resource-tags.html#cfn-resource-tags-key",
          "PrimitiveType": "String",
          "Required": true,
          "UpdateType": "Mutable"
        },
        "Value": {
          "Documentation": "http://docs.aws.amazon.com/AWSCloudFormation/latest/UserGuide/aws-properties-resource-tags.html#cfn-resource-tags-value",
          "PrimitiveType": "String",
          "Required": true,
          "UpdateType": "Mutable"
        }
      }
    }
  },
  "ResourceType": {
    "AWS::ElastiCache::ReplicationGroup": {
      "Attributes": {
        "ConfigurationEndPoint.Address": {
          "PrimitiveType": "String"
        },
        "ConfigurationEndPoint.Port": {
          "PrimitiveType": "String"
        },
        "PrimaryEndPoint.Address": {
          "PrimitiveType": "String"
        },
        "PrimaryEndPoint.Port": {
          "PrimitiveType": "String"
        },
        "ReadEndPoint.Addresses": {
          "PrimitiveType": "String"
        },
        "ReadEndPoint.Addresses.List": {
          "PrimitiveItemType": "String",
          "Type": "List"
        },
        "ReadEndPoint.Ports": {
          "PrimitiveType": "String"
        },
        "ReadEndPoint.Ports.List": {
          "PrimitiveItemType": "String",
          "Type": "List"
        }
      },
      "Documentation": "http://docs.aws.amazon.com/AWSCloudFormation/latest/UserGuide/aws-resource-elasticache-replicationgroup.html",
      "Properties": {
        "AtRestEncryptionEnabled": {
          "Documentation": "http://docs.aws.amazon.com/AWSCloudFormation/latest/UserGuide/aws-resource-elasticache-replicationgroup.html#cfn-elasticache-replicationgroup-atrestencryptionenabled",
          "PrimitiveType": "Boolean",
          "Required": false,
          "UpdateType": "Immutable"
        },
        "AuthToken": {
          "Documentation": "http://docs.aws.amazon.com/AWSCloudFormation/latest/UserGuide/aws-resource-elasticache-replicationgroup.html#cfn-elasticache-replicationgroup-authtoken",
          "PrimitiveType": "String",
          "Required": false,
          "UpdateType": "Immutable"
        },
        "AutoMinorVersionUpgrade": {
          "Documentation": "http://docs.aws.amazon.com/AWSCloudFormation/latest/UserGuide/aws-resource-elasticache-replicationgroup.html#cfn-elasticache-replicationgroup-autominorversionupgrade",
          "PrimitiveType": "Boolean",
          "Required": false,
          "UpdateType": "Mutable"
        },
        "AutomaticFailoverEnabled": {
          "Documentation": "http://docs.aws.amazon.com/AWSCloudFormation/latest/UserGuide/aws-resource-elasticache-replicationgroup.html#cfn-elasticache-replicationgroup-automaticfailoverenabled",
          "PrimitiveType": "Boolean",
          "Required": false,
          "UpdateType": "Mutable"
        },
        "CacheNodeType": {
          "Documentation": "http://docs.aws.amazon.com/AWSCloudFormation/latest/UserGuide/aws-resource-elasticache-replicationgroup.html#cfn-elasticache-replicationgroup-cachenodetype",
          "PrimitiveType": "String",
          "Required": false,
          "UpdateType": "Mutable"
        },
        "CacheParameterGroupName": {
          "Documentation": "http://docs.aws.amazon.com/AWSCloudFormation/latest/UserGuide/aws-resource-elasticache-replicationgroup.html#cfn-elasticache-replicationgroup-cacheparametergroupname",
          "PrimitiveType": "String",
          "Required": false,
          "UpdateType": "Mutable"
        },
        "CacheSecurityGroupNames": {
          "Documentation": "http://docs.aws.amazon.com/AWSCloudFormation/latest/UserGuide/aws-resource-elasticache-replicationgroup.html#cfn-elasticache-replicationgroup-cachesecuritygroupnames",
          "DuplicatesAllowed": false,
          "PrimitiveItemType": "String",
          "Required": false,
          "Type": "List",
          "UpdateType": "Mutable"
        },
        "CacheSubnetGroupName": {
          "Documentation": "http://docs.aws.amazon.com/AWSCloudFormation/latest/UserGuide/aws-resource-elasticache-replicationgroup.html#cfn-elasticache-replicationgroup-cachesubnetgroupname",
          "PrimitiveType": "String",
          "Required": false,
          "UpdateType": "Immutable"
        },
        "Engine": {
          "Documentation": "http://docs.aws.amazon.com/AWSCloudFormation/latest/UserGuide/aws-resource-elasticache-replicationgroup.html#cfn-elasticache-replicationgroup-engine",
          "PrimitiveType": "String",
          "Required": false,
          "UpdateType": "Immutable"
        },
        "EngineVersion": {
          "Documentation": "http://docs.aws.amazon.com/AWSCloudFormation/latest/UserGuide/aws-resource-elasticache-replicationgroup.html#cfn-elasticache-replicationgroup-engineversion",
          "PrimitiveType": "String",
          "Required": false,
          "UpdateType": "Mutable"
        },
        "NodeGroupConfiguration": {
          "Documentation": "http://docs.aws.amazon.com/AWSCloudFormation/latest/UserGuide/aws-resource-elasticache-replicationgroup.html#cfn-elasticache-replicationgroup-nodegroupconfiguration",
          "DuplicatesAllowed": false,
          "ItemType": "NodeGroupConfiguration",
          "Required": false,
          "Type": "List",
          "UpdateType": "Conditional"
        },
        "NotificationTopicArn": {
          "Documentation": "http://docs.aws.amazon.com/AWSCloudFormation/latest/UserGuide/aws-resource-elasticache-replicationgroup.html#cfn-elasticache-replicationgroup-notificationtopicarn",
          "PrimitiveType": "String",
          "Required": false,
          "UpdateType": "Mutable"
        },
        "NumCacheClusters": {
          "Documentation": "http://docs.aws.amazon.com/AWSCloudFormation/latest/UserGuide/aws-resource-elasticache-replicationgroup.html#cfn-elasticache-replicationgroup-numcacheclusters",
          "PrimitiveType": "Integer",
          "Required": false,
          "UpdateType": "Mutable"
        },
        "NumNodeGroups": {
          "Documentation": "http://docs.aws.amazon.com/AWSCloudFormation/latest/UserGuide/aws-resource-elasticache-replicationgroup.html#cfn-elasticache-replicationgroup-numnodegroups",
          "PrimitiveType": "Integer",
          "Required": false,
          "UpdateType": "Conditional"
        },
        "Port": {
          "Documentation": "http://docs.aws.amazon.com/AWSCloudFormation/latest/UserGuide/aws-resource-elasticache-replicationgroup.html#cfn-elasticache-replicationgroup-port",
          "PrimitiveType": "Integer",
          "Required": false,
          "UpdateType": "Immutable"
        },
        "PreferredCacheClusterAZs": {
          "Documentation": "http://docs.aws.amazon.com/AWSCloudFormation/latest/UserGuide/aws-resource-elasticache-replicationgroup.html#cfn-elasticache-replicationgroup-preferredcacheclusterazs",
          "DuplicatesAllowed": false,
          "PrimitiveItemType": "String",
          "Required": false,
          "Type": "List",
          "UpdateType": "Immutable"
        },
        "PreferredMaintenanceWindow": {
          "Documentation": "http://docs.aws.amazon.com/AWSCloudFormation/latest/UserGuide/aws-resource-elasticache-replicationgroup.html#cfn-elasticache-replicationgroup-preferredmaintenancewindow",
          "PrimitiveType": "String",
          "Required": false,
          "UpdateType": "Mutable"
        },
        "PrimaryClusterId": {
          "Documentation": "http://docs.aws.amazon.com/AWSCloudFormation/latest/UserGuide/aws-resource-elasticache-replicationgroup.html#cfn-elasticache-replicationgroup-primaryclusterid",
          "PrimitiveType": "String",
          "Required": false,
          "UpdateType": "Mutable"
        },
        "ReplicasPerNodeGroup": {
          "Documentation": "http://docs.aws.amazon.com/AWSCloudFormation/latest/UserGuide/aws-resource-elasticache-replicationgroup.html#cfn-elasticache-replicationgroup-replicaspernodegroup",
          "PrimitiveType": "Integer",
          "Required": false,
          "UpdateType": "Immutable"
        },
        "ReplicationGroupDescription": {
          "Documentation": "http://docs.aws.amazon.com/AWSCloudFormation/latest/UserGuide/aws-resource-elasticache-replicationgroup.html#cfn-elasticache-replicationgroup-replicationgroupdescription",
          "PrimitiveType": "String",
          "Required": true,
          "UpdateType": "Mutable"
        },
        "ReplicationGroupId": {
          "Documentation": "http://docs.aws.amazon.com/AWSCloudFormation/latest/UserGuide/aws-resource-elasticache-replicationgroup.html#cfn-elasticache-replicationgroup-replicationgroupid",
          "PrimitiveType": "String",
          "Required": false,
          "UpdateType": "Immutable"
        },
        "SecurityGroupIds": {
          "Documentation": "http://docs.aws.amazon.com/AWSCloudFormation/latest/UserGuide/aws-resource-elasticache-replicationgroup.html#cfn-elasticache-replicationgroup-securitygroupids",
          "DuplicatesAllowed": false,
          "PrimitiveItemType": "String",
          "Required": false,
          "Type": "List",
          "UpdateType": "Mutable"
        },
        "SnapshotArns": {
          "Documentation": "http://docs.aws.amazon.com/AWSCloudFormation/latest/UserGuide/aws-resource-elasticache-replicationgroup.html#cfn-elasticache-replicationgroup-snapshotarns",
          "DuplicatesAllowed": false,
          "PrimitiveItemType": "String",
          "Required": false,
          "Type": "List",
          "UpdateType": "Immutable"
        },
        "SnapshotName": {
          "Documentation": "http://docs.aws.amazon.com/AWSCloudFormation/latest/UserGuide/aws-resource-elasticache-replicationgroup.html#cfn-elasticache-replicationgroup-snapshotname",
          "PrimitiveType": "String",
          "Required": false,
          "UpdateType": "Immutable"
        },
        "SnapshotRetentionLimit": {
          "Documentation": "http://docs.aws.amazon.com/AWSCloudFormation/latest/UserGuide/aws-resource-elasticache-replicationgroup.html#cfn-elasticache-replicationgroup-snapshotretentionlimit",
          "PrimitiveType": "Integer",
          "Required": false,
          "UpdateType": "Mutable"
        },
        "SnapshotWindow": {
          "Documentation": "http://docs.aws.amazon.com/AWSCloudFormation/latest/UserGuide/aws-resource-elasticache-replicationgroup.html#cfn-elasticache-replicationgroup-snapshotwindow",
          "PrimitiveType": "String",
          "Required": false,
          "UpdateType": "Mutable"
        },
        "SnapshottingClusterId": {
          "Documentation": "http://docs.aws.amazon.com/AWSCloudFormation/latest/UserGuide/aws-resource-elasticache-replicationgroup.html#cfn-elasticache-replicationgroup-snapshottingclusterid",
          "PrimitiveType": "String",
          "Required": false,
          "UpdateType": "Mutable"
        },
        "Tags": {
          "Documentation": "http://docs.aws.amazon.com/AWSCloudFormation/latest/UserGuide/aws-resource-elasticache-replicationgroup.html#cfn-elasticache-replicationgroup-tags",
          "DuplicatesAllowed": true,
          "ItemType": "Tag",
          "Required": false,
          "Type": "List",
          "UpdateType": "Mutable"
        },
        "TransitEncryptionEnabled": {
          "Documentation": "http://docs.aws.amazon.com/AWSCloudFormation/latest/UserGuide/aws-resource-elasticache-replicationgroup.html#cfn-elasticache-replicationgroup-transitencryptionenabled",
          "PrimitiveType": "Boolean",
          "Required": false,
          "UpdateType": "Immutable"
        }
      }
    }
  },
  "ResourceSpecificationVersion": "3.0.0"
}