{
  "PropertyTypes": {
    "AWS::ElasticLoadBalancing::LoadBalancer.AccessLoggingPolicy": {
      "Documentation": "http://docs.aws.amazon.com/AWSCloudFormation/latest/UserGuide/aws-properties-ec2-elb-accessloggingpolicy.html",
      "Properties": {
        "EmitInterval": {
          "Documentation": "http://docs.aws.amazon.com/AWSCloudFormation/latest/UserGuide/aws-properties-ec2-elb-accessloggingpolicy.html#cfn-elb-accessloggingpolicy-emitinterval",
          "PrimitiveType": "Integer",
          "Required": false,
          "UpdateType": "Mutable"
        },
        "Enabled": {
          "Documentation": "http://docs.aws.amazon.com/AWSCloudFormation/latest/UserGuide/aws-properties-ec2-elb-accessloggingpolicy.html#cfn-elb-accessloggingpolicy-enabled",
          "PrimitiveType": "Boolean",
          "Required": true,
          "UpdateType": "Mutable"
        },
        "S3BucketName": {
          "Documentation": "http://docs.aws.amazon.com/AWSCloudFormation/latest/UserGuide/aws-properties-ec2-elb-accessloggingpolicy.html#cfn-elb-accessloggingpolicy-s3bucketname",
          "PrimitiveType": "String",
          "Required": true,
          "UpdateType": "Mutable"
        },
        "S3BucketPrefix": {
          "Documentation": "http://docs.aws.amazon.com/AWSCloudFormation/latest/UserGuide/aws-properties-ec2-elb-accessloggingpolicy.html#cfn-elb-accessloggingpolicy-s3bucketprefix",
          "PrimitiveType": "String",
          "Required": false,
          "UpdateType": "Mutable"
        }
      }
    },
    "AWS::ElasticLoadBalancing::LoadBalancer.AppCookieStickinessPolicy": {
      "Documentation": "http://docs.aws.amazon.com/AWSCloudFormation/latest/UserGuide/aws-properties-ec2-elb-AppCookieStickinessPolicy.html",
      "Properties": {
        "CookieName": {
          "Documentation": "http://docs.aws.amazon.com/AWSCloudFormation/latest/UserGuide/aws-properties-ec2-elb-AppCookieStickinessPolicy.html#cfn-elb-appcookiestickinesspolicy-cookiename",
          "PrimitiveType": "String",
          "Required": true,
          "UpdateType": "Mutable"
        },
        "PolicyName": {
          "Documentation": "http://docs.aws.amazon.com/AWSCloudFormation/latest/UserGuide/aws-properties-ec2-elb-AppCookieStickinessPolicy.html#cfn-elb-appcookiestickinesspolicy-policyname",
          "PrimitiveType": "String",
          "Required": true,
          "UpdateType": "Mutable"
        }
      }
    },
    "AWS::ElasticLoadBalancing::LoadBalancer.ConnectionDrainingPolicy": {
      "Documentation": "http://docs.aws.amazon.com/AWSCloudFormation/latest/UserGuide/aws-properties-ec2-elb-connectiondrainingpolicy.html",
      "Properties": {
        "Enabled": {
          "Documentation": "http://docs.aws.amazon.com/AWSCloudFormation/latest/UserGuide/aws-properties-ec2-elb-connectiondrainingpolicy.html#cfn-elb-connectiondrainingpolicy-enabled",
          "PrimitiveType": "Boolean",
          "Required": true,
          "UpdateType": "Mutable"
        },
        "Timeout": {
          "Documentation": "http://docs.aws.amazon.com/AWSCloudFormation/latest/UserGuide/aws-properties-ec2-elb-connectiondrainingpolicy.html#cfn-elb-connectiondrainingpolicy-timeout",
          "PrimitiveType": "Integer",
          "Required": false,
          "UpdateType": "Mutable"
        }
      }
    },
    "AWS::ElasticLoadBalancing::LoadBalancer.ConnectionSettings": {
      "Documentation": "http://docs.aws.amazon.com/AWSCloudFormation/latest/UserGuide/aws-properties-ec2-elb-connectionsettings.html",
      "Properties": {
        "IdleTimeout": {
          "Documentation": "http://docs.aws.amazon.com/AWSCloudFormation/latest/UserGuide/aws-properties-ec2-elb-connectionsettings.html#cfn-elb-connectionsettings-idletimeout",
          "PrimitiveType": "Integer",
          "Required": true,
          "UpdateType": "Mutable"
        }
      }
    },
    "AWS::ElasticLoadBalancing::LoadBalancer.HealthCheck": {
      "Documentation": "http://docs.aws.amazon.com/AWSCloudFormation/latest/UserGuide/aws-properties-ec2-elb-health-check.html",
      "Properties": {
        "HealthyThreshold": {
          "Documentation": "http://docs.aws.amazon.com/AWSCloudFormation/latest/UserGuide/aws-properties-ec2-elb-health-check.html#cfn-elb-healthcheck-healthythreshold",
          "PrimitiveType": "String",
          "Required": true,
          "UpdateType": "Mutable"
        },
        "Interval": {
          "Documentation": "http://docs.aws.amazon.com/AWSCloudFormation/latest/UserGuide/aws-properties-ec2-elb-health-check.html#cfn-elb-healthcheck-interval",
          "PrimitiveType": "String",
          "Required": true,
          "UpdateType": "Mutable"
        },
        "Target": {
          "Documentation": "http://docs.aws.amazon.com/AWSCloudFormation/latest/UserGuide/aws-properties-ec2-elb-health-check.html#cfn-elb-healthcheck-target",
          "PrimitiveType": "String",
          "Required": true,
          "UpdateType": "Mutable"
        },
        "Timeout": {
          "Documentation": "http://docs.aws.amazon.com/AWSCloudFormation/latest/UserGuide/aws-properties-ec2-elb-health-check.html#cfn-elb-healthcheck-timeout",
          "PrimitiveType": "String",
          "Required": true,
          "UpdateType": "Mutable"
        },
        "UnhealthyThreshold": {
          "Documentation": "http://docs.aws.amazon.com/AWSCloudFormation/latest/UserGuide/aws-properties-ec2-elb-health-check.html#cfn-elb-healthcheck-unhealthythreshold",
          "PrimitiveType": "String",
          "Required": true,
          "UpdateType": "Mutable"
        }
      }
    },
    "AWS::ElasticLoadBalancing::LoadBalancer.LBCookieStickinessPolicy": {
      "Documentation": "http://docs.aws.amazon.com/AWSCloudFormation/latest/UserGuide/aws-properties-ec2-elb-LBCookieStickinessPolicy.html",
      "Properties": {
        "CookieExpirationPeriod": {
          "Documentation": "http://docs.aws.amazon.com/AWSCloudFormation/latest/UserGuide/aws-properties-ec2-elb-LBCookieStickinessPolicy.html#cfn-elb-lbcookiestickinesspolicy-cookieexpirationperiod",
          "PrimitiveType": "String",
          "Required": false,
          "UpdateType": "Mutable"
        },
        "PolicyName": {
          "Documentation": "http://docs.aws.amazon.com/AWSCloudFormation/latest/UserGuide/aws-properties-ec2-elb-LBCookieStickinessPolicy.html#cfn-elb-lbcookiestickinesspolicy-policyname",
          "PrimitiveType": "String",
          "Required": false,
          "UpdateType": "Mutable"
        }
      }
    },
    "AWS::ElasticLoadBalancing::LoadBalancer.Listeners": {
      "Documentation": "http://docs.aws.amazon.com/AWSCloudFormation/latest/UserGuide/aws-properties-ec2-elb-listener.html",
      "Properties": {
        "InstancePort": {
          "Documentation": "http://docs.aws.amazon.com/AWSCloudFormation/latest/UserGuide/aws-properties-ec2-elb-listener.html#cfn-ec2-elb-listener-instanceport",
          "PrimitiveType": "String",
          "Required": true,
          "UpdateType": "Mutable"
        },
        "InstanceProtocol": {
          "Documentation": "http://docs.aws.amazon.com/AWSCloudFormation/latest/UserGuide/aws-properties-ec2-elb-listener.html#cfn-ec2-elb-listener-instanceprotocol",
          "PrimitiveType": "String",
          "Required": false,
          "UpdateType": "Mutable"
        },
        "LoadBalancerPort": {
          "Documentation": "http://docs.aws.amazon.com/AWSCloudFormation/latest/UserGuide/aws-properties-ec2-elb-listener.html#cfn-ec2-elb-listener-loadbalancerport",
          "PrimitiveType": "String",
          "Required": true,
          "UpdateType": "Mutable"
        },
        "PolicyNames": {
          "Documentation": "http://docs.aws.amazon.com/AWSCloudFormation/latest/UserGuide/aws-properties-ec2-elb-listener.html#cfn-ec2-elb-listener-policynames",
          "DuplicatesAllowed": false,
          "PrimitiveItemType": "String",
          "Required": false,
          "Type": "List",
          "UpdateType": "Mutable"
        },
        "Protocol": {
          "Documentation": "http://docs.aws.amazon.com/AWSCloudFormation/latest/UserGuide/aws-properties-ec2-elb-listener.html#cfn-ec2-elb-listener-protocol",
          "PrimitiveType": "String",
          "Required": true,
          "UpdateType": "Mutable"
        },
        "SSLCertificateId": {
          "Documentation": "http://docs.aws.amazon.com/AWSCloudFormation/latest/UserGuide/aws-properties-ec2-elb-listener.html#cfn-ec2-elb-listener-sslcertificateid",
          "PrimitiveType": "String",
          "Required": false,
          "UpdateType": "Mutable"
        }
      }
    },
    "AWS::ElasticLoadBalancing::LoadBalancer.Policies": {
      "Documentation": "http://docs.aws.amazon.com/AWSCloudFormation/latest/UserGuide/aws-properties-ec2-elb-policy.html",
      "Properties": {
        "Attributes": {
          "Documentation": "http://docs.aws.amazon.com/AWSCloudFormation/latest/UserGuide/aws-properties-ec2-elb-policy.html#cfn-ec2-elb-policy-attributes",
          "DuplicatesAllowed": false,
          "PrimitiveItemType": "Json",
          "Required": true,
          "Type": "List",
          "UpdateType": "Mutable"
        },
        "InstancePorts": {
          "Documentation": "http://docs.aws.amazon.com/AWSCloudFormation/latest/UserGuide/aws-properties-ec2-elb-policy.html#cfn-ec2-elb-policy-instanceports",
          "DuplicatesAllowed": false,
          "PrimitiveItemType": "String",
          "Required": false,
          "Type": "List",
          "UpdateType": "Mutable"
        },
        "LoadBalancerPorts": {
          "Documentation": "http://docs.aws.amazon.com/AWSCloudFormation/latest/UserGuide/aws-properties-ec2-elb-policy.html#cfn-ec2-elb-policy-loadbalancerports",
          "DuplicatesAllowed": false,
          "PrimitiveItemType": "String",
          "Required": false,
          "Type": "List",
          "UpdateType": "Mutable"
        },
        "PolicyName": {
          "Documentation": "http://docs.aws.amazon.com/AWSCloudFormation/latest/UserGuide/aws-properties-ec2-elb-policy.html#cfn-ec2-elb-policy-policyname",
          "PrimitiveType": "String",
          "Required": true,
          "UpdateType": "Mutable"
        },
        "PolicyType": {
          "Documentation": "http://docs.aws.amazon.com/AWSCloudFormation/latest/UserGuide/aws-properties-ec2-elb-policy.html#cfn-ec2-elb-policy-policytype",
          "PrimitiveType": "String",
          "Required": true,
          "UpdateType": "Mutable"
        }
      }
    },
    "Tag": {
      "Documentation": "http://docs.aws.amazon.com/AWSCloudFormation/latest/UserGuide/aws-properties-resource-tags.html",
      "Properties": {
        "Key": {
          "Documentation": "http://docs.aws.amazon.com/AWSCloudFormation/latest/UserGuide/aws-properties-resource-tags.html#cfn-resource-tags-key",
          "PrimitiveType": "String",
          "Required": true,
          "UpdateType": "Mutable"
        },
        "Value": {
          "Documentation": "http://docs.aws.amazon.com/AWSCloudFormation/latest/UserGuide/aws-properties-resource-tags.html#cfn-resource-tags-value",
          "PrimitiveType": "String",
          "Required": true,
          "UpdateType": "Mutable"
        }
      }
    }
  },
  "ResourceType": {
    "AWS::ElasticLoadBalancing::LoadBalancer": {
      "Attributes": {
        "CanonicalHostedZoneName": {
          "PrimitiveType": "String"
        },
        "CanonicalHostedZoneNameID": {
          "PrimitiveType": "String"
        },
        "DNSName": {
          "PrimitiveType": "String"
        },
        "SourceSecurityGroup.GroupName": {
          "PrimitiveType": "String"
        },
        "SourceSecurityGroup.OwnerAlias": {
          "PrimitiveType": "String"
        }
      },
      "Documentation": "http://docs.aws.amazon.com/AWSCloudFormation/latest/UserGuide/aws-properties-ec2-elb.html",
      "Properties": {
        "AccessLoggingPolicy": {
          "Documentation": "http://docs.aws.amazon.com/AWSCloudFormation/latest/UserGuide/aws-properties-ec2-elb.html#cfn-ec2-elb-accessloggingpolicy",
          "Required": false,
          "Type": "AccessLoggingPolicy",
          "UpdateType": "Mutable"
        },
        "AppCookieStickinessPolicy": {
          "Documentation": "http://docs.aws.amazon.com/AWSCloudFormation/latest/UserGuide/aws-properties-ec2-elb.html#cfn-ec2-elb-appcookiestickinesspolicy",
          "DuplicatesAllowed": false,
          "ItemType": "AppCookieStickinessPolicy",
          "Required": false,
          "Type": "List",
          "UpdateType": "Mutable"
        },
        "AvailabilityZones": {
          "Documentation": "http://docs.aws.amazon.com/AWSCloudFormation/latest/UserGuide/aws-properties-ec2-elb.html#cfn-ec2-elb-availabilityzones",
          "DuplicatesAllowed": false,
          "PrimitiveItemType": "String",
          "Required": false,
          "Type": "List",
          "UpdateType": "Conditional"
        },
        "ConnectionDrainingPolicy": {
          "Documentation": "http://docs.aws.amazon.com/AWSCloudFormation/latest/UserGuide/aws-properties-ec2-elb.html#cfn-ec2-elb-connectiondrainingpolicy",
          "Required": false,
          "Type": "ConnectionDrainingPolicy",
          "UpdateType": "Mutable"
        },
        "ConnectionSettings": {
          "Documentation": "http://docs.aws.amazon.com/AWSCloudFormation/latest/UserGuide/aws-properties-ec2-elb.html#cfn-ec2-elb-connectionsettings",
          "Required": false,
          "Type": "ConnectionSettings",
          "UpdateType": "Mutable"
        },
        "CrossZone": {
          "Documentation": "http://docs.aws.amazon.com/AWSCloudFormation/latest/UserGuide/aws-properties-ec2-elb.html#cfn-ec2-elb-crosszone",
          "PrimitiveType": "Boolean",
          "Required": false,
          "UpdateType": "Mutable"
        },
        "HealthCheck": {
          "Documentation": "http://docs.aws.amazon.com/AWSCloudFormation/latest/UserGuide/aws-properties-ec2-elb.html#cfn-ec2-elb-healthcheck",
          "Required": false,
          "Type": "HealthCheck",
          "UpdateType": "Conditional"
        },
        "Instances": {
          "Documentation": "http://docs.aws.amazon.com/AWSCloudFormation/latest/UserGuide/aws-properties-ec2-elb.html#cfn-ec2-elb-instances",
          "DuplicatesAllowed": false,
          "PrimitiveItemType": "String",
          "Required": false,
          "Type": "List",
          "UpdateType": "Mutable"
        },
        "LBCookieStickinessPolicy": {
          "Documentation": "http://docs.aws.amazon.com/AWSCloudFormation/latest/UserGuide/aws-properties-ec2-elb.html#cfn-ec2-elb-lbcookiestickinesspolicy",
          "DuplicatesAllowed": false,
          "ItemType": "LBCookieStickinessPolicy",
          "Required": false,
          "Type": "List",
          "UpdateType": "Mutable"
        },
        "Listeners": {
          "Documentation": "http://docs.aws.amazon.com/AWSCloudFormation/latest/UserGuide/aws-properties-ec2-elb.html#cfn-ec2-elb-listeners",
          "DuplicatesAllowed": false,
          "ItemType": "Listeners",
          "Required": true,
          "Type": "List",
          "UpdateType": "Mutable"
        },
        "LoadBalancerName": {
          "Documentation": "http://docs.aws.amazon.com/AWSCloudFormation/latest/UserGuide/aws-properties-ec2-elb.html#cfn-ec2-elb-elbname",
          "PrimitiveType": "String",
          "Required": false,
          "UpdateType": "Immutable"
        },
        "Policies": {
          "Documentation": "http://docs.aws.amazon.com/AWSCloudFormation/latest/UserGuide/aws-properties-ec2-elb.html#cfn-ec2-elb-policies",
          "DuplicatesAllowed": false,
          "ItemType": "Policies",
          "Required": false,
          "Type": "List",
          "UpdateType": "Mutable"
        },
        "Scheme": {
          "Documentation": "http://docs.aws.amazon.com/AWSCloudFormation/latest/UserGuide/aws-properties-ec2-elb.html#cfn-ec2-elb-scheme",
          "PrimitiveType": "String",
          "Required": false,
          "UpdateType": "Immutable"
        },
        "SecurityGroups": {
          "Documentation": "http://docs.aws.amazon.com/AWSCloudFormation/latest/UserGuide/aws-properties-ec2-elb.html#cfn-ec2-elb-securitygroups",
          "DuplicatesAllowed": false,
          "PrimitiveItemType": "String",
          "Required": false,
          "Type": "List",
          "UpdateType": "Mutable"
        },
        "Subnets": {
          "Documentation": "http://docs.aws.amazon.com/AWSCloudFormation/latest/UserGuide/aws-properties-ec2-elb.html#cfn-ec2-elb-subnets",
          "DuplicatesAllowed": false,
          "PrimitiveItemType": "String",
          "Required": false,
          "Type": "List",
          "UpdateType": "Conditional"
        },
        "Tags": {
          "Documentation": "http://docs.aws.amazon.com/AWSCloudFormation/latest/UserGuide/aws-properties-ec2-elb.html#cfn-elasticloadbalancing-loadbalancer-tags",
          "DuplicatesAllowed": true,
          "ItemType": "Tag",
          "Required": false,
          "Type": "List",
          "UpdateType": "Mutable"
        }
      }
    }
  },
  "ResourceSpecificationVersion": "3.0.0"
}