{
  "ResourceType": {
    "AWS::EFS::MountTarget": {
      "Documentation": "http://docs.aws.amazon.com/AWSCloudFormation/latest/UserGuide/aws-resource-efs-mounttarget.html",
      "Properties": {
        "FileSystemId": {
          "Documentation": "http://docs.aws.amazon.com/AWSCloudFormation/latest/UserGuide/aws-resource-efs-mounttarget.html#cfn-efs-mounttarget-filesystemid",
          "PrimitiveType": "String",
          "Required": true,
          "UpdateType": "Immutable"
        },
        "IpAddress": {
          "Documentation": "http://docs.aws.amazon.com/AWSCloudFormation/latest/UserGuide/aws-resource-efs-mounttarget.html#cfn-efs-mounttarget-ipaddress",
          "PrimitiveType": "String",
          "Required": false,
          "UpdateType": "Immutable"
        },
        "SecurityGroups": {
          "Documentation": "http://docs.aws.amazon.com/AWSCloudFormation/latest/UserGuide/aws-resource-efs-mounttarget.html#cfn-efs-mounttarget-securitygroups",
          "DuplicatesAllowed": false,
          "PrimitiveItemType": "String",
          "Required": true,
          "Type": "List",
          "UpdateType": "Mutable"
        },
        "SubnetId": {
          "Documentation": "http://docs.aws.amazon.com/AWSCloudFormation/latest/UserGuide/aws-resource-efs-mounttarget.html#cfn-efs-mounttarget-subnetid",
          "PrimitiveType": "String",
          "Required": true,
          "UpdateType": "Immutable"
        }
      }
    }
  },
  "ResourceSpecificationVersion": "3.0.0"
}