{
  "PropertyTypes": {
    "AWS::ElasticLoadBalancingV2::Listener.Action": {
      "Documentation": "http://docs.aws.amazon.com/AWSCloudFormation/latest/UserGuide/aws-properties-elasticloadbalancingv2-listener-defaultactions.html",
      "Properties": {
        "AuthenticateCognitoConfig": {
          "Documentation": "http://docs.aws.amazon.com/AWSCloudFormation/latest/UserGuide/aws-properties-elasticloadbalancingv2-listener-defaultactions.html#cfn-elasticloadbalancingv2-listener-action-authenticatecognitoconfig",
          "Required": false,
          "Type": "AuthenticateCognitoConfig",
          "UpdateType": "Mutable"
        },
        "AuthenticateOidcConfig": {
          "Documentation": "http://docs.aws.amazon.com/AWSCloudFormation/latest/UserGuide/aws-properties-elasticloadbalancingv2-listener-defaultactions.html#cfn-elasticloadbalancingv2-listener-action-authenticateoidcconfig",
          "Required": false,
          "Type": "AuthenticateOidcConfig",
          "UpdateType": "Mutable"
        },
        "FixedResponseConfig": {
          "Documentation": "http://docs.aws.amazon.com/AWSCloudFormation/latest/UserGuide/aws-properties-elasticloadbalancingv2-listener-defaultactions.html#cfn-elasticloadbalancingv2-listener-action-fixedresponseconfig",
          "Required": false,
          "Type": "FixedResponseConfig",
          "UpdateType": "Mutable"
        },
        "Order": {
          "Documentation": "http://docs.aws.amazon.com/AWSCloudFormation/latest/UserGuide/aws-properties-elasticloadbalancingv2-listener-defaultactions.html#cfn-elasticloadbalancingv2-listener-action-order",
          "PrimitiveType": "Integer",
          "Required": false,
          "UpdateType": "Mutable"
        },
        "RedirectConfig": {
          "Documentation": "http://docs.aws.amazon.com/AWSCloudFormation/latest/UserGuide/aws-properties-elasticloadbalancingv2-listener-defaultactions.html#cfn-elasticloadbalancingv2-listener-action-redirectconfig",
          "Required": false,
          "Type": "RedirectConfig",
          "UpdateType": "Mutable"
        },
        "TargetGroupArn": {
          "Documentation": "http://docs.aws.amazon.com/AWSCloudFormation/latest/UserGuide/aws-properties-elasticloadbalancingv2-listener-defaultactions.html#cfn-elasticloadbalancingv2-listener-defaultactions-targetgrouparn",
          "PrimitiveType": "String",
          "Required": false,
          "UpdateType": "Mutable"
        },
        "Type": {
          "Documentation": "http://docs.aws.amazon.com/AWSCloudFormation/latest/UserGuide/aws-properties-elasticloadbalancingv2-listener-defaultactions.html#cfn-elasticloadbalancingv2-listener-defaultactions-type",
          "PrimitiveType": "String",
          "Required": true,
          "UpdateType": "Mutable"
        }
      }
    },
    "AWS::ElasticLoadBalancingV2::Listener.AuthenticateCognitoConfig": {
      "Documentation": "http://docs.aws.amazon.com/AWSCloudFormation/latest/UserGuide/aws-properties-elasticloadbalancingv2-listener-authenticatecognitoconfig.html",
      "Properties": {
        "AuthenticationRequestExtraParams": {
          "Documentation": "http://docs.aws.amazon.com/AWSCloudFormation/latest/UserGuide/aws-properties-elasticloadbalancingv2-listener-authenticatecognitoconfig.html#cfn-elasticloadbalancingv2-listener-authenticatecognitoconfig-authenticationrequestextraparams",
          "DuplicatesAllowed": false,
          "PrimitiveItemType": "String",
          "Required": false,
          "Type": "Map",
          "UpdateType": "Mutable"
        },
        "OnUnauthenticatedRequest": {
          "Documentation": "http://docs.aws.amazon.com/AWSCloudFormation/latest/UserGuide/aws-properties-elasticloadbalancingv2-listener-authenticatecognitoconfig.html#cfn-elasticloadbalancingv2-listener-authenticatecognitoconfig-onunauthenticatedrequest",
          "PrimitiveType": "String",
          "Required": false,
          "UpdateType": "Mutable"
        },
        "Scope": {
          "Documentation": "http://docs.aws.amazon.com/AWSCloudFormation/latest/UserGuide/aws-properties-elasticloadbalancingv2-listener-authenticatecognitoconfig.html#cfn-elasticloadbalancingv2-listener-authenticatecognitoconfig-scope",
          "PrimitiveType": "String",
          "Required": false,
          "UpdateType": "Mutable"
        },
        "SessionCookieName": {
          "Documentation": "http://docs.aws.amazon.com/AWSCloudFormation/latest/UserGuide/aws-properties-elasticloadbalancingv2-listener-authenticatecognitoconfig.html#cfn-elasticloadbalancingv2-listener-authenticatecognitoconfig-sessioncookiename",
          "PrimitiveType": "String",
          "Required": false,
          "UpdateType": "Mutable"
        },
        "SessionTimeout": {
          "Documentation": "http://docs.aws.amazon.com/AWSCloudFormation/latest/UserGuide/aws-properties-elasticloadbalancingv2-listener-authenticatecognitoconfig.html#cfn-elasticloadbalancingv2-listener-authenticatecognitoconfig-sessiontimeout",
          "PrimitiveType": "Long",
          "Required": false,
          "UpdateType": "Mutable"
        },
        "UserPoolArn": {
          "Documentation": "http://docs.aws.amazon.com/AWSCloudFormation/latest/UserGuide/aws-properties-elasticloadbalancingv2-listener-authenticatecognitoconfig.html#cfn-elasticloadbalancingv2-listener-authenticatecognitoconfig-userpoolarn",
          "PrimitiveType": "String",
          "Required": true,
          "UpdateType": "Mutable"
        },
        "UserPoolClientId": {
          "Documentation": "http://docs.aws.amazon.com/AWSCloudFormation/latest/UserGuide/aws-properties-elasticloadbalancingv2-listener-authenticatecognitoconfig.html#cfn-elasticloadbalancingv2-listener-authenticatecognitoconfig-userpoolclientid",
          "PrimitiveType": "String",
          "Required": true,
          "UpdateType": "Mutable"
        },
        "UserPoolDomain": {
          "Documentation": "http://docs.aws.amazon.com/AWSCloudFormation/latest/UserGuide/aws-properties-elasticloadbalancingv2-listener-authenticatecognitoconfig.html#cfn-elasticloadbalancingv2-listener-authenticatecognitoconfig-userpooldomain",
          "PrimitiveType": "String",
          "Required": true,
          "UpdateType": "Mutable"
        }
      }
    },
    "AWS::ElasticLoadBalancingV2::Listener.AuthenticateOidcConfig": {
      "Documentation": "http://docs.aws.amazon.com/AWSCloudFormation/latest/UserGuide/aws-properties-elasticloadbalancingv2-listener-authenticateoidcconfig.html",
      "Properties": {
        "AuthenticationRequestExtraParams": {
          "Documentation": "http://docs.aws.amazon.com/AWSCloudFormation/latest/UserGuide/aws-properties-elasticloadbalancingv2-listener-authenticateoidcconfig.html#cfn-elasticloadbalancingv2-listener-authenticateoidcconfig-authenticationrequestextraparams",
          "DuplicatesAllowed": false,
          "PrimitiveItemType": "String",
          "Required": false,
          "Type": "Map",
          "UpdateType": "Mutable"
        },
        "AuthorizationEndpoint": {
          "Documentation": "http://docs.aws.amazon.com/AWSCloudFormation/latest/UserGuide/aws-properties-elasticloadbalancingv2-listener-authenticateoidcconfig.html#cfn-elasticloadbalancingv2-listener-authenticateoidcconfig-authorizationendpoint",
          "PrimitiveType": "String",
          "Required": true,
          "UpdateType": "Mutable"
        },
        "ClientId": {
          "Documentation": "http://docs.aws.amazon.com/AWSCloudFormation/latest/UserGuide/aws-properties-elasticloadbalancingv2-listener-authenticateoidcconfig.html#cfn-elasticloadbalancingv2-listener-authenticateoidcconfig-clientid",
          "PrimitiveType": "String",
          "Required": true,
          "UpdateType": "Mutable"
        },
        "ClientSecret": {
          "Documentation": "http://docs.aws.amazon.com/AWSCloudFormation/latest/UserGuide/aws-properties-elasticloadbalancingv2-listener-authenticateoidcconfig.html#cfn-elasticloadbalancingv2-listener-authenticateoidcconfig-clientsecret",
          "PrimitiveType": "String",
          "Required": true,
          "UpdateType": "Mutable"
        },
        "Issuer": {
          "Documentation": "http://docs.aws.amazon.com/AWSCloudFormation/latest/UserGuide/aws-properties-elasticloadbalancingv2-listener-authenticateoidcconfig.html#cfn-elasticloadbalancingv2-listener-authenticateoidcconfig-issuer",
          "PrimitiveType": "String",
          "Required": true,
          "UpdateType": "Mutable"
        },
        "OnUnauthenticatedRequest": {
          "Documentation": "http://docs.aws.amazon.com/AWSCloudFormation/latest/UserGuide/aws-properties-elasticloadbalancingv2-listener-authenticateoidcconfig.html#cfn-elasticloadbalancingv2-listener-authenticateoidcconfig-onunauthenticatedrequest",
          "PrimitiveType": "String",
          "Required": false,
          "UpdateType": "Mutable"
        },
        "Scope": {
          "Documentation": "http://docs.aws.amazon.com/AWSCloudFormation/latest/UserGuide/aws-properties-elasticloadbalancingv2-listener-authenticateoidcconfig.html#cfn-elasticloadbalancingv2-listener-authenticateoidcconfig-scope",
          "PrimitiveType": "String",
          "Required": false,
          "UpdateType": "Mutable"
        },
        "SessionCookieName": {
          "Documentation": "http://docs.aws.amazon.com/AWSCloudFormation/latest/UserGuide/aws-properties-elasticloadbalancingv2-listener-authenticateoidcconfig.html#cfn-elasticloadbalancingv2-listener-authenticateoidcconfig-sessioncookiename",
          "PrimitiveType": "String",
          "Required": false,
          "UpdateType": "Mutable"
        },
        "SessionTimeout": {
          "Documentation": "http://docs.aws.amazon.com/AWSCloudFormation/latest/UserGuide/aws-properties-elasticloadbalancingv2-listener-authenticateoidcconfig.html#cfn-elasticloadbalancingv2-listener-authenticateoidcconfig-sessiontimeout",
          "PrimitiveType": "Long",
          "Required": false,
          "UpdateType": "Mutable"
        },
        "TokenEndpoint": {
          "Documentation": "http://docs.aws.amazon.com/AWSCloudFormation/latest/UserGuide/aws-properties-elasticloadbalancingv2-listener-authenticateoidcconfig.html#cfn-elasticloadbalancingv2-listener-authenticateoidcconfig-tokenendpoint",
          "PrimitiveType": "String",
          "Required": true,
          "UpdateType": "Mutable"
        },
        "UserInfoEndpoint": {
          "Documentation": "http://docs.aws.amazon.com/AWSCloudFormation/latest/UserGuide/aws-properties-elasticloadbalancingv2-listener-authenticateoidcconfig.html#cfn-elasticloadbalancingv2-listener-authenticateoidcconfig-userinfoendpoint",
          "PrimitiveType": "String",
          "Required": true,
          "UpdateType": "Mutable"
        }
      }
    },
    "AWS::ElasticLoadBalancingV2::Listener.Certificate": {
      "Documentation": "http://docs.aws.amazon.com/AWSCloudFormation/latest/UserGuide/aws-properties-elasticloadbalancingv2-listener-certificates.html",
      "Properties": {
        "CertificateArn": {
          "Documentation": "http://docs.aws.amazon.com/AWSCloudFormation/latest/UserGuide/aws-properties-elasticloadbalancingv2-listener-certificates.html#cfn-elasticloadbalancingv2-listener-certificates-certificatearn",
          "PrimitiveType": "String",
          "Required": false,
          "UpdateType": "Mutable"
        }
      }
    },
    "AWS::ElasticLoadBalancingV2::Listener.FixedResponseConfig": {
      "Documentation": "http://docs.aws.amazon.com/AWSCloudFormation/latest/UserGuide/aws-properties-elasticloadbalancingv2-listener-fixedresponseconfig.html",
      "Properties": {
        "ContentType": {
          "Documentation": "http://docs.aws.amazon.com/AWSCloudFormation/latest/UserGuide/aws-properties-elasticloadbalancingv2-listener-fixedresponseconfig.html#cfn-elasticloadbalancingv2-listener-fixedresponseconfig-contenttype",
          "PrimitiveType": "String",
          "Required": false,
          "UpdateType": "Mutable"
        },
        "MessageBody": {
          "Documentation": "http://docs.aws.amazon.com/AWSCloudFormation/latest/UserGuide/aws-properties-elasticloadbalancingv2-listener-fixedresponseconfig.html#cfn-elasticloadbalancingv2-listener-fixedresponseconfig-messagebody",
          "PrimitiveType": "String",
          "Required": false,
          "UpdateType": "Mutable"
        },
        "StatusCode": {
          "Documentation": "http://docs.aws.amazon.com/AWSCloudFormation/latest/UserGuide/aws-properties-elasticloadbalancingv2-listener-fixedresponseconfig.html#cfn-elasticloadbalancingv2-listener-fixedresponseconfig-statuscode",
          "PrimitiveType": "String",
          "Required": true,
          "UpdateType": "Mutable"
        }
      }
    },
    "AWS::ElasticLoadBalancingV2::Listener.RedirectConfig": {
      "Documentation": "http://docs.aws.amazon.com/AWSCloudFormation/latest/UserGuide/aws-properties-elasticloadbalancingv2-listener-redirectconfig.html",
      "Properties": {
        "Host": {
          "Documentation": "http://docs.aws.amazon.com/AWSCloudFormation/latest/UserGuide/aws-properties-elasticloadbalancingv2-listener-redirectconfig.html#cfn-elasticloadbalancingv2-listener-redirectconfig-host",
          "PrimitiveType": "String",
          "Required": false,
          "UpdateType": "Mutable"
        },
        "Path": {
          "Documentation": "http://docs.aws.amazon.com/AWSCloudFormation/latest/UserGuide/aws-properties-elasticloadbalancingv2-listener-redirectconfig.html#cfn-elasticloadbalancingv2-listener-redirectconfig-path",
          "PrimitiveType": "String",
          "Required": false,
          "UpdateType": "Mutable"
        },
        "Port": {
          "Documentation": "http://docs.aws.amazon.com/AWSCloudFormation/latest/UserGuide/aws-properties-elasticloadbalancingv2-listener-redirectconfig.html#cfn-elasticloadbalancingv2-listener-redirectconfig-port",
          "PrimitiveType": "String",
          "Required": false,
          "UpdateType": "Mutable"
        },
        "Protocol": {
          "Documentation": "http://docs.aws.amazon.com/AWSCloudFormation/latest/UserGuide/aws-properties-elasticloadbalancingv2-listener-redirectconfig.html#cfn-elasticloadbalancingv2-listener-redirectconfig-protocol",
          "PrimitiveType": "String",
          "Required": false,
          "UpdateType": "Mutable"
        },
        "Query": {
          "Documentation": "http://docs.aws.amazon.com/AWSCloudFormation/latest/UserGuide/aws-properties-elasticloadbalancingv2-listener-redirectconfig.html#cfn-elasticloadbalancingv2-listener-redirectconfig-query",
          "PrimitiveType": "String",
          "Required": false,
          "UpdateType": "Mutable"
        },
        "StatusCode": {
          "Documentation": "http://docs.aws.amazon.com/AWSCloudFormation/latest/UserGuide/aws-properties-elasticloadbalancingv2-listener-redirectconfig.html#cfn-elasticloadbalancingv2-listener-redirectconfig-statuscode",
          "PrimitiveType": "String",
          "Required": true,
          "UpdateType": "Mutable"
        }
      }
    }
  },
  "ResourceType": {
    "AWS::ElasticLoadBalancingV2::Listener": {
      "Documentation": "http://docs.aws.amazon.com/AWSCloudFormation/latest/UserGuide/aws-resource-elasticloadbalancingv2-listener.html",
      "Properties": {
        "Certificates": {
          "Documentation": "http://docs.aws.amazon.com/AWSCloudFormation/latest/UserGuide/aws-resource-elasticloadbalancingv2-listener.html#cfn-elasticloadbalancingv2-listener-certificates",
          "DuplicatesAllowed": false,
          "ItemType": "Certificate",
          "Required": false,
          "Type": "List",
          "UpdateType": "Mutable"
        },
        "DefaultActions": {
          "Documentation": "http://docs.aws.amazon.com/AWSCloudFormation/latest/UserGuide/aws-resource-elasticloadbalancingv2-listener.html#cfn-elasticloadbalancingv2-listener-defaultactions",
          "DuplicatesAllowed": false,
          "ItemType": "Action",
          "Required": true,
          "Type": "List",
          "UpdateType": "Mutable"
        },
        "LoadBalancerArn": {
          "Documentation": "http://docs.aws.amazon.com/AWSCloudFormation/latest/UserGuide/aws-resource-elasticloadbalancingv2-listener.html#cfn-elasticloadbalancingv2-listener-loadbalancerarn",
          "PrimitiveType": "String",
          "Required": true,
          "UpdateType": "Immutable"
        },
        "Port": {
          "Documentation": "http://docs.aws.amazon.com/AWSCloudFormation/latest/UserGuide/aws-resource-elasticloadbalancingv2-listener.html#cfn-elasticloadbalancingv2-listener-port",
          "PrimitiveType": "Integer",
          "Required": true,
          "UpdateType": "Mutable"
        },
        "Protocol": {
          "Documentation": "http://docs.aws.amazon.com/AWSCloudFormation/latest/UserGuide/aws-resource-elasticloadbalancingv2-listener.html#cfn-elasticloadbalancingv2-listener-protocol",
          "PrimitiveType": "String",
          "Required": true,
          "UpdateType": "Mutable"
        },
        "SslPolicy": {
          "Documentation": "http://docs.aws.amazon.com/AWSCloudFormation/latest/UserGuide/aws-resource-elasticloadbalancingv2-listener.html#cfn-elasticloadbalancingv2-listener-sslpolicy",
          "PrimitiveType": "String",
          "Required": false,
          "UpdateType": "Mutable"
        }
      }
    }
  },
  "ResourceSpecificationVersion": "3.0.0"
}