{
  "ResourceType": {
    "AWS::ElastiCache::SubnetGroup": {
      "Documentation": "http://docs.aws.amazon.com/AWSCloudFormation/latest/UserGuide/aws-properties-elasticache-subnetgroup.html",
      "Properties": {
        "CacheSubnetGroupName": {
          "Documentation": "http://docs.aws.amazon.com/AWSCloudFormation/latest/UserGuide/aws-properties-elasticache-subnetgroup.html#cfn-elasticache-subnetgroup-cachesubnetgroupname",
          "PrimitiveType": "String",
          "Required": false,
          "UpdateType": "Immutable"
        },
        "Description": {
          "Documentation": "http://docs.aws.amazon.com/AWSCloudFormation/latest/UserGuide/aws-properties-elasticache-subnetgroup.html#cfn-elasticache-subnetgroup-description",
          "PrimitiveType": "String",
          "Required": true,
          "UpdateType": "Mutable"
        },
        "SubnetIds": {
          "Documentation": "http://docs.aws.amazon.com/AWSCloudFormation/latest/UserGuide/aws-properties-elasticache-subnetgroup.html#cfn-elasticache-subnetgroup-subnetids",
          "DuplicatesAllowed": true,
          "PrimitiveItemType": "String",
          "Required": true,
          "Type": "List",
          "UpdateType": "Mutable"
        }
      }
    }
  },
  "ResourceSpecificationVersion": "3.0.0"
}