{
  "PropertyTypes": {
    "AWS::EFS::FileSystem.ElasticFileSystemTag": {
      "Documentation": "http://docs.aws.amazon.com/AWSCloudFormation/latest/UserGuide/aws-properties-efs-filesystem-filesystemtags.html",
      "Properties": {
        "Key": {
          "Documentation": "http://docs.aws.amazon.com/AWSCloudFormation/latest/UserGuide/aws-properties-efs-filesystem-filesystemtags.html#cfn-efs-filesystem-filesystemtags-key",
          "PrimitiveType": "String",
          "Required": true,
          "UpdateType": "Mutable"
        },
        "Value": {
          "Documentation": "http://docs.aws.amazon.com/AWSCloudFormation/latest/UserGuide/aws-properties-efs-filesystem-filesystemtags.html#cfn-efs-filesystem-filesystemtags-value",
          "PrimitiveType": "String",
          "Required": true,
          "UpdateType": "Mutable"
        }
      }
    }
  },
  "ResourceType": {
    "AWS::EFS::FileSystem": {
      "Documentation": "http://docs.aws.amazon.com/AWSCloudFormation/latest/UserGuide/aws-resource-efs-filesystem.html",
      "Properties": {
        "Encrypted": {
          "Documentation": "http://docs.aws.amazon.com/AWSCloudFormation/latest/UserGuide/aws-resource-efs-filesystem.html#cfn-efs-filesystem-encrypted",
          "PrimitiveType": "Boolean",
          "Required": false,
          "UpdateType": "Immutable"
        },
        "FileSystemTags": {
          "Documentation": "http://docs.aws.amazon.com/AWSCloudFormation/latest/UserGuide/aws-resource-efs-filesystem.html#cfn-efs-filesystem-filesystemtags",
          "DuplicatesAllowed": false,
          "ItemType": "ElasticFileSystemTag",
          "Required": false,
          "Type": "List",
          "UpdateType": "Mutable"
        },
        "KmsKeyId": {
          "Documentation": "http://docs.aws.amazon.com/AWSCloudFormation/latest/UserGuide/aws-resource-efs-filesystem.html#cfn-efs-filesystem-kmskeyid",
          "PrimitiveType": "String",
          "Required": false,
          "UpdateType": "Immutable"
        },
        "PerformanceMode": {
          "Documentation": "http://docs.aws.amazon.com/AWSCloudFormation/latest/UserGuide/aws-resource-efs-filesystem.html#cfn-efs-filesystem-performancemode",
          "PrimitiveType": "String",
          "Required": false,
          "UpdateType": "Immutable"
        },
        "ProvisionedThroughputInMibps": {
          "Documentation": "http://docs.aws.amazon.com/AWSCloudFormation/latest/UserGuide/aws-resource-efs-filesystem.html#cfn-elasticfilesystem-filesystem-provisionedthroughputinmibps",
          "PrimitiveType": "Double",
          "Required": false,
          "UpdateType": "Mutable"
        },
        "ThroughputMode": {
          "Documentation": "http://docs.aws.amazon.com/AWSCloudFormation/latest/UserGuide/aws-resource-efs-filesystem.html#cfn-elasticfilesystem-filesystem-throughputmode",
          "PrimitiveType": "String",
          "Required": false,
          "UpdateType": "Mutable"
        }
      }
    }
  },
  "ResourceSpecificationVersion": "3.0.0"
}