{
  "PropertyTypes": {
    "AWS::ElasticLoadBalancingV2::ListenerRule.Action": {
      "Documentation": "http://docs.aws.amazon.com/AWSCloudFormation/latest/UserGuide/aws-properties-elasticloadbalancingv2-listenerrule-actions.html",
      "Properties": {
        "AuthenticateCognitoConfig": {
          "Documentation": "http://docs.aws.amazon.com/AWSCloudFormation/latest/UserGuide/aws-properties-elasticloadbalancingv2-listenerrule-actions.html#cfn-elasticloadbalancingv2-listenerrule-action-authenticatecognitoconfig",
          "Required": false,
          "Type": "AuthenticateCognitoConfig",
          "UpdateType": "Mutable"
        },
        "AuthenticateOidcConfig": {
          "Documentation": "http://docs.aws.amazon.com/AWSCloudFormation/latest/UserGuide/aws-properties-elasticloadbalancingv2-listenerrule-actions.html#cfn-elasticloadbalancingv2-listenerrule-action-authenticateoidcconfig",
          "Required": false,
          "Type": "AuthenticateOidcConfig",
          "UpdateType": "Mutable"
        },
        "FixedResponseConfig": {
          "Documentation": "http://docs.aws.amazon.com/AWSCloudFormation/latest/UserGuide/aws-properties-elasticloadbalancingv2-listenerrule-actions.html#cfn-elasticloadbalancingv2-listenerrule-action-fixedresponseconfig",
          "Required": false,
          "Type": "FixedResponseConfig",
          "UpdateType": "Mutable"
        },
        "Order": {
          "Documentation": "http://docs.aws.amazon.com/AWSCloudFormation/latest/UserGuide/aws-properties-elasticloadbalancingv2-listenerrule-actions.html#cfn-elasticloadbalancingv2-listenerrule-action-order",
          "PrimitiveType": "Integer",
          "Required": false,
          "UpdateType": "Mutable"
        },
        "RedirectConfig": {
          "Documentation": "http://docs.aws.amazon.com/AWSCloudFormation/latest/UserGuide/aws-properties-elasticloadbalancingv2-listenerrule-actions.html#cfn-elasticloadbalancingv2-listenerrule-action-redirectconfig",
          "Required": false,
          "Type": "RedirectConfig",
          "UpdateType": "Mutable"
        },
        "TargetGroupArn": {
          "Documentation": "http://docs.aws.amazon.com/AWSCloudFormation/latest/UserGuide/aws-properties-elasticloadbalancingv2-listenerrule-actions.html#cfn-elasticloadbalancingv2-listener-actions-targetgrouparn",
          "PrimitiveType": "String",
          "Required": false,
          "UpdateType": "Mutable"
        },
        "Type": {
          "Documentation": "http://docs.aws.amazon.com/AWSCloudFormation/latest/UserGuide/aws-properties-elasticloadbalancingv2-listenerrule-actions.html#cfn-elasticloadbalancingv2-listener-actions-type",
          "PrimitiveType": "String",
          "Required": true,
          "UpdateType": "Mutable"
        }
      }
    },
    "AWS::ElasticLoadBalancingV2::ListenerRule.AuthenticateCognitoConfig": {
      "Documentation": "http://docs.aws.amazon.com/AWSCloudFormation/latest/UserGuide/aws-properties-elasticloadbalancingv2-listenerrule-authenticatecognitoconfig.html",
      "Properties": {
        "AuthenticationRequestExtraParams": {
          "Documentation": "http://docs.aws.amazon.com/AWSCloudFormation/latest/UserGuide/aws-properties-elasticloadbalancingv2-listenerrule-authenticatecognitoconfig.html#cfn-elasticloadbalancingv2-listenerrule-authenticatecognitoconfig-authenticationrequestextraparams",
          "DuplicatesAllowed": false,
          "PrimitiveItemType": "String",
          "Required": false,
          "Type": "Map",
          "UpdateType": "Mutable"
        },
        "OnUnauthenticatedRequest": {
          "Documentation": "http://docs.aws.amazon.com/AWSCloudFormation/latest/UserGuide/aws-properties-elasticloadbalancingv2-listenerrule-authenticatecognitoconfig.html#cfn-elasticloadbalancingv2-listenerrule-authenticatecognitoconfig-onunauthenticatedrequest",
          "PrimitiveType": "String",
          "Required": false,
          "UpdateType": "Mutable"
        },
        "Scope": {
          "Documentation": "http://docs.aws.amazon.com/AWSCloudFormation/latest/UserGuide/aws-properties-elasticloadbalancingv2-listenerrule-authenticatecognitoconfig.html#cfn-elasticloadbalancingv2-listenerrule-authenticatecognitoconfig-scope",
          "PrimitiveType": "String",
          "Required": false,
          "UpdateType": "Mutable"
        },
        "SessionCookieName": {
          "Documentation": "http://docs.aws.amazon.com/AWSCloudFormation/latest/UserGuide/aws-properties-elasticloadbalancingv2-listenerrule-authenticatecognitoconfig.html#cfn-elasticloadbalancingv2-listenerrule-authenticatecognitoconfig-sessioncookiename",
          "PrimitiveType": "String",
          "Required": false,
          "UpdateType": "Mutable"
        },
        "SessionTimeout": {
          "Documentation": "http://docs.aws.amazon.com/AWSCloudFormation/latest/UserGuide/aws-properties-elasticloadbalancingv2-listenerrule-authenticatecognitoconfig.html#cfn-elasticloadbalancingv2-listenerrule-authenticatecognitoconfig-sessiontimeout",
          "PrimitiveType": "Long",
          "Required": false,
          "UpdateType": "Mutable"
        },
        "UserPoolArn": {
          "Documentation": "http://docs.aws.amazon.com/AWSCloudFormation/latest/UserGuide/aws-properties-elasticloadbalancingv2-listenerrule-authenticatecognitoconfig.html#cfn-elasticloadbalancingv2-listenerrule-authenticatecognitoconfig-userpoolarn",
          "PrimitiveType": "String",
          "Required": true,
          "UpdateType": "Mutable"
        },
        "UserPoolClientId": {
          "Documentation": "http://docs.aws.amazon.com/AWSCloudFormation/latest/UserGuide/aws-properties-elasticloadbalancingv2-listenerrule-authenticatecognitoconfig.html#cfn-elasticloadbalancingv2-listenerrule-authenticatecognitoconfig-userpoolclientid",
          "PrimitiveType": "String",
          "Required": true,
          "UpdateType": "Mutable"
        },
        "UserPoolDomain": {
          "Documentation": "http://docs.aws.amazon.com/AWSCloudFormation/latest/UserGuide/aws-properties-elasticloadbalancingv2-listenerrule-authenticatecognitoconfig.html#cfn-elasticloadbalancingv2-listenerrule-authenticatecognitoconfig-userpooldomain",
          "PrimitiveType": "String",
          "Required": true,
          "UpdateType": "Mutable"
        }
      }
    },
    "AWS::ElasticLoadBalancingV2::ListenerRule.AuthenticateOidcConfig": {
      "Documentation": "http://docs.aws.amazon.com/AWSCloudFormation/latest/UserGuide/aws-properties-elasticloadbalancingv2-listenerrule-authenticateoidcconfig.html",
      "Properties": {
        "AuthenticationRequestExtraParams": {
          "Documentation": "http://docs.aws.amazon.com/AWSCloudFormation/latest/UserGuide/aws-properties-elasticloadbalancingv2-listenerrule-authenticateoidcconfig.html#cfn-elasticloadbalancingv2-listenerrule-authenticateoidcconfig-authenticationrequestextraparams",
          "DuplicatesAllowed": false,
          "PrimitiveItemType": "String",
          "Required": false,
          "Type": "Map",
          "UpdateType": "Mutable"
        },
        "AuthorizationEndpoint": {
          "Documentation": "http://docs.aws.amazon.com/AWSCloudFormation/latest/UserGuide/aws-properties-elasticloadbalancingv2-listenerrule-authenticateoidcconfig.html#cfn-elasticloadbalancingv2-listenerrule-authenticateoidcconfig-authorizationendpoint",
          "PrimitiveType": "String",
          "Required": true,
          "UpdateType": "Mutable"
        },
        "ClientId": {
          "Documentation": "http://docs.aws.amazon.com/AWSCloudFormation/latest/UserGuide/aws-properties-elasticloadbalancingv2-listenerrule-authenticateoidcconfig.html#cfn-elasticloadbalancingv2-listenerrule-authenticateoidcconfig-clientid",
          "PrimitiveType": "String",
          "Required": true,
          "UpdateType": "Mutable"
        },
        "ClientSecret": {
          "Documentation": "http://docs.aws.amazon.com/AWSCloudFormation/latest/UserGuide/aws-properties-elasticloadbalancingv2-listenerrule-authenticateoidcconfig.html#cfn-elasticloadbalancingv2-listenerrule-authenticateoidcconfig-clientsecret",
          "PrimitiveType": "String",
          "Required": true,
          "UpdateType": "Mutable"
        },
        "Issuer": {
          "Documentation": "http://docs.aws.amazon.com/AWSCloudFormation/latest/UserGuide/aws-properties-elasticloadbalancingv2-listenerrule-authenticateoidcconfig.html#cfn-elasticloadbalancingv2-listenerrule-authenticateoidcconfig-issuer",
          "PrimitiveType": "String",
          "Required": true,
          "UpdateType": "Mutable"
        },
        "OnUnauthenticatedRequest": {
          "Documentation": "http://docs.aws.amazon.com/AWSCloudFormation/latest/UserGuide/aws-properties-elasticloadbalancingv2-listenerrule-authenticateoidcconfig.html#cfn-elasticloadbalancingv2-listenerrule-authenticateoidcconfig-onunauthenticatedrequest",
          "PrimitiveType": "String",
          "Required": false,
          "UpdateType": "Mutable"
        },
        "Scope": {
          "Documentation": "http://docs.aws.amazon.com/AWSCloudFormation/latest/UserGuide/aws-properties-elasticloadbalancingv2-listenerrule-authenticateoidcconfig.html#cfn-elasticloadbalancingv2-listenerrule-authenticateoidcconfig-scope",
          "PrimitiveType": "String",
          "Required": false,
          "UpdateType": "Mutable"
        },
        "SessionCookieName": {
          "Documentation": "http://docs.aws.amazon.com/AWSCloudFormation/latest/UserGuide/aws-properties-elasticloadbalancingv2-listenerrule-authenticateoidcconfig.html#cfn-elasticloadbalancingv2-listenerrule-authenticateoidcconfig-sessioncookiename",
          "PrimitiveType": "String",
          "Required": false,
          "UpdateType": "Mutable"
        },
        "SessionTimeout": {
          "Documentation": "http://docs.aws.amazon.com/AWSCloudFormation/latest/UserGuide/aws-properties-elasticloadbalancingv2-listenerrule-authenticateoidcconfig.html#cfn-elasticloadbalancingv2-listenerrule-authenticateoidcconfig-sessiontimeout",
          "PrimitiveType": "Long",
          "Required": false,
          "UpdateType": "Mutable"
        },
        "TokenEndpoint": {
          "Documentation": "http://docs.aws.amazon.com/AWSCloudFormation/latest/UserGuide/aws-properties-elasticloadbalancingv2-listenerrule-authenticateoidcconfig.html#cfn-elasticloadbalancingv2-listenerrule-authenticateoidcconfig-tokenendpoint",
          "PrimitiveType": "String",
          "Required": true,
          "UpdateType": "Mutable"
        },
        "UserInfoEndpoint": {
          "Documentation": "http://docs.aws.amazon.com/AWSCloudFormation/latest/UserGuide/aws-properties-elasticloadbalancingv2-listenerrule-authenticateoidcconfig.html#cfn-elasticloadbalancingv2-listenerrule-authenticateoidcconfig-userinfoendpoint",
          "PrimitiveType": "String",
          "Required": true,
          "UpdateType": "Mutable"
        }
      }
    },
    "AWS::ElasticLoadBalancingV2::ListenerRule.FixedResponseConfig": {
      "Documentation": "http://docs.aws.amazon.com/AWSCloudFormation/latest/UserGuide/aws-properties-elasticloadbalancingv2-listenerrule-fixedresponseconfig.html",
      "Properties": {
        "ContentType": {
          "Documentation": "http://docs.aws.amazon.com/AWSCloudFormation/latest/UserGuide/aws-properties-elasticloadbalancingv2-listenerrule-fixedresponseconfig.html#cfn-elasticloadbalancingv2-listenerrule-fixedresponseconfig-contenttype",
          "PrimitiveType": "String",
          "Required": false,
          "UpdateType": "Mutable"
        },
        "MessageBody": {
          "Documentation": "http://docs.aws.amazon.com/AWSCloudFormation/latest/UserGuide/aws-properties-elasticloadbalancingv2-listenerrule-fixedresponseconfig.html#cfn-elasticloadbalancingv2-listenerrule-fixedresponseconfig-messagebody",
          "PrimitiveType": "String",
          "Required": false,
          "UpdateType": "Mutable"
        },
        "StatusCode": {
          "Documentation": "http://docs.aws.amazon.com/AWSCloudFormation/latest/UserGuide/aws-properties-elasticloadbalancingv2-listenerrule-fixedresponseconfig.html#cfn-elasticloadbalancingv2-listenerrule-fixedresponseconfig-statuscode",
          "PrimitiveType": "String",
          "Required": true,
          "UpdateType": "Mutable"
        }
      }
    },
    "AWS::ElasticLoadBalancingV2::ListenerRule.RedirectConfig": {
      "Documentation": "http://docs.aws.amazon.com/AWSCloudFormation/latest/UserGuide/aws-properties-elasticloadbalancingv2-listenerrule-redirectconfig.html",
      "Properties": {
        "Host": {
          "Documentation": "http://docs.aws.amazon.com/AWSCloudFormation/latest/UserGuide/aws-properties-elasticloadbalancingv2-listenerrule-redirectconfig.html#cfn-elasticloadbalancingv2-listenerrule-redirectconfig-host",
          "PrimitiveType": "String",
          "Required": false,
          "UpdateType": "Mutable"
        },
        "Path": {
          "Documentation": "http://docs.aws.amazon.com/AWSCloudFormation/latest/UserGuide/aws-properties-elasticloadbalancingv2-listenerrule-redirectconfig.html#cfn-elasticloadbalancingv2-listenerrule-redirectconfig-path",
          "PrimitiveType": "String",
          "Required": false,
          "UpdateType": "Mutable"
        },
        "Port": {
          "Documentation": "http://docs.aws.amazon.com/AWSCloudFormation/latest/UserGuide/aws-properties-elasticloadbalancingv2-listenerrule-redirectconfig.html#cfn-elasticloadbalancingv2-listenerrule-redirectconfig-port",
          "PrimitiveType": "String",
          "Required": false,
          "UpdateType": "Mutable"
        },
        "Protocol": {
          "Documentation": "http://docs.aws.amazon.com/AWSCloudFormation/latest/UserGuide/aws-properties-elasticloadbalancingv2-listenerrule-redirectconfig.html#cfn-elasticloadbalancingv2-listenerrule-redirectconfig-protocol",
          "PrimitiveType": "String",
          "Required": false,
          "UpdateType": "Mutable"
        },
        "Query": {
          "Documentation": "http://docs.aws.amazon.com/AWSCloudFormation/latest/UserGuide/aws-properties-elasticloadbalancingv2-listenerrule-redirectconfig.html#cfn-elasticloadbalancingv2-listenerrule-redirectconfig-query",
          "PrimitiveType": "String",
          "Required": false,
          "UpdateType": "Mutable"
        },
        "StatusCode": {
          "Documentation": "http://docs.aws.amazon.com/AWSCloudFormation/latest/UserGuide/aws-properties-elasticloadbalancingv2-listenerrule-redirectconfig.html#cfn-elasticloadbalancingv2-listenerrule-redirectconfig-statuscode",
          "PrimitiveType": "String",
          "Required": true,
          "UpdateType": "Mutable"
        }
      }
    },
    "AWS::ElasticLoadBalancingV2::ListenerRule.RuleCondition": {
      "Documentation": "http://docs.aws.amazon.com/AWSCloudFormation/latest/UserGuide/aws-properties-elasticloadbalancingv2-listenerrule-conditions.html",
      "Properties": {
        "Field": {
          "Documentation": "http://docs.aws.amazon.com/AWSCloudFormation/latest/UserGuide/aws-properties-elasticloadbalancingv2-listenerrule-conditions.html#cfn-elasticloadbalancingv2-listenerrule-conditions-field",
          "PrimitiveType": "String",
          "Required": false,
          "UpdateType": "Mutable"
        },
        "Values": {
          "Documentation": "http://docs.aws.amazon.com/AWSCloudFormation/latest/UserGuide/aws-properties-elasticloadbalancingv2-listenerrule-conditions.html#cfn-elasticloadbalancingv2-listenerrule-conditions-values",
          "DuplicatesAllowed": false,
          "PrimitiveItemType": "String",
          "Required": false,
          "Type": "List",
          "UpdateType": "Mutable"
        }
      }
    }
  },
  "ResourceType": {
    "AWS::ElasticLoadBalancingV2::ListenerRule": {
      "Documentation": "http://docs.aws.amazon.com/AWSCloudFormation/latest/UserGuide/aws-resource-elasticloadbalancingv2-listenerrule.html",
      "Properties": {
        "Actions": {
          "Documentation": "http://docs.aws.amazon.com/AWSCloudFormation/latest/UserGuide/aws-resource-elasticloadbalancingv2-listenerrule.html#cfn-elasticloadbalancingv2-listenerrule-actions",
          "DuplicatesAllowed": false,
          "ItemType": "Action",
          "Required": true,
          "Type": "List",
          "UpdateType": "Mutable"
        },
        "Conditions": {
          "Documentation": "http://docs.aws.amazon.com/AWSCloudFormation/latest/UserGuide/aws-resource-elasticloadbalancingv2-listenerrule.html#cfn-elasticloadbalancingv2-listenerrule-conditions",
          "DuplicatesAllowed": false,
          "ItemType": "RuleCondition",
          "Required": true,
          "Type": "List",
          "UpdateType": "Mutable"
        },
        "ListenerArn": {
          "Documentation": "http://docs.aws.amazon.com/AWSCloudFormation/latest/UserGuide/aws-resource-elasticloadbalancingv2-listenerrule.html#cfn-elasticloadbalancingv2-listenerrule-listenerarn",
          "PrimitiveType": "String",
          "Required": true,
          "UpdateType": "Immutable"
        },
        "Priority": {
          "Documentation": "http://docs.aws.amazon.com/AWSCloudFormation/latest/UserGuide/aws-resource-elasticloadbalancingv2-listenerrule.html#cfn-elasticloadbalancingv2-listenerrule-priority",
          "PrimitiveType": "Integer",
          "Required": true,
          "UpdateType": "Mutable"
        }
      }
    }
  },
  "ResourceSpecificationVersion": "3.0.0"
}