{
  "PropertyTypes": {
    "AWS::ElasticBeanstalk::Application.ApplicationResourceLifecycleConfig": {
      "Documentation": "http://docs.aws.amazon.com/AWSCloudFormation/latest/UserGuide/aws-properties-elasticbeanstalk-application-applicationresourcelifecycleconfig.html",
      "Properties": {
        "ServiceRole": {
          "Documentation": "http://docs.aws.amazon.com/AWSCloudFormation/latest/UserGuide/aws-properties-elasticbeanstalk-application-applicationresourcelifecycleconfig.html#cfn-elasticbeanstalk-application-applicationresourcelifecycleconfig-servicerole",
          "PrimitiveType": "String",
          "Required": false,
          "UpdateType": "Mutable"
        },
        "VersionLifecycleConfig": {
          "Documentation": "http://docs.aws.amazon.com/AWSCloudFormation/latest/UserGuide/aws-properties-elasticbeanstalk-application-applicationresourcelifecycleconfig.html#cfn-elasticbeanstalk-application-applicationresourcelifecycleconfig-versionlifecycleconfig",
          "Required": false,
          "Type": "ApplicationVersionLifecycleConfig",
          "UpdateType": "Mutable"
        }
      }
    },
    "AWS::ElasticBeanstalk::Application.ApplicationVersionLifecycleConfig": {
      "Documentation": "http://docs.aws.amazon.com/AWSCloudFormation/latest/UserGuide/aws-properties-elasticbeanstalk-application-applicationversionlifecycleconfig.html",
      "Properties": {
        "MaxAgeRule": {
          "Documentation": "http://docs.aws.amazon.com/AWSCloudFormation/latest/UserGuide/aws-properties-elasticbeanstalk-application-applicationversionlifecycleconfig.html#cfn-elasticbeanstalk-application-applicationversionlifecycleconfig-maxagerule",
          "Required": false,
          "Type": "MaxAgeRule",
          "UpdateType": "Mutable"
        },
        "MaxCountRule": {
          "Documentation": "http://docs.aws.amazon.com/AWSCloudFormation/latest/UserGuide/aws-properties-elasticbeanstalk-application-applicationversionlifecycleconfig.html#cfn-elasticbeanstalk-application-applicationversionlifecycleconfig-maxcountrule",
          "Required": false,
          "Type": "MaxCountRule",
          "UpdateType": "Mutable"
        }
      }
    },
    "AWS::ElasticBeanstalk::Application.MaxAgeRule": {
      "Documentation": "http://docs.aws.amazon.com/AWSCloudFormation/latest/UserGuide/aws-properties-elasticbeanstalk-application-maxagerule.html",
      "Properties": {
        "DeleteSourceFromS3": {
          "Documentation": "http://docs.aws.amazon.com/AWSCloudFormation/latest/UserGuide/aws-properties-elasticbeanstalk-application-maxagerule.html#cfn-elasticbeanstalk-application-maxagerule-deletesourcefroms3",
          "PrimitiveType": "Boolean",
          "Required": false,
          "UpdateType": "Mutable"
        },
        "Enabled": {
          "Documentation": "http://docs.aws.amazon.com/AWSCloudFormation/latest/UserGuide/aws-properties-elasticbeanstalk-application-maxagerule.html#cfn-elasticbeanstalk-application-maxagerule-enabled",
          "PrimitiveType": "Boolean",
          "Required": false,
          "UpdateType": "Mutable"
        },
        "MaxAgeInDays": {
          "Documentation": "http://docs.aws.amazon.com/AWSCloudFormation/latest/UserGuide/aws-properties-elasticbeanstalk-application-maxagerule.html#cfn-elasticbeanstalk-application-maxagerule-maxageindays",
          "PrimitiveType": "Integer",
          "Required": false,
          "UpdateType": "Mutable"
        }
      }
    },
    "AWS::ElasticBeanstalk::Application.MaxCountRule": {
      "Documentation": "http://docs.aws.amazon.com/AWSCloudFormation/latest/UserGuide/aws-properties-elasticbeanstalk-application-maxcountrule.html",
      "Properties": {
        "DeleteSourceFromS3": {
          "Documentation": "http://docs.aws.amazon.com/AWSCloudFormation/latest/UserGuide/aws-properties-elasticbeanstalk-application-maxcountrule.html#cfn-elasticbeanstalk-application-maxcountrule-deletesourcefroms3",
          "PrimitiveType": "Boolean",
          "Required": false,
          "UpdateType": "Mutable"
        },
        "Enabled": {
          "Documentation": "http://docs.aws.amazon.com/AWSCloudFormation/latest/UserGuide/aws-properties-elasticbeanstalk-application-maxcountrule.html#cfn-elasticbeanstalk-application-maxcountrule-enabled",
          "PrimitiveType": "Boolean",
          "Required": false,
          "UpdateType": "Mutable"
        },
        "MaxCount": {
          "Documentation": "http://docs.aws.amazon.com/AWSCloudFormation/latest/UserGuide/aws-properties-elasticbeanstalk-application-maxcountrule.html#cfn-elasticbeanstalk-application-maxcountrule-maxcount",
          "PrimitiveType": "Integer",
          "Required": false,
          "UpdateType": "Mutable"
        }
      }
    }
  },
  "ResourceType": {
    "AWS::ElasticBeanstalk::Application": {
      "Documentation": "http://docs.aws.amazon.com/AWSCloudFormation/latest/UserGuide/aws-properties-beanstalk.html",
      "Properties": {
        "ApplicationName": {
          "Documentation": "http://docs.aws.amazon.com/AWSCloudFormation/latest/UserGuide/aws-properties-beanstalk.html#cfn-elasticbeanstalk-application-name",
          "PrimitiveType": "String",
          "Required": false,
          "UpdateType": "Immutable"
        },
        "Description": {
          "Documentation": "http://docs.aws.amazon.com/AWSCloudFormation/latest/UserGuide/aws-properties-beanstalk.html#cfn-elasticbeanstalk-application-description",
          "PrimitiveType": "String",
          "Required": false,
          "UpdateType": "Mutable"
        },
        "ResourceLifecycleConfig": {
          "Documentation": "http://docs.aws.amazon.com/AWSCloudFormation/latest/UserGuide/aws-properties-beanstalk.html#cfn-elasticbeanstalk-application-resourcelifecycleconfig",
          "Required": false,
          "Type": "ApplicationResourceLifecycleConfig",
          "UpdateType": "Mutable"
        }
      }
    }
  },
  "ResourceSpecificationVersion": "3.0.0"
}