{
  "PropertyTypes": {
    "AWS::ElasticLoadBalancingV2::TargetGroup.Matcher": {
      "Documentation": "http://docs.aws.amazon.com/AWSCloudFormation/latest/UserGuide/aws-properties-elasticloadbalancingv2-targetgroup-matcher.html",
      "Properties": {
        "HttpCode": {
          "Documentation": "http://docs.aws.amazon.com/AWSCloudFormation/latest/UserGuide/aws-properties-elasticloadbalancingv2-targetgroup-matcher.html#cfn-elasticloadbalancingv2-targetgroup-matcher-httpcode",
          "PrimitiveType": "String",
          "Required": true,
          "UpdateType": "Mutable"
        }
      }
    },
    "AWS::ElasticLoadBalancingV2::TargetGroup.TargetDescription": {
      "Documentation": "http://docs.aws.amazon.com/AWSCloudFormation/latest/UserGuide/aws-properties-elasticloadbalancingv2-targetgroup-targetdescription.html",
      "Properties": {
        "AvailabilityZone": {
          "Documentation": "http://docs.aws.amazon.com/AWSCloudFormation/latest/UserGuide/aws-properties-elasticloadbalancingv2-targetgroup-targetdescription.html#cfn-elasticloadbalancingv2-targetgroup-targetdescription-availabilityzone",
          "PrimitiveType": "String",
          "Required": false,
          "UpdateType": "Mutable"
        },
        "Id": {
          "Documentation": "http://docs.aws.amazon.com/AWSCloudFormation/latest/UserGuide/aws-properties-elasticloadbalancingv2-targetgroup-targetdescription.html#cfn-elasticloadbalancingv2-targetgroup-targetdescription-id",
          "PrimitiveType": "String",
          "Required": true,
          "UpdateType": "Mutable"
        },
        "Port": {
          "Documentation": "http://docs.aws.amazon.com/AWSCloudFormation/latest/UserGuide/aws-properties-elasticloadbalancingv2-targetgroup-targetdescription.html#cfn-elasticloadbalancingv2-targetgroup-targetdescription-port",
          "PrimitiveType": "Integer",
          "Required": false,
          "UpdateType": "Mutable"
        }
      }
    },
    "AWS::ElasticLoadBalancingV2::TargetGroup.TargetGroupAttribute": {
      "Documentation": "http://docs.aws.amazon.com/AWSCloudFormation/latest/UserGuide/aws-properties-elasticloadbalancingv2-targetgroup-targetgroupattribute.html",
      "Properties": {
        "Key": {
          "Documentation": "http://docs.aws.amazon.com/AWSCloudFormation/latest/UserGuide/aws-properties-elasticloadbalancingv2-targetgroup-targetgroupattribute.html#cfn-elasticloadbalancingv2-targetgroup-targetgroupattribute-key",
          "PrimitiveType": "String",
          "Required": false,
          "UpdateType": "Mutable"
        },
        "Value": {
          "Documentation": "http://docs.aws.amazon.com/AWSCloudFormation/latest/UserGuide/aws-properties-elasticloadbalancingv2-targetgroup-targetgroupattribute.html#cfn-elasticloadbalancingv2-targetgroup-targetgroupattribute-value",
          "PrimitiveType": "String",
          "Required": false,
          "UpdateType": "Mutable"
        }
      }
    },
    "Tag": {
      "Documentation": "http://docs.aws.amazon.com/AWSCloudFormation/latest/UserGuide/aws-properties-resource-tags.html",
      "Properties": {
        "Key": {
          "Documentation": "http://docs.aws.amazon.com/AWSCloudFormation/latest/UserGuide/aws-properties-resource-tags.html#cfn-resource-tags-key",
          "PrimitiveType": "String",
          "Required": true,
          "UpdateType": "Mutable"
        },
        "Value": {
          "Documentation": "http://docs.aws.amazon.com/AWSCloudFormation/latest/UserGuide/aws-properties-resource-tags.html#cfn-resource-tags-value",
          "PrimitiveType": "String",
          "Required": true,
          "UpdateType": "Mutable"
        }
      }
    }
  },
  "ResourceType": {
    "AWS::ElasticLoadBalancingV2::TargetGroup": {
      "Attributes": {
        "LoadBalancerArns": {
          "PrimitiveItemType": "String",
          "Type": "List"
        },
        "TargetGroupFullName": {
          "PrimitiveType": "String"
        },
        "TargetGroupName": {
          "PrimitiveType": "String"
        }
      },
      "Documentation": "http://docs.aws.amazon.com/AWSCloudFormation/latest/UserGuide/aws-resource-elasticloadbalancingv2-targetgroup.html",
      "Properties": {
        "HealthCheckEnabled": {
          "Documentation": "http://docs.aws.amazon.com/AWSCloudFormation/latest/UserGuide/aws-resource-elasticloadbalancingv2-targetgroup.html#cfn-elasticloadbalancingv2-targetgroup-healthcheckenabled",
          "PrimitiveType": "Boolean",
          "Required": false,
          "UpdateType": "Mutable"
        },
        "HealthCheckIntervalSeconds": {
          "Documentation": "http://docs.aws.amazon.com/AWSCloudFormation/latest/UserGuide/aws-resource-elasticloadbalancingv2-targetgroup.html#cfn-elasticloadbalancingv2-targetgroup-healthcheckintervalseconds",
          "PrimitiveType": "Integer",
          "Required": false,
          "UpdateType": "Mutable"
        },
        "HealthCheckPath": {
          "Documentation": "http://docs.aws.amazon.com/AWSCloudFormation/latest/UserGuide/aws-resource-elasticloadbalancingv2-targetgroup.html#cfn-elasticloadbalancingv2-targetgroup-healthcheckpath",
          "PrimitiveType": "String",
          "Required": false,
          "UpdateType": "Mutable"
        },
        "HealthCheckPort": {
          "Documentation": "http://docs.aws.amazon.com/AWSCloudFormation/latest/UserGuide/aws-resource-elasticloadbalancingv2-targetgroup.html#cfn-elasticloadbalancingv2-targetgroup-healthcheckport",
          "PrimitiveType": "String",
          "Required": false,
          "UpdateType": "Mutable"
        },
        "HealthCheckProtocol": {
          "Documentation": "http://docs.aws.amazon.com/AWSCloudFormation/latest/UserGuide/aws-resource-elasticloadbalancingv2-targetgroup.html#cfn-elasticloadbalancingv2-targetgroup-healthcheckprotocol",
          "PrimitiveType": "String",
          "Required": false,
          "UpdateType": "Mutable"
        },
        "HealthCheckTimeoutSeconds": {
          "Documentation": "http://docs.aws.amazon.com/AWSCloudFormation/latest/UserGuide/aws-resource-elasticloadbalancingv2-targetgroup.html#cfn-elasticloadbalancingv2-targetgroup-healthchecktimeoutseconds",
          "PrimitiveType": "Integer",
          "Required": false,
          "UpdateType": "Mutable"
        },
        "HealthyThresholdCount": {
          "Documentation": "http://docs.aws.amazon.com/AWSCloudFormation/latest/UserGuide/aws-resource-elasticloadbalancingv2-targetgroup.html#cfn-elasticloadbalancingv2-targetgroup-healthythresholdcount",
          "PrimitiveType": "Integer",
          "Required": false,
          "UpdateType": "Mutable"
        },
        "Matcher": {
          "Documentation": "http://docs.aws.amazon.com/AWSCloudFormation/latest/UserGuide/aws-resource-elasticloadbalancingv2-targetgroup.html#cfn-elasticloadbalancingv2-targetgroup-matcher",
          "Required": false,
          "Type": "Matcher",
          "UpdateType": "Mutable"
        },
        "Name": {
          "Documentation": "http://docs.aws.amazon.com/AWSCloudFormation/latest/UserGuide/aws-resource-elasticloadbalancingv2-targetgroup.html#cfn-elasticloadbalancingv2-targetgroup-name",
          "PrimitiveType": "String",
          "Required": false,
          "UpdateType": "Immutable"
        },
        "Port": {
          "Documentation": "http://docs.aws.amazon.com/AWSCloudFormation/latest/UserGuide/aws-resource-elasticloadbalancingv2-targetgroup.html#cfn-elasticloadbalancingv2-targetgroup-port",
          "PrimitiveType": "Integer",
          "Required": false,
          "UpdateType": "Immutable"
        },
        "Protocol": {
          "Documentation": "http://docs.aws.amazon.com/AWSCloudFormation/latest/UserGuide/aws-resource-elasticloadbalancingv2-targetgroup.html#cfn-elasticloadbalancingv2-targetgroup-protocol",
          "PrimitiveType": "String",
          "Required": false,
          "UpdateType": "Immutable"
        },
        "Tags": {
          "Documentation": "http://docs.aws.amazon.com/AWSCloudFormation/latest/UserGuide/aws-resource-elasticloadbalancingv2-targetgroup.html#cfn-elasticloadbalancingv2-targetgroup-tags",
          "DuplicatesAllowed": true,
          "ItemType": "Tag",
          "Required": false,
          "Type": "List",
          "UpdateType": "Mutable"
        },
        "TargetGroupAttributes": {
          "Documentation": "http://docs.aws.amazon.com/AWSCloudFormation/latest/UserGuide/aws-resource-elasticloadbalancingv2-targetgroup.html#cfn-elasticloadbalancingv2-targetgroup-targetgroupattributes",
          "DuplicatesAllowed": false,
          "ItemType": "TargetGroupAttribute",
          "Required": false,
          "Type": "List",
          "UpdateType": "Mutable"
        },
        "TargetType": {
          "Documentation": "http://docs.aws.amazon.com/AWSCloudFormation/latest/UserGuide/aws-resource-elasticloadbalancingv2-targetgroup.html#cfn-elasticloadbalancingv2-targetgroup-targettype",
          "PrimitiveType": "String",
          "Required": false,
          "UpdateType": "Immutable"
        },
        "Targets": {
          "Documentation": "http://docs.aws.amazon.com/AWSCloudFormation/latest/UserGuide/aws-resource-elasticloadbalancingv2-targetgroup.html#cfn-elasticloadbalancingv2-targetgroup-targets",
          "DuplicatesAllowed": false,
          "ItemType": "TargetDescription",
          "Required": false,
          "Type": "List",
          "UpdateType": "Mutable"
        },
        "UnhealthyThresholdCount": {
          "Documentation": "http://docs.aws.amazon.com/AWSCloudFormation/latest/UserGuide/aws-resource-elasticloadbalancingv2-targetgroup.html#cfn-elasticloadbalancingv2-targetgroup-unhealthythresholdcount",
          "PrimitiveType": "Integer",
          "Required": false,
          "UpdateType": "Mutable"
        },
        "VpcId": {
          "Documentation": "http://docs.aws.amazon.com/AWSCloudFormation/latest/UserGuide/aws-resource-elasticloadbalancingv2-targetgroup.html#cfn-elasticloadbalancingv2-targetgroup-vpcid",
          "PrimitiveType": "String",
          "Required": false,
          "UpdateType": "Immutable"
        }
      }
    }
  },
  "ResourceSpecificationVersion": "3.0.0"
}