{
  "PropertyTypes": {
    "AWS::ElasticBeanstalk::ApplicationVersion.SourceBundle": {
      "Documentation": "http://docs.aws.amazon.com/AWSCloudFormation/latest/UserGuide/aws-properties-beanstalk-sourcebundle.html",
      "Properties": {
        "S3Bucket": {
          "Documentation": "http://docs.aws.amazon.com/AWSCloudFormation/latest/UserGuide/aws-properties-beanstalk-sourcebundle.html#cfn-beanstalk-sourcebundle-s3bucket",
          "PrimitiveType": "String",
          "Required": true,
          "UpdateType": "Mutable"
        },
        "S3Key": {
          "Documentation": "http://docs.aws.amazon.com/AWSCloudFormation/latest/UserGuide/aws-properties-beanstalk-sourcebundle.html#cfn-beanstalk-sourcebundle-s3key",
          "PrimitiveType": "String",
          "Required": true,
          "UpdateType": "Mutable"
        }
      }
    }
  },
  "ResourceType": {
    "AWS::ElasticBeanstalk::ApplicationVersion": {
      "Documentation": "http://docs.aws.amazon.com/AWSCloudFormation/latest/UserGuide/aws-properties-beanstalk-version.html",
      "Properties": {
        "ApplicationName": {
          "Documentation": "http://docs.aws.amazon.com/AWSCloudFormation/latest/UserGuide/aws-properties-beanstalk-version.html#cfn-elasticbeanstalk-applicationversion-applicationname",
          "PrimitiveType": "String",
          "Required": true,
          "UpdateType": "Immutable"
        },
        "Description": {
          "Documentation": "http://docs.aws.amazon.com/AWSCloudFormation/latest/UserGuide/aws-properties-beanstalk-version.html#cfn-elasticbeanstalk-applicationversion-description",
          "PrimitiveType": "String",
          "Required": false,
          "UpdateType": "Mutable"
        },
        "SourceBundle": {
          "Documentation": "http://docs.aws.amazon.com/AWSCloudFormation/latest/UserGuide/aws-properties-beanstalk-version.html#cfn-elasticbeanstalk-applicationversion-sourcebundle",
          "Required": true,
          "Type": "SourceBundle",
          "UpdateType": "Immutable"
        }
      }
    }
  },
  "ResourceSpecificationVersion": "3.0.0"
}