{
  "PropertyTypes": {
    "AWS::Events::EventBusPolicy.Condition": {
      "Documentation": "http://docs.aws.amazon.com/AWSCloudFormation/latest/UserGuide/aws-properties-events-eventbuspolicy-condition.html",
      "Properties": {
        "Type": {
          "Required": false,
          "Documentation": "http://docs.aws.amazon.com/AWSCloudFormation/latest/UserGuide/aws-properties-events-eventbuspolicy-condition.html#cfn-events-eventbuspolicy-condition-type",
          "PrimitiveType": "String",
          "UpdateType": "Mutable"
        },
        "Value": {
          "Required": false,
          "Documentation": "http://docs.aws.amazon.com/AWSCloudFormation/latest/UserGuide/aws-properties-events-eventbuspolicy-condition.html#cfn-events-eventbuspolicy-condition-value",
          "PrimitiveType": "String",
          "UpdateType": "Mutable"
        },
        "Key": {
          "Required": false,
          "Documentation": "http://docs.aws.amazon.com/AWSCloudFormation/latest/UserGuide/aws-properties-events-eventbuspolicy-condition.html#cfn-events-eventbuspolicy-condition-key",
          "PrimitiveType": "String",
          "UpdateType": "Mutable"
        }
      }
    }
  },
  "ResourceType": {
    "AWS::Events::EventBusPolicy": {
      "Documentation": "http://docs.aws.amazon.com/AWSCloudFormation/latest/UserGuide/aws-resource-events-eventbuspolicy.html",
      "Properties": {
        "Condition": {
          "Type": "Condition",
          "Required": false,
          "Documentation": "http://docs.aws.amazon.com/AWSCloudFormation/latest/UserGuide/aws-resource-events-eventbuspolicy.html#cfn-events-eventbuspolicy-condition",
          "UpdateType": "Mutable"
        },
        "Action": {
          "Required": true,
          "Documentation": "http://docs.aws.amazon.com/AWSCloudFormation/latest/UserGuide/aws-resource-events-eventbuspolicy.html#cfn-events-eventbuspolicy-action",
          "PrimitiveType": "String",
          "UpdateType": "Mutable"
        },
        "StatementId": {
          "Required": true,
          "Documentation": "http://docs.aws.amazon.com/AWSCloudFormation/latest/UserGuide/aws-resource-events-eventbuspolicy.html#cfn-events-eventbuspolicy-statementid",
          "PrimitiveType": "String",
          "UpdateType": "Immutable"
        },
        "Principal": {
          "Required": true,
          "Documentation": "http://docs.aws.amazon.com/AWSCloudFormation/latest/UserGuide/aws-resource-events-eventbuspolicy.html#cfn-events-eventbuspolicy-principal",
          "PrimitiveType": "String",
          "UpdateType": "Mutable"
        }
      }
    }
  },
  "ResourceSpecificationVersion": "3.0.0"
}