{
  "PropertyTypes": {
    "AWS::FSx::FileSystem.LustreConfiguration": {
      "Documentation": "http://docs.aws.amazon.com/AWSCloudFormation/latest/UserGuide/aws-properties-fsx-filesystem-lustreconfiguration.html",
      "Properties": {
        "ImportPath": {
          "Required": false,
          "Documentation": "http://docs.aws.amazon.com/AWSCloudFormation/latest/UserGuide/aws-properties-fsx-filesystem-lustreconfiguration.html#cfn-fsx-filesystem-lustreconfiguration-importpath",
          "PrimitiveType": "String",
          "UpdateType": "Immutable"
        },
        "WeeklyMaintenanceStartTime": {
          "Required": false,
          "Documentation": "http://docs.aws.amazon.com/AWSCloudFormation/latest/UserGuide/aws-properties-fsx-filesystem-lustreconfiguration.html#cfn-fsx-filesystem-lustreconfiguration-weeklymaintenancestarttime",
          "PrimitiveType": "String",
          "UpdateType": "Mutable"
        },
        "ImportedFileChunkSize": {
          "Required": false,
          "Documentation": "http://docs.aws.amazon.com/AWSCloudFormation/latest/UserGuide/aws-properties-fsx-filesystem-lustreconfiguration.html#cfn-fsx-filesystem-lustreconfiguration-importedfilechunksize",
          "PrimitiveType": "Integer",
          "UpdateType": "Immutable"
        },
        "ExportPath": {
          "Required": false,
          "Documentation": "http://docs.aws.amazon.com/AWSCloudFormation/latest/UserGuide/aws-properties-fsx-filesystem-lustreconfiguration.html#cfn-fsx-filesystem-lustreconfiguration-exportpath",
          "PrimitiveType": "String",
          "UpdateType": "Immutable"
        }
      }
    },
    "AWS::FSx::FileSystem.WindowsConfiguration": {
      "Documentation": "http://docs.aws.amazon.com/AWSCloudFormation/latest/UserGuide/aws-properties-fsx-filesystem-windowsconfiguration.html",
      "Properties": {
        "WeeklyMaintenanceStartTime": {
          "Required": false,
          "Documentation": "http://docs.aws.amazon.com/AWSCloudFormation/latest/UserGuide/aws-properties-fsx-filesystem-windowsconfiguration.html#cfn-fsx-filesystem-windowsconfiguration-weeklymaintenancestarttime",
          "PrimitiveType": "String",
          "UpdateType": "Mutable"
        },
        "ActiveDirectoryId": {
          "Required": false,
          "Documentation": "http://docs.aws.amazon.com/AWSCloudFormation/latest/UserGuide/aws-properties-fsx-filesystem-windowsconfiguration.html#cfn-fsx-filesystem-windowsconfiguration-activedirectoryid",
          "PrimitiveType": "String",
          "UpdateType": "Immutable"
        },
        "ThroughputCapacity": {
          "Required": false,
          "Documentation": "http://docs.aws.amazon.com/AWSCloudFormation/latest/UserGuide/aws-properties-fsx-filesystem-windowsconfiguration.html#cfn-fsx-filesystem-windowsconfiguration-throughputcapacity",
          "PrimitiveType": "Integer",
          "UpdateType": "Immutable"
        },
        "CopyTagsToBackups": {
          "Required": false,
          "Documentation": "http://docs.aws.amazon.com/AWSCloudFormation/latest/UserGuide/aws-properties-fsx-filesystem-windowsconfiguration.html#cfn-fsx-filesystem-windowsconfiguration-copytagstobackups",
          "PrimitiveType": "Boolean",
          "UpdateType": "Immutable"
        },
        "DailyAutomaticBackupStartTime": {
          "Required": false,
          "Documentation": "http://docs.aws.amazon.com/AWSCloudFormation/latest/UserGuide/aws-properties-fsx-filesystem-windowsconfiguration.html#cfn-fsx-filesystem-windowsconfiguration-dailyautomaticbackupstarttime",
          "PrimitiveType": "String",
          "UpdateType": "Mutable"
        },
        "AutomaticBackupRetentionDays": {
          "Required": false,
          "Documentation": "http://docs.aws.amazon.com/AWSCloudFormation/latest/UserGuide/aws-properties-fsx-filesystem-windowsconfiguration.html#cfn-fsx-filesystem-windowsconfiguration-automaticbackupretentiondays",
          "PrimitiveType": "Integer",
          "UpdateType": "Mutable"
        }
      }
    },
    "Tag": {
      "Documentation": "http://docs.aws.amazon.com/AWSCloudFormation/latest/UserGuide/aws-properties-fsx-filesystem-tag.html",
      "Properties": {
        "Value": {
          "Required": true,
          "Documentation": "http://docs.aws.amazon.com/AWSCloudFormation/latest/UserGuide/aws-properties-fsx-filesystem-tag.html#cfn-fsx-filesystem-tag-value",
          "PrimitiveType": "String",
          "UpdateType": "Mutable"
        },
        "Key": {
          "Required": true,
          "Documentation": "http://docs.aws.amazon.com/AWSCloudFormation/latest/UserGuide/aws-properties-fsx-filesystem-tag.html#cfn-fsx-filesystem-tag-key",
          "PrimitiveType": "String",
          "UpdateType": "Mutable"
        }
      }
    }
  },
  "ResourceType": {
    "AWS::FSx::FileSystem": {
      "Documentation": "http://docs.aws.amazon.com/AWSCloudFormation/latest/UserGuide/aws-resource-fsx-filesystem.html",
      "Properties": {
        "KmsKeyId": {
          "Required": false,
          "Documentation": "http://docs.aws.amazon.com/AWSCloudFormation/latest/UserGuide/aws-resource-fsx-filesystem.html#cfn-fsx-filesystem-kmskeyid",
          "PrimitiveType": "String",
          "UpdateType": "Immutable"
        },
        "StorageCapacity": {
          "Required": false,
          "Documentation": "http://docs.aws.amazon.com/AWSCloudFormation/latest/UserGuide/aws-resource-fsx-filesystem.html#cfn-fsx-filesystem-storagecapacity",
          "PrimitiveType": "Integer",
          "UpdateType": "Immutable"
        },
        "FileSystemType": {
          "Required": false,
          "Documentation": "http://docs.aws.amazon.com/AWSCloudFormation/latest/UserGuide/aws-resource-fsx-filesystem.html#cfn-fsx-filesystem-filesystemtype",
          "PrimitiveType": "String",
          "UpdateType": "Immutable"
        },
        "LustreConfiguration": {
          "Type": "LustreConfiguration",
          "Required": false,
          "Documentation": "http://docs.aws.amazon.com/AWSCloudFormation/latest/UserGuide/aws-resource-fsx-filesystem.html#cfn-fsx-filesystem-lustreconfiguration",
          "UpdateType": "Mutable"
        },
        "BackupId": {
          "Required": false,
          "Documentation": "http://docs.aws.amazon.com/AWSCloudFormation/latest/UserGuide/aws-resource-fsx-filesystem.html#cfn-fsx-filesystem-backupid",
          "PrimitiveType": "String",
          "UpdateType": "Immutable"
        },
        "SubnetIds": {
          "PrimitiveItemType": "String",
          "Type": "List",
          "Required": false,
          "Documentation": "http://docs.aws.amazon.com/AWSCloudFormation/latest/UserGuide/aws-resource-fsx-filesystem.html#cfn-fsx-filesystem-subnetids",
          "UpdateType": "Immutable"
        },
        "SecurityGroupIds": {
          "PrimitiveItemType": "String",
          "Type": "List",
          "Required": false,
          "Documentation": "http://docs.aws.amazon.com/AWSCloudFormation/latest/UserGuide/aws-resource-fsx-filesystem.html#cfn-fsx-filesystem-securitygroupids",
          "UpdateType": "Immutable"
        },
        "Tags": {
          "Type": "List",
          "Required": false,
          "Documentation": "http://docs.aws.amazon.com/AWSCloudFormation/latest/UserGuide/aws-resource-fsx-filesystem.html#cfn-fsx-filesystem-tags",
          "ItemType": "Tag",
          "UpdateType": "Mutable"
        },
        "WindowsConfiguration": {
          "Type": "WindowsConfiguration",
          "Required": false,
          "Documentation": "http://docs.aws.amazon.com/AWSCloudFormation/latest/UserGuide/aws-resource-fsx-filesystem.html#cfn-fsx-filesystem-windowsconfiguration",
          "UpdateType": "Mutable"
        }
      }
    }
  },
  "ResourceSpecificationVersion": "3.0.0"
}