{
  "PropertyTypes": {
    "AWS::Glue::Connection.PhysicalConnectionRequirements": {
      "Documentation": "http://docs.aws.amazon.com/AWSCloudFormation/latest/UserGuide/aws-properties-glue-connection-physicalconnectionrequirements.html",
      "Properties": {
        "AvailabilityZone": {
          "Required": false,
          "Documentation": "http://docs.aws.amazon.com/AWSCloudFormation/latest/UserGuide/aws-properties-glue-connection-physicalconnectionrequirements.html#cfn-glue-connection-physicalconnectionrequirements-availabilityzone",
          "PrimitiveType": "String",
          "UpdateType": "Mutable"
        },
        "SecurityGroupIdList": {
          "PrimitiveItemType": "String",
          "Type": "List",
          "Required": false,
          "Documentation": "http://docs.aws.amazon.com/AWSCloudFormation/latest/UserGuide/aws-properties-glue-connection-physicalconnectionrequirements.html#cfn-glue-connection-physicalconnectionrequirements-securitygroupidlist",
          "UpdateType": "Mutable"
        },
        "SubnetId": {
          "Required": false,
          "Documentation": "http://docs.aws.amazon.com/AWSCloudFormation/latest/UserGuide/aws-properties-glue-connection-physicalconnectionrequirements.html#cfn-glue-connection-physicalconnectionrequirements-subnetid",
          "PrimitiveType": "String",
          "UpdateType": "Mutable"
        }
      }
    },
    "AWS::Glue::Connection.ConnectionInput": {
      "Documentation": "http://docs.aws.amazon.com/AWSCloudFormation/latest/UserGuide/aws-properties-glue-connection-connectioninput.html",
      "Properties": {
        "Description": {
          "Required": false,
          "Documentation": "http://docs.aws.amazon.com/AWSCloudFormation/latest/UserGuide/aws-properties-glue-connection-connectioninput.html#cfn-glue-connection-connectioninput-description",
          "PrimitiveType": "String",
          "UpdateType": "Mutable"
        },
        "ConnectionType": {
          "Required": true,
          "Documentation": "http://docs.aws.amazon.com/AWSCloudFormation/latest/UserGuide/aws-properties-glue-connection-connectioninput.html#cfn-glue-connection-connectioninput-connectiontype",
          "PrimitiveType": "String",
          "UpdateType": "Mutable"
        },
        "MatchCriteria": {
          "PrimitiveItemType": "String",
          "Type": "List",
          "Required": false,
          "Documentation": "http://docs.aws.amazon.com/AWSCloudFormation/latest/UserGuide/aws-properties-glue-connection-connectioninput.html#cfn-glue-connection-connectioninput-matchcriteria",
          "UpdateType": "Mutable"
        },
        "PhysicalConnectionRequirements": {
          "Type": "PhysicalConnectionRequirements",
          "Required": false,
          "Documentation": "http://docs.aws.amazon.com/AWSCloudFormation/latest/UserGuide/aws-properties-glue-connection-connectioninput.html#cfn-glue-connection-connectioninput-physicalconnectionrequirements",
          "UpdateType": "Mutable"
        },
        "ConnectionProperties": {
          "Required": true,
          "Documentation": "http://docs.aws.amazon.com/AWSCloudFormation/latest/UserGuide/aws-properties-glue-connection-connectioninput.html#cfn-glue-connection-connectioninput-connectionproperties",
          "PrimitiveType": "Json",
          "UpdateType": "Mutable"
        },
        "Name": {
          "Required": false,
          "Documentation": "http://docs.aws.amazon.com/AWSCloudFormation/latest/UserGuide/aws-properties-glue-connection-connectioninput.html#cfn-glue-connection-connectioninput-name",
          "PrimitiveType": "String",
          "UpdateType": "Immutable"
        }
      }
    }
  },
  "ResourceType": {
    "AWS::Glue::Connection": {
      "Documentation": "http://docs.aws.amazon.com/AWSCloudFormation/latest/UserGuide/aws-resource-glue-connection.html",
      "Properties": {
        "ConnectionInput": {
          "Type": "ConnectionInput",
          "Required": true,
          "Documentation": "http://docs.aws.amazon.com/AWSCloudFormation/latest/UserGuide/aws-resource-glue-connection.html#cfn-glue-connection-connectioninput",
          "UpdateType": "Mutable"
        },
        "CatalogId": {
          "Required": true,
          "Documentation": "http://docs.aws.amazon.com/AWSCloudFormation/latest/UserGuide/aws-resource-glue-connection.html#cfn-glue-connection-catalogid",
          "PrimitiveType": "String",
          "UpdateType": "Immutable"
        }
      }
    }
  },
  "ResourceSpecificationVersion": "3.0.0"
}