{
  "PropertyTypes": {
    "AWS::Glue::Crawler.S3Target": {
      "Documentation": "http://docs.aws.amazon.com/AWSCloudFormation/latest/UserGuide/aws-properties-glue-crawler-s3target.html",
      "Properties": {
        "Path": {
          "Required": false,
          "Documentation": "http://docs.aws.amazon.com/AWSCloudFormation/latest/UserGuide/aws-properties-glue-crawler-s3target.html#cfn-glue-crawler-s3target-path",
          "PrimitiveType": "String",
          "UpdateType": "Mutable"
        },
        "Exclusions": {
          "PrimitiveItemType": "String",
          "Type": "List",
          "Required": false,
          "Documentation": "http://docs.aws.amazon.com/AWSCloudFormation/latest/UserGuide/aws-properties-glue-crawler-s3target.html#cfn-glue-crawler-s3target-exclusions",
          "UpdateType": "Mutable"
        }
      }
    },
    "AWS::Glue::Crawler.Targets": {
      "Documentation": "http://docs.aws.amazon.com/AWSCloudFormation/latest/UserGuide/aws-properties-glue-crawler-targets.html",
      "Properties": {
        "S3Targets": {
          "Type": "List",
          "Required": false,
          "Documentation": "http://docs.aws.amazon.com/AWSCloudFormation/latest/UserGuide/aws-properties-glue-crawler-targets.html#cfn-glue-crawler-targets-s3targets",
          "ItemType": "S3Target",
          "UpdateType": "Mutable"
        },
        "JdbcTargets": {
          "Type": "List",
          "Required": false,
          "Documentation": "http://docs.aws.amazon.com/AWSCloudFormation/latest/UserGuide/aws-properties-glue-crawler-targets.html#cfn-glue-crawler-targets-jdbctargets",
          "ItemType": "JdbcTarget",
          "UpdateType": "Mutable"
        }
      }
    },
    "AWS::Glue::Crawler.Schedule": {
      "Documentation": "http://docs.aws.amazon.com/AWSCloudFormation/latest/UserGuide/aws-properties-glue-crawler-schedule.html",
      "Properties": {
        "ScheduleExpression": {
          "Required": false,
          "Documentation": "http://docs.aws.amazon.com/AWSCloudFormation/latest/UserGuide/aws-properties-glue-crawler-schedule.html#cfn-glue-crawler-schedule-scheduleexpression",
          "PrimitiveType": "String",
          "UpdateType": "Mutable"
        }
      }
    },
    "AWS::Glue::Crawler.JdbcTarget": {
      "Documentation": "http://docs.aws.amazon.com/AWSCloudFormation/latest/UserGuide/aws-properties-glue-crawler-jdbctarget.html",
      "Properties": {
        "ConnectionName": {
          "Required": false,
          "Documentation": "http://docs.aws.amazon.com/AWSCloudFormation/latest/UserGuide/aws-properties-glue-crawler-jdbctarget.html#cfn-glue-crawler-jdbctarget-connectionname",
          "PrimitiveType": "String",
          "UpdateType": "Mutable"
        },
        "Path": {
          "Required": false,
          "Documentation": "http://docs.aws.amazon.com/AWSCloudFormation/latest/UserGuide/aws-properties-glue-crawler-jdbctarget.html#cfn-glue-crawler-jdbctarget-path",
          "PrimitiveType": "String",
          "UpdateType": "Mutable"
        },
        "Exclusions": {
          "PrimitiveItemType": "String",
          "Type": "List",
          "Required": false,
          "Documentation": "http://docs.aws.amazon.com/AWSCloudFormation/latest/UserGuide/aws-properties-glue-crawler-jdbctarget.html#cfn-glue-crawler-jdbctarget-exclusions",
          "UpdateType": "Mutable"
        }
      }
    },
    "AWS::Glue::Crawler.SchemaChangePolicy": {
      "Documentation": "http://docs.aws.amazon.com/AWSCloudFormation/latest/UserGuide/aws-properties-glue-crawler-schemachangepolicy.html",
      "Properties": {
        "UpdateBehavior": {
          "Required": false,
          "Documentation": "http://docs.aws.amazon.com/AWSCloudFormation/latest/UserGuide/aws-properties-glue-crawler-schemachangepolicy.html#cfn-glue-crawler-schemachangepolicy-updatebehavior",
          "PrimitiveType": "String",
          "UpdateType": "Mutable"
        },
        "DeleteBehavior": {
          "Required": false,
          "Documentation": "http://docs.aws.amazon.com/AWSCloudFormation/latest/UserGuide/aws-properties-glue-crawler-schemachangepolicy.html#cfn-glue-crawler-schemachangepolicy-deletebehavior",
          "PrimitiveType": "String",
          "UpdateType": "Mutable"
        }
      }
    }
  },
  "ResourceType": {
    "AWS::Glue::Crawler": {
      "Documentation": "http://docs.aws.amazon.com/AWSCloudFormation/latest/UserGuide/aws-resource-glue-crawler.html",
      "Properties": {
        "Role": {
          "Required": true,
          "Documentation": "http://docs.aws.amazon.com/AWSCloudFormation/latest/UserGuide/aws-resource-glue-crawler.html#cfn-glue-crawler-role",
          "PrimitiveType": "String",
          "UpdateType": "Mutable"
        },
        "Classifiers": {
          "PrimitiveItemType": "String",
          "Type": "List",
          "Required": false,
          "Documentation": "http://docs.aws.amazon.com/AWSCloudFormation/latest/UserGuide/aws-resource-glue-crawler.html#cfn-glue-crawler-classifiers",
          "UpdateType": "Mutable"
        },
        "Description": {
          "Required": false,
          "Documentation": "http://docs.aws.amazon.com/AWSCloudFormation/latest/UserGuide/aws-resource-glue-crawler.html#cfn-glue-crawler-description",
          "PrimitiveType": "String",
          "UpdateType": "Mutable"
        },
        "SchemaChangePolicy": {
          "Type": "SchemaChangePolicy",
          "Required": false,
          "Documentation": "http://docs.aws.amazon.com/AWSCloudFormation/latest/UserGuide/aws-resource-glue-crawler.html#cfn-glue-crawler-schemachangepolicy",
          "UpdateType": "Mutable"
        },
        "Configuration": {
          "Required": false,
          "Documentation": "http://docs.aws.amazon.com/AWSCloudFormation/latest/UserGuide/aws-resource-glue-crawler.html#cfn-glue-crawler-configuration",
          "PrimitiveType": "String",
          "UpdateType": "Mutable"
        },
        "Schedule": {
          "Type": "Schedule",
          "Required": false,
          "Documentation": "http://docs.aws.amazon.com/AWSCloudFormation/latest/UserGuide/aws-resource-glue-crawler.html#cfn-glue-crawler-schedule",
          "UpdateType": "Mutable"
        },
        "DatabaseName": {
          "Required": true,
          "Documentation": "http://docs.aws.amazon.com/AWSCloudFormation/latest/UserGuide/aws-resource-glue-crawler.html#cfn-glue-crawler-databasename",
          "PrimitiveType": "String",
          "UpdateType": "Mutable"
        },
        "Targets": {
          "Type": "Targets",
          "Required": true,
          "Documentation": "http://docs.aws.amazon.com/AWSCloudFormation/latest/UserGuide/aws-resource-glue-crawler.html#cfn-glue-crawler-targets",
          "UpdateType": "Mutable"
        },
        "TablePrefix": {
          "Required": false,
          "Documentation": "http://docs.aws.amazon.com/AWSCloudFormation/latest/UserGuide/aws-resource-glue-crawler.html#cfn-glue-crawler-tableprefix",
          "PrimitiveType": "String",
          "UpdateType": "Mutable"
        },
        "Name": {
          "Required": false,
          "Documentation": "http://docs.aws.amazon.com/AWSCloudFormation/latest/UserGuide/aws-resource-glue-crawler.html#cfn-glue-crawler-name",
          "PrimitiveType": "String",
          "UpdateType": "Immutable"
        }
      }
    }
  },
  "ResourceSpecificationVersion": "3.0.0"
}