{
  "PropertyTypes": {
    "AWS::Glue::Database.DatabaseInput": {
      "Documentation": "http://docs.aws.amazon.com/AWSCloudFormation/latest/UserGuide/aws-properties-glue-database-databaseinput.html",
      "Properties": {
        "LocationUri": {
          "Required": false,
          "Documentation": "http://docs.aws.amazon.com/AWSCloudFormation/latest/UserGuide/aws-properties-glue-database-databaseinput.html#cfn-glue-database-databaseinput-locationuri",
          "PrimitiveType": "String",
          "UpdateType": "Mutable"
        },
        "Description": {
          "Required": false,
          "Documentation": "http://docs.aws.amazon.com/AWSCloudFormation/latest/UserGuide/aws-properties-glue-database-databaseinput.html#cfn-glue-database-databaseinput-description",
          "PrimitiveType": "String",
          "UpdateType": "Mutable"
        },
        "Parameters": {
          "Required": false,
          "Documentation": "http://docs.aws.amazon.com/AWSCloudFormation/latest/UserGuide/aws-properties-glue-database-databaseinput.html#cfn-glue-database-databaseinput-parameters",
          "PrimitiveType": "Json",
          "UpdateType": "Mutable"
        },
        "Name": {
          "Required": false,
          "Documentation": "http://docs.aws.amazon.com/AWSCloudFormation/latest/UserGuide/aws-properties-glue-database-databaseinput.html#cfn-glue-database-databaseinput-name",
          "PrimitiveType": "String",
          "UpdateType": "Immutable"
        }
      }
    }
  },
  "ResourceType": {
    "AWS::Glue::Database": {
      "Documentation": "http://docs.aws.amazon.com/AWSCloudFormation/latest/UserGuide/aws-resource-glue-database.html",
      "Properties": {
        "DatabaseInput": {
          "Type": "DatabaseInput",
          "Required": true,
          "Documentation": "http://docs.aws.amazon.com/AWSCloudFormation/latest/UserGuide/aws-resource-glue-database.html#cfn-glue-database-databaseinput",
          "UpdateType": "Mutable"
        },
        "CatalogId": {
          "Required": true,
          "Documentation": "http://docs.aws.amazon.com/AWSCloudFormation/latest/UserGuide/aws-resource-glue-database.html#cfn-glue-database-catalogid",
          "PrimitiveType": "String",
          "UpdateType": "Immutable"
        }
      }
    }
  },
  "ResourceSpecificationVersion": "3.0.0"
}