{
  "PropertyTypes": {
    "AWS::Glue::Partition.StorageDescriptor": {
      "Documentation": "http://docs.aws.amazon.com/AWSCloudFormation/latest/UserGuide/aws-properties-glue-partition-storagedescriptor.html",
      "Properties": {
        "StoredAsSubDirectories": {
          "Required": false,
          "Documentation": "http://docs.aws.amazon.com/AWSCloudFormation/latest/UserGuide/aws-properties-glue-partition-storagedescriptor.html#cfn-glue-partition-storagedescriptor-storedassubdirectories",
          "PrimitiveType": "Boolean",
          "UpdateType": "Mutable"
        },
        "Parameters": {
          "Required": false,
          "Documentation": "http://docs.aws.amazon.com/AWSCloudFormation/latest/UserGuide/aws-properties-glue-partition-storagedescriptor.html#cfn-glue-partition-storagedescriptor-parameters",
          "PrimitiveType": "Json",
          "UpdateType": "Mutable"
        },
        "BucketColumns": {
          "PrimitiveItemType": "String",
          "Type": "List",
          "Required": false,
          "Documentation": "http://docs.aws.amazon.com/AWSCloudFormation/latest/UserGuide/aws-properties-glue-partition-storagedescriptor.html#cfn-glue-partition-storagedescriptor-bucketcolumns",
          "UpdateType": "Mutable"
        },
        "SkewedInfo": {
          "Type": "SkewedInfo",
          "Required": false,
          "Documentation": "http://docs.aws.amazon.com/AWSCloudFormation/latest/UserGuide/aws-properties-glue-partition-storagedescriptor.html#cfn-glue-partition-storagedescriptor-skewedinfo",
          "UpdateType": "Mutable"
        },
        "InputFormat": {
          "Required": false,
          "Documentation": "http://docs.aws.amazon.com/AWSCloudFormation/latest/UserGuide/aws-properties-glue-partition-storagedescriptor.html#cfn-glue-partition-storagedescriptor-inputformat",
          "PrimitiveType": "String",
          "UpdateType": "Mutable"
        },
        "NumberOfBuckets": {
          "Required": false,
          "Documentation": "http://docs.aws.amazon.com/AWSCloudFormation/latest/UserGuide/aws-properties-glue-partition-storagedescriptor.html#cfn-glue-partition-storagedescriptor-numberofbuckets",
          "PrimitiveType": "Integer",
          "UpdateType": "Mutable"
        },
        "OutputFormat": {
          "Required": false,
          "Documentation": "http://docs.aws.amazon.com/AWSCloudFormation/latest/UserGuide/aws-properties-glue-partition-storagedescriptor.html#cfn-glue-partition-storagedescriptor-outputformat",
          "PrimitiveType": "String",
          "UpdateType": "Mutable"
        },
        "Columns": {
          "Type": "List",
          "Required": false,
          "Documentation": "http://docs.aws.amazon.com/AWSCloudFormation/latest/UserGuide/aws-properties-glue-partition-storagedescriptor.html#cfn-glue-partition-storagedescriptor-columns",
          "ItemType": "Column",
          "UpdateType": "Mutable"
        },
        "SerdeInfo": {
          "Type": "SerdeInfo",
          "Required": false,
          "Documentation": "http://docs.aws.amazon.com/AWSCloudFormation/latest/UserGuide/aws-properties-glue-partition-storagedescriptor.html#cfn-glue-partition-storagedescriptor-serdeinfo",
          "UpdateType": "Mutable"
        },
        "SortColumns": {
          "Type": "List",
          "Required": false,
          "Documentation": "http://docs.aws.amazon.com/AWSCloudFormation/latest/UserGuide/aws-properties-glue-partition-storagedescriptor.html#cfn-glue-partition-storagedescriptor-sortcolumns",
          "ItemType": "Order",
          "UpdateType": "Mutable"
        },
        "Compressed": {
          "Required": false,
          "Documentation": "http://docs.aws.amazon.com/AWSCloudFormation/latest/UserGuide/aws-properties-glue-partition-storagedescriptor.html#cfn-glue-partition-storagedescriptor-compressed",
          "PrimitiveType": "Boolean",
          "UpdateType": "Mutable"
        },
        "Location": {
          "Required": false,
          "Documentation": "http://docs.aws.amazon.com/AWSCloudFormation/latest/UserGuide/aws-properties-glue-partition-storagedescriptor.html#cfn-glue-partition-storagedescriptor-location",
          "PrimitiveType": "String",
          "UpdateType": "Mutable"
        }
      }
    },
    "AWS::Glue::Partition.SerdeInfo": {
      "Documentation": "http://docs.aws.amazon.com/AWSCloudFormation/latest/UserGuide/aws-properties-glue-partition-serdeinfo.html",
      "Properties": {
        "Parameters": {
          "Required": false,
          "Documentation": "http://docs.aws.amazon.com/AWSCloudFormation/latest/UserGuide/aws-properties-glue-partition-serdeinfo.html#cfn-glue-partition-serdeinfo-parameters",
          "PrimitiveType": "Json",
          "UpdateType": "Mutable"
        },
        "SerializationLibrary": {
          "Required": false,
          "Documentation": "http://docs.aws.amazon.com/AWSCloudFormation/latest/UserGuide/aws-properties-glue-partition-serdeinfo.html#cfn-glue-partition-serdeinfo-serializationlibrary",
          "PrimitiveType": "String",
          "UpdateType": "Mutable"
        },
        "Name": {
          "Required": false,
          "Documentation": "http://docs.aws.amazon.com/AWSCloudFormation/latest/UserGuide/aws-properties-glue-partition-serdeinfo.html#cfn-glue-partition-serdeinfo-name",
          "PrimitiveType": "String",
          "UpdateType": "Mutable"
        }
      }
    },
    "AWS::Glue::Partition.Order": {
      "Documentation": "http://docs.aws.amazon.com/AWSCloudFormation/latest/UserGuide/aws-properties-glue-partition-order.html",
      "Properties": {
        "Column": {
          "Required": true,
          "Documentation": "http://docs.aws.amazon.com/AWSCloudFormation/latest/UserGuide/aws-properties-glue-partition-order.html#cfn-glue-partition-order-column",
          "PrimitiveType": "String",
          "UpdateType": "Mutable"
        },
        "SortOrder": {
          "Required": false,
          "Documentation": "http://docs.aws.amazon.com/AWSCloudFormation/latest/UserGuide/aws-properties-glue-partition-order.html#cfn-glue-partition-order-sortorder",
          "PrimitiveType": "Integer",
          "UpdateType": "Mutable"
        }
      }
    },
    "AWS::Glue::Partition.SkewedInfo": {
      "Documentation": "http://docs.aws.amazon.com/AWSCloudFormation/latest/UserGuide/aws-properties-glue-partition-skewedinfo.html",
      "Properties": {
        "SkewedColumnNames": {
          "PrimitiveItemType": "String",
          "Type": "List",
          "Required": false,
          "Documentation": "http://docs.aws.amazon.com/AWSCloudFormation/latest/UserGuide/aws-properties-glue-partition-skewedinfo.html#cfn-glue-partition-skewedinfo-skewedcolumnnames",
          "UpdateType": "Mutable"
        },
        "SkewedColumnValues": {
          "PrimitiveItemType": "String",
          "Type": "List",
          "Required": false,
          "Documentation": "http://docs.aws.amazon.com/AWSCloudFormation/latest/UserGuide/aws-properties-glue-partition-skewedinfo.html#cfn-glue-partition-skewedinfo-skewedcolumnvalues",
          "UpdateType": "Mutable"
        },
        "SkewedColumnValueLocationMaps": {
          "Required": false,
          "Documentation": "http://docs.aws.amazon.com/AWSCloudFormation/latest/UserGuide/aws-properties-glue-partition-skewedinfo.html#cfn-glue-partition-skewedinfo-skewedcolumnvaluelocationmaps",
          "PrimitiveType": "Json",
          "UpdateType": "Mutable"
        }
      }
    },
    "AWS::Glue::Partition.PartitionInput": {
      "Documentation": "http://docs.aws.amazon.com/AWSCloudFormation/latest/UserGuide/aws-properties-glue-partition-partitioninput.html",
      "Properties": {
        "Parameters": {
          "Required": false,
          "Documentation": "http://docs.aws.amazon.com/AWSCloudFormation/latest/UserGuide/aws-properties-glue-partition-partitioninput.html#cfn-glue-partition-partitioninput-parameters",
          "PrimitiveType": "Json",
          "UpdateType": "Mutable"
        },
        "StorageDescriptor": {
          "Type": "StorageDescriptor",
          "Required": false,
          "Documentation": "http://docs.aws.amazon.com/AWSCloudFormation/latest/UserGuide/aws-properties-glue-partition-partitioninput.html#cfn-glue-partition-partitioninput-storagedescriptor",
          "UpdateType": "Mutable"
        },
        "Values": {
          "PrimitiveItemType": "String",
          "Type": "List",
          "Required": true,
          "Documentation": "http://docs.aws.amazon.com/AWSCloudFormation/latest/UserGuide/aws-properties-glue-partition-partitioninput.html#cfn-glue-partition-partitioninput-values",
          "UpdateType": "Immutable"
        }
      }
    },
    "AWS::Glue::Partition.Column": {
      "Documentation": "http://docs.aws.amazon.com/AWSCloudFormation/latest/UserGuide/aws-properties-glue-partition-column.html",
      "Properties": {
        "Comment": {
          "Required": false,
          "Documentation": "http://docs.aws.amazon.com/AWSCloudFormation/latest/UserGuide/aws-properties-glue-partition-column.html#cfn-glue-partition-column-comment",
          "PrimitiveType": "String",
          "UpdateType": "Mutable"
        },
        "Type": {
          "Required": false,
          "Documentation": "http://docs.aws.amazon.com/AWSCloudFormation/latest/UserGuide/aws-properties-glue-partition-column.html#cfn-glue-partition-column-type",
          "PrimitiveType": "String",
          "UpdateType": "Mutable"
        },
        "Name": {
          "Required": true,
          "Documentation": "http://docs.aws.amazon.com/AWSCloudFormation/latest/UserGuide/aws-properties-glue-partition-column.html#cfn-glue-partition-column-name",
          "PrimitiveType": "String",
          "UpdateType": "Mutable"
        }
      }
    }
  },
  "ResourceType": {
    "AWS::Glue::Partition": {
      "Documentation": "http://docs.aws.amazon.com/AWSCloudFormation/latest/UserGuide/aws-resource-glue-partition.html",
      "Properties": {
        "TableName": {
          "Required": true,
          "Documentation": "http://docs.aws.amazon.com/AWSCloudFormation/latest/UserGuide/aws-resource-glue-partition.html#cfn-glue-partition-tablename",
          "PrimitiveType": "String",
          "UpdateType": "Immutable"
        },
        "DatabaseName": {
          "Required": true,
          "Documentation": "http://docs.aws.amazon.com/AWSCloudFormation/latest/UserGuide/aws-resource-glue-partition.html#cfn-glue-partition-databasename",
          "PrimitiveType": "String",
          "UpdateType": "Immutable"
        },
        "CatalogId": {
          "Required": true,
          "Documentation": "http://docs.aws.amazon.com/AWSCloudFormation/latest/UserGuide/aws-resource-glue-partition.html#cfn-glue-partition-catalogid",
          "PrimitiveType": "String",
          "UpdateType": "Immutable"
        },
        "PartitionInput": {
          "Type": "PartitionInput",
          "Required": true,
          "Documentation": "http://docs.aws.amazon.com/AWSCloudFormation/latest/UserGuide/aws-resource-glue-partition.html#cfn-glue-partition-partitioninput",
          "UpdateType": "Mutable"
        }
      }
    }
  },
  "ResourceSpecificationVersion": "3.0.0"
}