{
  "PropertyTypes": {
    "AWS::Glue::Job.ExecutionProperty": {
      "Documentation": "http://docs.aws.amazon.com/AWSCloudFormation/latest/UserGuide/aws-properties-glue-job-executionproperty.html",
      "Properties": {
        "MaxConcurrentRuns": {
          "Required": false,
          "Documentation": "http://docs.aws.amazon.com/AWSCloudFormation/latest/UserGuide/aws-properties-glue-job-executionproperty.html#cfn-glue-job-executionproperty-maxconcurrentruns",
          "PrimitiveType": "Double",
          "UpdateType": "Mutable"
        }
      }
    },
    "AWS::Glue::Job.ConnectionsList": {
      "Documentation": "http://docs.aws.amazon.com/AWSCloudFormation/latest/UserGuide/aws-properties-glue-job-connectionslist.html",
      "Properties": {
        "Connections": {
          "PrimitiveItemType": "String",
          "Type": "List",
          "Required": false,
          "Documentation": "http://docs.aws.amazon.com/AWSCloudFormation/latest/UserGuide/aws-properties-glue-job-connectionslist.html#cfn-glue-job-connectionslist-connections",
          "UpdateType": "Mutable"
        }
      }
    },
    "AWS::Glue::Job.JobCommand": {
      "Documentation": "http://docs.aws.amazon.com/AWSCloudFormation/latest/UserGuide/aws-properties-glue-job-jobcommand.html",
      "Properties": {
        "ScriptLocation": {
          "Required": false,
          "Documentation": "http://docs.aws.amazon.com/AWSCloudFormation/latest/UserGuide/aws-properties-glue-job-jobcommand.html#cfn-glue-job-jobcommand-scriptlocation",
          "PrimitiveType": "String",
          "UpdateType": "Mutable"
        },
        "Name": {
          "Required": false,
          "Documentation": "http://docs.aws.amazon.com/AWSCloudFormation/latest/UserGuide/aws-properties-glue-job-jobcommand.html#cfn-glue-job-jobcommand-name",
          "PrimitiveType": "String",
          "UpdateType": "Mutable"
        }
      }
    }
  },
  "ResourceType": {
    "AWS::Glue::Job": {
      "Documentation": "http://docs.aws.amazon.com/AWSCloudFormation/latest/UserGuide/aws-resource-glue-job.html",
      "Properties": {
        "Role": {
          "Required": true,
          "Documentation": "http://docs.aws.amazon.com/AWSCloudFormation/latest/UserGuide/aws-resource-glue-job.html#cfn-glue-job-role",
          "PrimitiveType": "String",
          "UpdateType": "Mutable"
        },
        "DefaultArguments": {
          "Required": false,
          "Documentation": "http://docs.aws.amazon.com/AWSCloudFormation/latest/UserGuide/aws-resource-glue-job.html#cfn-glue-job-defaultarguments",
          "PrimitiveType": "Json",
          "UpdateType": "Mutable"
        },
        "Connections": {
          "Type": "ConnectionsList",
          "Required": false,
          "Documentation": "http://docs.aws.amazon.com/AWSCloudFormation/latest/UserGuide/aws-resource-glue-job.html#cfn-glue-job-connections",
          "UpdateType": "Mutable"
        },
        "MaxRetries": {
          "Required": false,
          "Documentation": "http://docs.aws.amazon.com/AWSCloudFormation/latest/UserGuide/aws-resource-glue-job.html#cfn-glue-job-maxretries",
          "PrimitiveType": "Double",
          "UpdateType": "Mutable"
        },
        "Description": {
          "Required": false,
          "Documentation": "http://docs.aws.amazon.com/AWSCloudFormation/latest/UserGuide/aws-resource-glue-job.html#cfn-glue-job-description",
          "PrimitiveType": "String",
          "UpdateType": "Mutable"
        },
        "LogUri": {
          "Required": false,
          "Documentation": "http://docs.aws.amazon.com/AWSCloudFormation/latest/UserGuide/aws-resource-glue-job.html#cfn-glue-job-loguri",
          "PrimitiveType": "String",
          "UpdateType": "Mutable"
        },
        "Command": {
          "Type": "JobCommand",
          "Required": true,
          "Documentation": "http://docs.aws.amazon.com/AWSCloudFormation/latest/UserGuide/aws-resource-glue-job.html#cfn-glue-job-command",
          "UpdateType": "Mutable"
        },
        "AllocatedCapacity": {
          "Required": false,
          "Documentation": "http://docs.aws.amazon.com/AWSCloudFormation/latest/UserGuide/aws-resource-glue-job.html#cfn-glue-job-allocatedcapacity",
          "PrimitiveType": "Double",
          "UpdateType": "Mutable"
        },
        "ExecutionProperty": {
          "Type": "ExecutionProperty",
          "Required": false,
          "Documentation": "http://docs.aws.amazon.com/AWSCloudFormation/latest/UserGuide/aws-resource-glue-job.html#cfn-glue-job-executionproperty",
          "UpdateType": "Mutable"
        },
        "Name": {
          "Required": false,
          "Documentation": "http://docs.aws.amazon.com/AWSCloudFormation/latest/UserGuide/aws-resource-glue-job.html#cfn-glue-job-name",
          "PrimitiveType": "String",
          "UpdateType": "Immutable"
        }
      }
    }
  },
  "ResourceSpecificationVersion": "3.0.0"
}