{
  "PropertyTypes": {
    "AWS::Glue::Table.StorageDescriptor": {
      "Documentation": "http://docs.aws.amazon.com/AWSCloudFormation/latest/UserGuide/aws-properties-glue-table-storagedescriptor.html",
      "Properties": {
        "StoredAsSubDirectories": {
          "Required": false,
          "Documentation": "http://docs.aws.amazon.com/AWSCloudFormation/latest/UserGuide/aws-properties-glue-table-storagedescriptor.html#cfn-glue-table-storagedescriptor-storedassubdirectories",
          "PrimitiveType": "Boolean",
          "UpdateType": "Mutable"
        },
        "Parameters": {
          "Required": false,
          "Documentation": "http://docs.aws.amazon.com/AWSCloudFormation/latest/UserGuide/aws-properties-glue-table-storagedescriptor.html#cfn-glue-table-storagedescriptor-parameters",
          "PrimitiveType": "Json",
          "UpdateType": "Mutable"
        },
        "BucketColumns": {
          "PrimitiveItemType": "String",
          "Type": "List",
          "Required": false,
          "Documentation": "http://docs.aws.amazon.com/AWSCloudFormation/latest/UserGuide/aws-properties-glue-table-storagedescriptor.html#cfn-glue-table-storagedescriptor-bucketcolumns",
          "UpdateType": "Mutable"
        },
        "SkewedInfo": {
          "Type": "SkewedInfo",
          "Required": false,
          "Documentation": "http://docs.aws.amazon.com/AWSCloudFormation/latest/UserGuide/aws-properties-glue-table-storagedescriptor.html#cfn-glue-table-storagedescriptor-skewedinfo",
          "UpdateType": "Mutable"
        },
        "InputFormat": {
          "Required": false,
          "Documentation": "http://docs.aws.amazon.com/AWSCloudFormation/latest/UserGuide/aws-properties-glue-table-storagedescriptor.html#cfn-glue-table-storagedescriptor-inputformat",
          "PrimitiveType": "String",
          "UpdateType": "Mutable"
        },
        "NumberOfBuckets": {
          "Required": false,
          "Documentation": "http://docs.aws.amazon.com/AWSCloudFormation/latest/UserGuide/aws-properties-glue-table-storagedescriptor.html#cfn-glue-table-storagedescriptor-numberofbuckets",
          "PrimitiveType": "Integer",
          "UpdateType": "Mutable"
        },
        "OutputFormat": {
          "Required": false,
          "Documentation": "http://docs.aws.amazon.com/AWSCloudFormation/latest/UserGuide/aws-properties-glue-table-storagedescriptor.html#cfn-glue-table-storagedescriptor-outputformat",
          "PrimitiveType": "String",
          "UpdateType": "Mutable"
        },
        "Columns": {
          "Type": "List",
          "Required": false,
          "Documentation": "http://docs.aws.amazon.com/AWSCloudFormation/latest/UserGuide/aws-properties-glue-table-storagedescriptor.html#cfn-glue-table-storagedescriptor-columns",
          "ItemType": "Column",
          "UpdateType": "Mutable"
        },
        "SerdeInfo": {
          "Type": "SerdeInfo",
          "Required": false,
          "Documentation": "http://docs.aws.amazon.com/AWSCloudFormation/latest/UserGuide/aws-properties-glue-table-storagedescriptor.html#cfn-glue-table-storagedescriptor-serdeinfo",
          "UpdateType": "Mutable"
        },
        "SortColumns": {
          "Type": "List",
          "Required": false,
          "Documentation": "http://docs.aws.amazon.com/AWSCloudFormation/latest/UserGuide/aws-properties-glue-table-storagedescriptor.html#cfn-glue-table-storagedescriptor-sortcolumns",
          "ItemType": "Order",
          "UpdateType": "Mutable"
        },
        "Compressed": {
          "Required": false,
          "Documentation": "http://docs.aws.amazon.com/AWSCloudFormation/latest/UserGuide/aws-properties-glue-table-storagedescriptor.html#cfn-glue-table-storagedescriptor-compressed",
          "PrimitiveType": "Boolean",
          "UpdateType": "Mutable"
        },
        "Location": {
          "Required": false,
          "Documentation": "http://docs.aws.amazon.com/AWSCloudFormation/latest/UserGuide/aws-properties-glue-table-storagedescriptor.html#cfn-glue-table-storagedescriptor-location",
          "PrimitiveType": "String",
          "UpdateType": "Mutable"
        }
      }
    },
    "AWS::Glue::Table.SerdeInfo": {
      "Documentation": "http://docs.aws.amazon.com/AWSCloudFormation/latest/UserGuide/aws-properties-glue-table-serdeinfo.html",
      "Properties": {
        "Parameters": {
          "Required": false,
          "Documentation": "http://docs.aws.amazon.com/AWSCloudFormation/latest/UserGuide/aws-properties-glue-table-serdeinfo.html#cfn-glue-table-serdeinfo-parameters",
          "PrimitiveType": "Json",
          "UpdateType": "Mutable"
        },
        "SerializationLibrary": {
          "Required": false,
          "Documentation": "http://docs.aws.amazon.com/AWSCloudFormation/latest/UserGuide/aws-properties-glue-table-serdeinfo.html#cfn-glue-table-serdeinfo-serializationlibrary",
          "PrimitiveType": "String",
          "UpdateType": "Mutable"
        },
        "Name": {
          "Required": false,
          "Documentation": "http://docs.aws.amazon.com/AWSCloudFormation/latest/UserGuide/aws-properties-glue-table-serdeinfo.html#cfn-glue-table-serdeinfo-name",
          "PrimitiveType": "String",
          "UpdateType": "Mutable"
        }
      }
    },
    "AWS::Glue::Table.SkewedInfo": {
      "Documentation": "http://docs.aws.amazon.com/AWSCloudFormation/latest/UserGuide/aws-properties-glue-table-skewedinfo.html",
      "Properties": {
        "SkewedColumnNames": {
          "PrimitiveItemType": "String",
          "Type": "List",
          "Required": false,
          "Documentation": "http://docs.aws.amazon.com/AWSCloudFormation/latest/UserGuide/aws-properties-glue-table-skewedinfo.html#cfn-glue-table-skewedinfo-skewedcolumnnames",
          "UpdateType": "Mutable"
        },
        "SkewedColumnValues": {
          "PrimitiveItemType": "String",
          "Type": "List",
          "Required": false,
          "Documentation": "http://docs.aws.amazon.com/AWSCloudFormation/latest/UserGuide/aws-properties-glue-table-skewedinfo.html#cfn-glue-table-skewedinfo-skewedcolumnvalues",
          "UpdateType": "Mutable"
        },
        "SkewedColumnValueLocationMaps": {
          "Required": false,
          "Documentation": "http://docs.aws.amazon.com/AWSCloudFormation/latest/UserGuide/aws-properties-glue-table-skewedinfo.html#cfn-glue-table-skewedinfo-skewedcolumnvaluelocationmaps",
          "PrimitiveType": "Json",
          "UpdateType": "Mutable"
        }
      }
    },
    "AWS::Glue::Table.Order": {
      "Documentation": "http://docs.aws.amazon.com/AWSCloudFormation/latest/UserGuide/aws-properties-glue-table-order.html",
      "Properties": {
        "Column": {
          "Required": true,
          "Documentation": "http://docs.aws.amazon.com/AWSCloudFormation/latest/UserGuide/aws-properties-glue-table-order.html#cfn-glue-table-order-column",
          "PrimitiveType": "String",
          "UpdateType": "Mutable"
        },
        "SortOrder": {
          "Required": true,
          "Documentation": "http://docs.aws.amazon.com/AWSCloudFormation/latest/UserGuide/aws-properties-glue-table-order.html#cfn-glue-table-order-sortorder",
          "PrimitiveType": "Integer",
          "UpdateType": "Mutable"
        }
      }
    },
    "AWS::Glue::Table.TableInput": {
      "Documentation": "http://docs.aws.amazon.com/AWSCloudFormation/latest/UserGuide/aws-properties-glue-table-tableinput.html",
      "Properties": {
        "Owner": {
          "Required": false,
          "Documentation": "http://docs.aws.amazon.com/AWSCloudFormation/latest/UserGuide/aws-properties-glue-table-tableinput.html#cfn-glue-table-tableinput-owner",
          "PrimitiveType": "String",
          "UpdateType": "Mutable"
        },
        "ViewOriginalText": {
          "Required": false,
          "Documentation": "http://docs.aws.amazon.com/AWSCloudFormation/latest/UserGuide/aws-properties-glue-table-tableinput.html#cfn-glue-table-tableinput-vieworiginaltext",
          "PrimitiveType": "String",
          "UpdateType": "Mutable"
        },
        "Description": {
          "Required": false,
          "Documentation": "http://docs.aws.amazon.com/AWSCloudFormation/latest/UserGuide/aws-properties-glue-table-tableinput.html#cfn-glue-table-tableinput-description",
          "PrimitiveType": "String",
          "UpdateType": "Mutable"
        },
        "TableType": {
          "Required": false,
          "Documentation": "http://docs.aws.amazon.com/AWSCloudFormation/latest/UserGuide/aws-properties-glue-table-tableinput.html#cfn-glue-table-tableinput-tabletype",
          "PrimitiveType": "String",
          "UpdateType": "Mutable"
        },
        "Parameters": {
          "Required": false,
          "Documentation": "http://docs.aws.amazon.com/AWSCloudFormation/latest/UserGuide/aws-properties-glue-table-tableinput.html#cfn-glue-table-tableinput-parameters",
          "PrimitiveType": "Json",
          "UpdateType": "Mutable"
        },
        "ViewExpandedText": {
          "Required": false,
          "Documentation": "http://docs.aws.amazon.com/AWSCloudFormation/latest/UserGuide/aws-properties-glue-table-tableinput.html#cfn-glue-table-tableinput-viewexpandedtext",
          "PrimitiveType": "String",
          "UpdateType": "Mutable"
        },
        "StorageDescriptor": {
          "Type": "StorageDescriptor",
          "Required": false,
          "Documentation": "http://docs.aws.amazon.com/AWSCloudFormation/latest/UserGuide/aws-properties-glue-table-tableinput.html#cfn-glue-table-tableinput-storagedescriptor",
          "UpdateType": "Mutable"
        },
        "PartitionKeys": {
          "Type": "List",
          "Required": false,
          "Documentation": "http://docs.aws.amazon.com/AWSCloudFormation/latest/UserGuide/aws-properties-glue-table-tableinput.html#cfn-glue-table-tableinput-partitionkeys",
          "ItemType": "Column",
          "UpdateType": "Mutable"
        },
        "Retention": {
          "Required": false,
          "Documentation": "http://docs.aws.amazon.com/AWSCloudFormation/latest/UserGuide/aws-properties-glue-table-tableinput.html#cfn-glue-table-tableinput-retention",
          "PrimitiveType": "Integer",
          "UpdateType": "Mutable"
        },
        "Name": {
          "Required": false,
          "Documentation": "http://docs.aws.amazon.com/AWSCloudFormation/latest/UserGuide/aws-properties-glue-table-tableinput.html#cfn-glue-table-tableinput-name",
          "PrimitiveType": "String",
          "UpdateType": "Immutable"
        }
      }
    },
    "AWS::Glue::Table.Column": {
      "Documentation": "http://docs.aws.amazon.com/AWSCloudFormation/latest/UserGuide/aws-properties-glue-table-column.html",
      "Properties": {
        "Comment": {
          "Required": false,
          "Documentation": "http://docs.aws.amazon.com/AWSCloudFormation/latest/UserGuide/aws-properties-glue-table-column.html#cfn-glue-table-column-comment",
          "PrimitiveType": "String",
          "UpdateType": "Mutable"
        },
        "Type": {
          "Required": false,
          "Documentation": "http://docs.aws.amazon.com/AWSCloudFormation/latest/UserGuide/aws-properties-glue-table-column.html#cfn-glue-table-column-type",
          "PrimitiveType": "String",
          "UpdateType": "Mutable"
        },
        "Name": {
          "Required": true,
          "Documentation": "http://docs.aws.amazon.com/AWSCloudFormation/latest/UserGuide/aws-properties-glue-table-column.html#cfn-glue-table-column-name",
          "PrimitiveType": "String",
          "UpdateType": "Mutable"
        }
      }
    }
  },
  "ResourceType": {
    "AWS::Glue::Table": {
      "Documentation": "http://docs.aws.amazon.com/AWSCloudFormation/latest/UserGuide/aws-resource-glue-table.html",
      "Properties": {
        "TableInput": {
          "Type": "TableInput",
          "Required": true,
          "Documentation": "http://docs.aws.amazon.com/AWSCloudFormation/latest/UserGuide/aws-resource-glue-table.html#cfn-glue-table-tableinput",
          "UpdateType": "Mutable"
        },
        "DatabaseName": {
          "Required": true,
          "Documentation": "http://docs.aws.amazon.com/AWSCloudFormation/latest/UserGuide/aws-resource-glue-table.html#cfn-glue-table-databasename",
          "PrimitiveType": "String",
          "UpdateType": "Immutable"
        },
        "CatalogId": {
          "Required": true,
          "Documentation": "http://docs.aws.amazon.com/AWSCloudFormation/latest/UserGuide/aws-resource-glue-table.html#cfn-glue-table-catalogid",
          "PrimitiveType": "String",
          "UpdateType": "Immutable"
        }
      }
    }
  },
  "ResourceSpecificationVersion": "3.0.0"
}