{
  "ResourceType": {
    "AWS::Glue::DevEndpoint": {
      "Documentation": "http://docs.aws.amazon.com/AWSCloudFormation/latest/UserGuide/aws-resource-glue-devendpoint.html",
      "Properties": {
        "ExtraJarsS3Path": {
          "Required": false,
          "Documentation": "http://docs.aws.amazon.com/AWSCloudFormation/latest/UserGuide/aws-resource-glue-devendpoint.html#cfn-glue-devendpoint-extrajarss3path",
          "PrimitiveType": "String",
          "UpdateType": "Mutable"
        },
        "EndpointName": {
          "Required": false,
          "Documentation": "http://docs.aws.amazon.com/AWSCloudFormation/latest/UserGuide/aws-resource-glue-devendpoint.html#cfn-glue-devendpoint-endpointname",
          "PrimitiveType": "String",
          "UpdateType": "Immutable"
        },
        "PublicKey": {
          "Required": true,
          "Documentation": "http://docs.aws.amazon.com/AWSCloudFormation/latest/UserGuide/aws-resource-glue-devendpoint.html#cfn-glue-devendpoint-publickey",
          "PrimitiveType": "String",
          "UpdateType": "Mutable"
        },
        "NumberOfNodes": {
          "Required": false,
          "Documentation": "http://docs.aws.amazon.com/AWSCloudFormation/latest/UserGuide/aws-resource-glue-devendpoint.html#cfn-glue-devendpoint-numberofnodes",
          "PrimitiveType": "Integer",
          "UpdateType": "Mutable"
        },
        "SubnetId": {
          "Required": false,
          "Documentation": "http://docs.aws.amazon.com/AWSCloudFormation/latest/UserGuide/aws-resource-glue-devendpoint.html#cfn-glue-devendpoint-subnetid",
          "PrimitiveType": "String",
          "UpdateType": "Mutable"
        },
        "ExtraPythonLibsS3Path": {
          "Required": false,
          "Documentation": "http://docs.aws.amazon.com/AWSCloudFormation/latest/UserGuide/aws-resource-glue-devendpoint.html#cfn-glue-devendpoint-extrapythonlibss3path",
          "PrimitiveType": "String",
          "UpdateType": "Mutable"
        },
        "SecurityGroupIds": {
          "PrimitiveItemType": "String",
          "Type": "List",
          "Required": false,
          "Documentation": "http://docs.aws.amazon.com/AWSCloudFormation/latest/UserGuide/aws-resource-glue-devendpoint.html#cfn-glue-devendpoint-securitygroupids",
          "UpdateType": "Mutable"
        },
        "RoleArn": {
          "Required": true,
          "Documentation": "http://docs.aws.amazon.com/AWSCloudFormation/latest/UserGuide/aws-resource-glue-devendpoint.html#cfn-glue-devendpoint-rolearn",
          "PrimitiveType": "String",
          "UpdateType": "Mutable"
        }
      }
    }
  },
  "ResourceSpecificationVersion": "3.0.0"
}