{
  "PropertyTypes": {
    "AWS::Glue::Trigger.Action": {
      "Documentation": "http://docs.aws.amazon.com/AWSCloudFormation/latest/UserGuide/aws-properties-glue-trigger-action.html",
      "Properties": {
        "JobName": {
          "Required": false,
          "Documentation": "http://docs.aws.amazon.com/AWSCloudFormation/latest/UserGuide/aws-properties-glue-trigger-action.html#cfn-glue-trigger-action-jobname",
          "PrimitiveType": "String",
          "UpdateType": "Mutable"
        },
        "Arguments": {
          "Required": false,
          "Documentation": "http://docs.aws.amazon.com/AWSCloudFormation/latest/UserGuide/aws-properties-glue-trigger-action.html#cfn-glue-trigger-action-arguments",
          "PrimitiveType": "Json",
          "UpdateType": "Mutable"
        }
      }
    },
    "AWS::Glue::Trigger.Condition": {
      "Documentation": "http://docs.aws.amazon.com/AWSCloudFormation/latest/UserGuide/aws-properties-glue-trigger-condition.html",
      "Properties": {
        "State": {
          "Required": false,
          "Documentation": "http://docs.aws.amazon.com/AWSCloudFormation/latest/UserGuide/aws-properties-glue-trigger-condition.html#cfn-glue-trigger-condition-state",
          "PrimitiveType": "String",
          "UpdateType": "Mutable"
        },
        "LogicalOperator": {
          "Required": false,
          "Documentation": "http://docs.aws.amazon.com/AWSCloudFormation/latest/UserGuide/aws-properties-glue-trigger-condition.html#cfn-glue-trigger-condition-logicaloperator",
          "PrimitiveType": "String",
          "UpdateType": "Mutable"
        },
        "JobName": {
          "Required": false,
          "Documentation": "http://docs.aws.amazon.com/AWSCloudFormation/latest/UserGuide/aws-properties-glue-trigger-condition.html#cfn-glue-trigger-condition-jobname",
          "PrimitiveType": "String",
          "UpdateType": "Mutable"
        }
      }
    },
    "AWS::Glue::Trigger.Predicate": {
      "Documentation": "http://docs.aws.amazon.com/AWSCloudFormation/latest/UserGuide/aws-properties-glue-trigger-predicate.html",
      "Properties": {
        "Logical": {
          "Required": false,
          "Documentation": "http://docs.aws.amazon.com/AWSCloudFormation/latest/UserGuide/aws-properties-glue-trigger-predicate.html#cfn-glue-trigger-predicate-logical",
          "PrimitiveType": "String",
          "UpdateType": "Mutable"
        },
        "Conditions": {
          "Type": "List",
          "Required": false,
          "Documentation": "http://docs.aws.amazon.com/AWSCloudFormation/latest/UserGuide/aws-properties-glue-trigger-predicate.html#cfn-glue-trigger-predicate-conditions",
          "ItemType": "Condition",
          "UpdateType": "Mutable"
        }
      }
    }
  },
  "ResourceType": {
    "AWS::Glue::Trigger": {
      "Documentation": "http://docs.aws.amazon.com/AWSCloudFormation/latest/UserGuide/aws-resource-glue-trigger.html",
      "Properties": {
        "Type": {
          "Required": true,
          "Documentation": "http://docs.aws.amazon.com/AWSCloudFormation/latest/UserGuide/aws-resource-glue-trigger.html#cfn-glue-trigger-type",
          "PrimitiveType": "String",
          "UpdateType": "Mutable"
        },
        "Description": {
          "Required": false,
          "Documentation": "http://docs.aws.amazon.com/AWSCloudFormation/latest/UserGuide/aws-resource-glue-trigger.html#cfn-glue-trigger-description",
          "PrimitiveType": "String",
          "UpdateType": "Mutable"
        },
        "Actions": {
          "Type": "List",
          "Required": true,
          "Documentation": "http://docs.aws.amazon.com/AWSCloudFormation/latest/UserGuide/aws-resource-glue-trigger.html#cfn-glue-trigger-actions",
          "ItemType": "Action",
          "UpdateType": "Mutable"
        },
        "Schedule": {
          "Required": false,
          "Documentation": "http://docs.aws.amazon.com/AWSCloudFormation/latest/UserGuide/aws-resource-glue-trigger.html#cfn-glue-trigger-schedule",
          "PrimitiveType": "String",
          "UpdateType": "Mutable"
        },
        "Name": {
          "Required": false,
          "Documentation": "http://docs.aws.amazon.com/AWSCloudFormation/latest/UserGuide/aws-resource-glue-trigger.html#cfn-glue-trigger-name",
          "PrimitiveType": "String",
          "UpdateType": "Immutable"
        },
        "Predicate": {
          "Type": "Predicate",
          "Required": false,
          "Documentation": "http://docs.aws.amazon.com/AWSCloudFormation/latest/UserGuide/aws-resource-glue-trigger.html#cfn-glue-trigger-predicate",
          "UpdateType": "Mutable"
        }
      }
    }
  },
  "ResourceSpecificationVersion": "3.0.0"
}