{
  "PropertyTypes": {
    "AWS::Greengrass::DeviceDefinition.Device": {
      "Documentation": "http://docs.aws.amazon.com/AWSCloudFormation/latest/UserGuide/aws-properties-greengrass-devicedefinition-device.html",
      "Properties": {
        "SyncShadow": {
          "Required": false,
          "Documentation": "http://docs.aws.amazon.com/AWSCloudFormation/latest/UserGuide/aws-properties-greengrass-devicedefinition-device.html#cfn-greengrass-devicedefinition-device-syncshadow",
          "PrimitiveType": "Boolean",
          "UpdateType": "Immutable"
        },
        "ThingArn": {
          "Required": true,
          "Documentation": "http://docs.aws.amazon.com/AWSCloudFormation/latest/UserGuide/aws-properties-greengrass-devicedefinition-device.html#cfn-greengrass-devicedefinition-device-thingarn",
          "PrimitiveType": "String",
          "UpdateType": "Immutable"
        },
        "Id": {
          "Required": true,
          "Documentation": "http://docs.aws.amazon.com/AWSCloudFormation/latest/UserGuide/aws-properties-greengrass-devicedefinition-device.html#cfn-greengrass-devicedefinition-device-id",
          "PrimitiveType": "String",
          "UpdateType": "Immutable"
        },
        "CertificateArn": {
          "Required": true,
          "Documentation": "http://docs.aws.amazon.com/AWSCloudFormation/latest/UserGuide/aws-properties-greengrass-devicedefinition-device.html#cfn-greengrass-devicedefinition-device-certificatearn",
          "PrimitiveType": "String",
          "UpdateType": "Immutable"
        }
      }
    },
    "AWS::Greengrass::DeviceDefinition.DeviceDefinitionVersion": {
      "Documentation": "http://docs.aws.amazon.com/AWSCloudFormation/latest/UserGuide/aws-properties-greengrass-devicedefinition-devicedefinitionversion.html",
      "Properties": {
        "Devices": {
          "Type": "List",
          "Required": true,
          "Documentation": "http://docs.aws.amazon.com/AWSCloudFormation/latest/UserGuide/aws-properties-greengrass-devicedefinition-devicedefinitionversion.html#cfn-greengrass-devicedefinition-devicedefinitionversion-devices",
          "ItemType": "Device",
          "UpdateType": "Immutable"
        }
      }
    }
  },
  "ResourceType": {
    "AWS::Greengrass::DeviceDefinition": {
      "Documentation": "http://docs.aws.amazon.com/AWSCloudFormation/latest/UserGuide/aws-resource-greengrass-devicedefinition.html",
      "Attributes": {
        "LatestVersionArn": {
          "PrimitiveType": "String"
        },
        "Id": {
          "PrimitiveType": "String"
        },
        "Arn": {
          "PrimitiveType": "String"
        },
        "Name": {
          "PrimitiveType": "String"
        }
      },
      "Properties": {
        "InitialVersion": {
          "Type": "DeviceDefinitionVersion",
          "Required": false,
          "Documentation": "http://docs.aws.amazon.com/AWSCloudFormation/latest/UserGuide/aws-resource-greengrass-devicedefinition.html#cfn-greengrass-devicedefinition-initialversion",
          "UpdateType": "Immutable"
        },
        "Name": {
          "Required": true,
          "Documentation": "http://docs.aws.amazon.com/AWSCloudFormation/latest/UserGuide/aws-resource-greengrass-devicedefinition.html#cfn-greengrass-devicedefinition-name",
          "PrimitiveType": "String",
          "UpdateType": "Mutable"
        }
      }
    }
  },
  "ResourceSpecificationVersion": "3.0.0"
}