{
  "PropertyTypes": {
    "AWS::Greengrass::CoreDefinitionVersion.Core": {
      "Documentation": "http://docs.aws.amazon.com/AWSCloudFormation/latest/UserGuide/aws-properties-greengrass-coredefinitionversion-core.html",
      "Properties": {
        "SyncShadow": {
          "Required": false,
          "Documentation": "http://docs.aws.amazon.com/AWSCloudFormation/latest/UserGuide/aws-properties-greengrass-coredefinitionversion-core.html#cfn-greengrass-coredefinitionversion-core-syncshadow",
          "PrimitiveType": "Boolean",
          "UpdateType": "Immutable"
        },
        "ThingArn": {
          "Required": true,
          "Documentation": "http://docs.aws.amazon.com/AWSCloudFormation/latest/UserGuide/aws-properties-greengrass-coredefinitionversion-core.html#cfn-greengrass-coredefinitionversion-core-thingarn",
          "PrimitiveType": "String",
          "UpdateType": "Immutable"
        },
        "Id": {
          "Required": true,
          "Documentation": "http://docs.aws.amazon.com/AWSCloudFormation/latest/UserGuide/aws-properties-greengrass-coredefinitionversion-core.html#cfn-greengrass-coredefinitionversion-core-id",
          "PrimitiveType": "String",
          "UpdateType": "Immutable"
        },
        "CertificateArn": {
          "Required": true,
          "Documentation": "http://docs.aws.amazon.com/AWSCloudFormation/latest/UserGuide/aws-properties-greengrass-coredefinitionversion-core.html#cfn-greengrass-coredefinitionversion-core-certificatearn",
          "PrimitiveType": "String",
          "UpdateType": "Immutable"
        }
      }
    }
  },
  "ResourceType": {
    "AWS::Greengrass::CoreDefinitionVersion": {
      "Documentation": "http://docs.aws.amazon.com/AWSCloudFormation/latest/UserGuide/aws-resource-greengrass-coredefinitionversion.html",
      "Properties": {
        "Cores": {
          "Type": "List",
          "Required": true,
          "Documentation": "http://docs.aws.amazon.com/AWSCloudFormation/latest/UserGuide/aws-resource-greengrass-coredefinitionversion.html#cfn-greengrass-coredefinitionversion-cores",
          "ItemType": "Core",
          "UpdateType": "Immutable"
        },
        "CoreDefinitionId": {
          "Required": true,
          "Documentation": "http://docs.aws.amazon.com/AWSCloudFormation/latest/UserGuide/aws-resource-greengrass-coredefinitionversion.html#cfn-greengrass-coredefinitionversion-coredefinitionid",
          "PrimitiveType": "String",
          "UpdateType": "Immutable"
        }
      }
    }
  },
  "ResourceSpecificationVersion": "3.0.0"
}