{
  "PropertyTypes": {
    "AWS::Greengrass::ConnectorDefinition.Connector": {
      "Documentation": "http://docs.aws.amazon.com/AWSCloudFormation/latest/UserGuide/aws-properties-greengrass-connectordefinition-connector.html",
      "Properties": {
        "ConnectorArn": {
          "Required": true,
          "Documentation": "http://docs.aws.amazon.com/AWSCloudFormation/latest/UserGuide/aws-properties-greengrass-connectordefinition-connector.html#cfn-greengrass-connectordefinition-connector-connectorarn",
          "PrimitiveType": "String",
          "UpdateType": "Immutable"
        },
        "Parameters": {
          "Required": false,
          "Documentation": "http://docs.aws.amazon.com/AWSCloudFormation/latest/UserGuide/aws-properties-greengrass-connectordefinition-connector.html#cfn-greengrass-connectordefinition-connector-parameters",
          "PrimitiveType": "Json",
          "UpdateType": "Immutable"
        },
        "Id": {
          "Required": true,
          "Documentation": "http://docs.aws.amazon.com/AWSCloudFormation/latest/UserGuide/aws-properties-greengrass-connectordefinition-connector.html#cfn-greengrass-connectordefinition-connector-id",
          "PrimitiveType": "String",
          "UpdateType": "Immutable"
        }
      }
    },
    "AWS::Greengrass::ConnectorDefinition.ConnectorDefinitionVersion": {
      "Documentation": "http://docs.aws.amazon.com/AWSCloudFormation/latest/UserGuide/aws-properties-greengrass-connectordefinition-connectordefinitionversion.html",
      "Properties": {
        "Connectors": {
          "Type": "List",
          "Required": true,
          "Documentation": "http://docs.aws.amazon.com/AWSCloudFormation/latest/UserGuide/aws-properties-greengrass-connectordefinition-connectordefinitionversion.html#cfn-greengrass-connectordefinition-connectordefinitionversion-connectors",
          "ItemType": "Connector",
          "UpdateType": "Immutable"
        }
      }
    }
  },
  "ResourceType": {
    "AWS::Greengrass::ConnectorDefinition": {
      "Documentation": "http://docs.aws.amazon.com/AWSCloudFormation/latest/UserGuide/aws-resource-greengrass-connectordefinition.html",
      "Attributes": {
        "LatestVersionArn": {
          "PrimitiveType": "String"
        },
        "Id": {
          "PrimitiveType": "String"
        },
        "Arn": {
          "PrimitiveType": "String"
        },
        "Name": {
          "PrimitiveType": "String"
        }
      },
      "Properties": {
        "InitialVersion": {
          "Type": "ConnectorDefinitionVersion",
          "Required": false,
          "Documentation": "http://docs.aws.amazon.com/AWSCloudFormation/latest/UserGuide/aws-resource-greengrass-connectordefinition.html#cfn-greengrass-connectordefinition-initialversion",
          "UpdateType": "Immutable"
        },
        "Name": {
          "Required": true,
          "Documentation": "http://docs.aws.amazon.com/AWSCloudFormation/latest/UserGuide/aws-resource-greengrass-connectordefinition.html#cfn-greengrass-connectordefinition-name",
          "PrimitiveType": "String",
          "UpdateType": "Mutable"
        }
      }
    }
  },
  "ResourceSpecificationVersion": "3.0.0"
}