{
  "PropertyTypes": {
    "AWS::Greengrass::ResourceDefinitionVersion.ResourceInstance": {
      "Documentation": "http://docs.aws.amazon.com/AWSCloudFormation/latest/UserGuide/aws-properties-greengrass-resourcedefinitionversion-resourceinstance.html",
      "Properties": {
        "ResourceDataContainer": {
          "Type": "ResourceDataContainer",
          "Required": true,
          "Documentation": "http://docs.aws.amazon.com/AWSCloudFormation/latest/UserGuide/aws-properties-greengrass-resourcedefinitionversion-resourceinstance.html#cfn-greengrass-resourcedefinitionversion-resourceinstance-resourcedatacontainer",
          "UpdateType": "Immutable"
        },
        "Id": {
          "Required": true,
          "Documentation": "http://docs.aws.amazon.com/AWSCloudFormation/latest/UserGuide/aws-properties-greengrass-resourcedefinitionversion-resourceinstance.html#cfn-greengrass-resourcedefinitionversion-resourceinstance-id",
          "PrimitiveType": "String",
          "UpdateType": "Immutable"
        },
        "Name": {
          "Required": true,
          "Documentation": "http://docs.aws.amazon.com/AWSCloudFormation/latest/UserGuide/aws-properties-greengrass-resourcedefinitionversion-resourceinstance.html#cfn-greengrass-resourcedefinitionversion-resourceinstance-name",
          "PrimitiveType": "String",
          "UpdateType": "Immutable"
        }
      }
    },
    "AWS::Greengrass::ResourceDefinitionVersion.SageMakerMachineLearningModelResourceData": {
      "Documentation": "http://docs.aws.amazon.com/AWSCloudFormation/latest/UserGuide/aws-properties-greengrass-resourcedefinitionversion-sagemakermachinelearningmodelresourcedata.html",
      "Properties": {
        "DestinationPath": {
          "Required": true,
          "Documentation": "http://docs.aws.amazon.com/AWSCloudFormation/latest/UserGuide/aws-properties-greengrass-resourcedefinitionversion-sagemakermachinelearningmodelresourcedata.html#cfn-greengrass-resourcedefinitionversion-sagemakermachinelearningmodelresourcedata-destinationpath",
          "PrimitiveType": "String",
          "UpdateType": "Immutable"
        },
        "SageMakerJobArn": {
          "Required": true,
          "Documentation": "http://docs.aws.amazon.com/AWSCloudFormation/latest/UserGuide/aws-properties-greengrass-resourcedefinitionversion-sagemakermachinelearningmodelresourcedata.html#cfn-greengrass-resourcedefinitionversion-sagemakermachinelearningmodelresourcedata-sagemakerjobarn",
          "PrimitiveType": "String",
          "UpdateType": "Immutable"
        }
      }
    },
    "AWS::Greengrass::ResourceDefinitionVersion.LocalVolumeResourceData": {
      "Documentation": "http://docs.aws.amazon.com/AWSCloudFormation/latest/UserGuide/aws-properties-greengrass-resourcedefinitionversion-localvolumeresourcedata.html",
      "Properties": {
        "SourcePath": {
          "Required": true,
          "Documentation": "http://docs.aws.amazon.com/AWSCloudFormation/latest/UserGuide/aws-properties-greengrass-resourcedefinitionversion-localvolumeresourcedata.html#cfn-greengrass-resourcedefinitionversion-localvolumeresourcedata-sourcepath",
          "PrimitiveType": "String",
          "UpdateType": "Immutable"
        },
        "DestinationPath": {
          "Required": true,
          "Documentation": "http://docs.aws.amazon.com/AWSCloudFormation/latest/UserGuide/aws-properties-greengrass-resourcedefinitionversion-localvolumeresourcedata.html#cfn-greengrass-resourcedefinitionversion-localvolumeresourcedata-destinationpath",
          "PrimitiveType": "String",
          "UpdateType": "Immutable"
        },
        "GroupOwnerSetting": {
          "Type": "GroupOwnerSetting",
          "Required": false,
          "Documentation": "http://docs.aws.amazon.com/AWSCloudFormation/latest/UserGuide/aws-properties-greengrass-resourcedefinitionversion-localvolumeresourcedata.html#cfn-greengrass-resourcedefinitionversion-localvolumeresourcedata-groupownersetting",
          "UpdateType": "Immutable"
        }
      }
    },
    "AWS::Greengrass::ResourceDefinitionVersion.S3MachineLearningModelResourceData": {
      "Documentation": "http://docs.aws.amazon.com/AWSCloudFormation/latest/UserGuide/aws-properties-greengrass-resourcedefinitionversion-s3machinelearningmodelresourcedata.html",
      "Properties": {
        "DestinationPath": {
          "Required": true,
          "Documentation": "http://docs.aws.amazon.com/AWSCloudFormation/latest/UserGuide/aws-properties-greengrass-resourcedefinitionversion-s3machinelearningmodelresourcedata.html#cfn-greengrass-resourcedefinitionversion-s3machinelearningmodelresourcedata-destinationpath",
          "PrimitiveType": "String",
          "UpdateType": "Immutable"
        },
        "S3Uri": {
          "Required": true,
          "Documentation": "http://docs.aws.amazon.com/AWSCloudFormation/latest/UserGuide/aws-properties-greengrass-resourcedefinitionversion-s3machinelearningmodelresourcedata.html#cfn-greengrass-resourcedefinitionversion-s3machinelearningmodelresourcedata-s3uri",
          "PrimitiveType": "String",
          "UpdateType": "Immutable"
        }
      }
    },
    "AWS::Greengrass::ResourceDefinitionVersion.GroupOwnerSetting": {
      "Documentation": "http://docs.aws.amazon.com/AWSCloudFormation/latest/UserGuide/aws-properties-greengrass-resourcedefinitionversion-groupownersetting.html",
      "Properties": {
        "AutoAddGroupOwner": {
          "Required": true,
          "Documentation": "http://docs.aws.amazon.com/AWSCloudFormation/latest/UserGuide/aws-properties-greengrass-resourcedefinitionversion-groupownersetting.html#cfn-greengrass-resourcedefinitionversion-groupownersetting-autoaddgroupowner",
          "PrimitiveType": "Boolean",
          "UpdateType": "Immutable"
        },
        "GroupOwner": {
          "Required": false,
          "Documentation": "http://docs.aws.amazon.com/AWSCloudFormation/latest/UserGuide/aws-properties-greengrass-resourcedefinitionversion-groupownersetting.html#cfn-greengrass-resourcedefinitionversion-groupownersetting-groupowner",
          "PrimitiveType": "String",
          "UpdateType": "Immutable"
        }
      }
    },
    "AWS::Greengrass::ResourceDefinitionVersion.ResourceDataContainer": {
      "Documentation": "http://docs.aws.amazon.com/AWSCloudFormation/latest/UserGuide/aws-properties-greengrass-resourcedefinitionversion-resourcedatacontainer.html",
      "Properties": {
        "SecretsManagerSecretResourceData": {
          "Type": "SecretsManagerSecretResourceData",
          "Required": false,
          "Documentation": "http://docs.aws.amazon.com/AWSCloudFormation/latest/UserGuide/aws-properties-greengrass-resourcedefinitionversion-resourcedatacontainer.html#cfn-greengrass-resourcedefinitionversion-resourcedatacontainer-secretsmanagersecretresourcedata",
          "UpdateType": "Immutable"
        },
        "SageMakerMachineLearningModelResourceData": {
          "Type": "SageMakerMachineLearningModelResourceData",
          "Required": false,
          "Documentation": "http://docs.aws.amazon.com/AWSCloudFormation/latest/UserGuide/aws-properties-greengrass-resourcedefinitionversion-resourcedatacontainer.html#cfn-greengrass-resourcedefinitionversion-resourcedatacontainer-sagemakermachinelearningmodelresourcedata",
          "UpdateType": "Immutable"
        },
        "LocalVolumeResourceData": {
          "Type": "LocalVolumeResourceData",
          "Required": false,
          "Documentation": "http://docs.aws.amazon.com/AWSCloudFormation/latest/UserGuide/aws-properties-greengrass-resourcedefinitionversion-resourcedatacontainer.html#cfn-greengrass-resourcedefinitionversion-resourcedatacontainer-localvolumeresourcedata",
          "UpdateType": "Immutable"
        },
        "LocalDeviceResourceData": {
          "Type": "LocalDeviceResourceData",
          "Required": false,
          "Documentation": "http://docs.aws.amazon.com/AWSCloudFormation/latest/UserGuide/aws-properties-greengrass-resourcedefinitionversion-resourcedatacontainer.html#cfn-greengrass-resourcedefinitionversion-resourcedatacontainer-localdeviceresourcedata",
          "UpdateType": "Immutable"
        },
        "S3MachineLearningModelResourceData": {
          "Type": "S3MachineLearningModelResourceData",
          "Required": false,
          "Documentation": "http://docs.aws.amazon.com/AWSCloudFormation/latest/UserGuide/aws-properties-greengrass-resourcedefinitionversion-resourcedatacontainer.html#cfn-greengrass-resourcedefinitionversion-resourcedatacontainer-s3machinelearningmodelresourcedata",
          "UpdateType": "Immutable"
        }
      }
    },
    "AWS::Greengrass::ResourceDefinitionVersion.LocalDeviceResourceData": {
      "Documentation": "http://docs.aws.amazon.com/AWSCloudFormation/latest/UserGuide/aws-properties-greengrass-resourcedefinitionversion-localdeviceresourcedata.html",
      "Properties": {
        "SourcePath": {
          "Required": true,
          "Documentation": "http://docs.aws.amazon.com/AWSCloudFormation/latest/UserGuide/aws-properties-greengrass-resourcedefinitionversion-localdeviceresourcedata.html#cfn-greengrass-resourcedefinitionversion-localdeviceresourcedata-sourcepath",
          "PrimitiveType": "String",
          "UpdateType": "Immutable"
        },
        "GroupOwnerSetting": {
          "Type": "GroupOwnerSetting",
          "Required": false,
          "Documentation": "http://docs.aws.amazon.com/AWSCloudFormation/latest/UserGuide/aws-properties-greengrass-resourcedefinitionversion-localdeviceresourcedata.html#cfn-greengrass-resourcedefinitionversion-localdeviceresourcedata-groupownersetting",
          "UpdateType": "Immutable"
        }
      }
    },
    "AWS::Greengrass::ResourceDefinitionVersion.SecretsManagerSecretResourceData": {
      "Documentation": "http://docs.aws.amazon.com/AWSCloudFormation/latest/UserGuide/aws-properties-greengrass-resourcedefinitionversion-secretsmanagersecretresourcedata.html",
      "Properties": {
        "ARN": {
          "Required": true,
          "Documentation": "http://docs.aws.amazon.com/AWSCloudFormation/latest/UserGuide/aws-properties-greengrass-resourcedefinitionversion-secretsmanagersecretresourcedata.html#cfn-greengrass-resourcedefinitionversion-secretsmanagersecretresourcedata-arn",
          "PrimitiveType": "String",
          "UpdateType": "Immutable"
        },
        "AdditionalStagingLabelsToDownload": {
          "PrimitiveItemType": "String",
          "Type": "List",
          "Required": false,
          "Documentation": "http://docs.aws.amazon.com/AWSCloudFormation/latest/UserGuide/aws-properties-greengrass-resourcedefinitionversion-secretsmanagersecretresourcedata.html#cfn-greengrass-resourcedefinitionversion-secretsmanagersecretresourcedata-additionalstaginglabelstodownload",
          "UpdateType": "Immutable"
        }
      }
    }
  },
  "ResourceType": {
    "AWS::Greengrass::ResourceDefinitionVersion": {
      "Documentation": "http://docs.aws.amazon.com/AWSCloudFormation/latest/UserGuide/aws-resource-greengrass-resourcedefinitionversion.html",
      "Properties": {
        "Resources": {
          "Type": "List",
          "Required": true,
          "Documentation": "http://docs.aws.amazon.com/AWSCloudFormation/latest/UserGuide/aws-resource-greengrass-resourcedefinitionversion.html#cfn-greengrass-resourcedefinitionversion-resources",
          "ItemType": "ResourceInstance",
          "UpdateType": "Immutable"
        },
        "ResourceDefinitionId": {
          "Required": true,
          "Documentation": "http://docs.aws.amazon.com/AWSCloudFormation/latest/UserGuide/aws-resource-greengrass-resourcedefinitionversion.html#cfn-greengrass-resourcedefinitionversion-resourcedefinitionid",
          "PrimitiveType": "String",
          "UpdateType": "Immutable"
        }
      }
    }
  },
  "ResourceSpecificationVersion": "3.0.0"
}