{
  "PropertyTypes": {
    "AWS::Greengrass::DeviceDefinitionVersion.Device": {
      "Documentation": "http://docs.aws.amazon.com/AWSCloudFormation/latest/UserGuide/aws-properties-greengrass-devicedefinitionversion-device.html",
      "Properties": {
        "SyncShadow": {
          "Required": false,
          "Documentation": "http://docs.aws.amazon.com/AWSCloudFormation/latest/UserGuide/aws-properties-greengrass-devicedefinitionversion-device.html#cfn-greengrass-devicedefinitionversion-device-syncshadow",
          "PrimitiveType": "Boolean",
          "UpdateType": "Immutable"
        },
        "ThingArn": {
          "Required": true,
          "Documentation": "http://docs.aws.amazon.com/AWSCloudFormation/latest/UserGuide/aws-properties-greengrass-devicedefinitionversion-device.html#cfn-greengrass-devicedefinitionversion-device-thingarn",
          "PrimitiveType": "String",
          "UpdateType": "Immutable"
        },
        "Id": {
          "Required": true,
          "Documentation": "http://docs.aws.amazon.com/AWSCloudFormation/latest/UserGuide/aws-properties-greengrass-devicedefinitionversion-device.html#cfn-greengrass-devicedefinitionversion-device-id",
          "PrimitiveType": "String",
          "UpdateType": "Immutable"
        },
        "CertificateArn": {
          "Required": true,
          "Documentation": "http://docs.aws.amazon.com/AWSCloudFormation/latest/UserGuide/aws-properties-greengrass-devicedefinitionversion-device.html#cfn-greengrass-devicedefinitionversion-device-certificatearn",
          "PrimitiveType": "String",
          "UpdateType": "Immutable"
        }
      }
    }
  },
  "ResourceType": {
    "AWS::Greengrass::DeviceDefinitionVersion": {
      "Documentation": "http://docs.aws.amazon.com/AWSCloudFormation/latest/UserGuide/aws-resource-greengrass-devicedefinitionversion.html",
      "Properties": {
        "DeviceDefinitionId": {
          "Required": true,
          "Documentation": "http://docs.aws.amazon.com/AWSCloudFormation/latest/UserGuide/aws-resource-greengrass-devicedefinitionversion.html#cfn-greengrass-devicedefinitionversion-devicedefinitionid",
          "PrimitiveType": "String",
          "UpdateType": "Immutable"
        },
        "Devices": {
          "Type": "List",
          "Required": true,
          "Documentation": "http://docs.aws.amazon.com/AWSCloudFormation/latest/UserGuide/aws-resource-greengrass-devicedefinitionversion.html#cfn-greengrass-devicedefinitionversion-devices",
          "ItemType": "Device",
          "UpdateType": "Immutable"
        }
      }
    }
  },
  "ResourceSpecificationVersion": "3.0.0"
}