{
  "PropertyTypes": {
    "AWS::Greengrass::CoreDefinition.CoreDefinitionVersion": {
      "Documentation": "http://docs.aws.amazon.com/AWSCloudFormation/latest/UserGuide/aws-properties-greengrass-coredefinition-coredefinitionversion.html",
      "Properties": {
        "Cores": {
          "Type": "List",
          "Required": true,
          "Documentation": "http://docs.aws.amazon.com/AWSCloudFormation/latest/UserGuide/aws-properties-greengrass-coredefinition-coredefinitionversion.html#cfn-greengrass-coredefinition-coredefinitionversion-cores",
          "ItemType": "Core",
          "UpdateType": "Immutable"
        }
      }
    },
    "AWS::Greengrass::CoreDefinition.Core": {
      "Documentation": "http://docs.aws.amazon.com/AWSCloudFormation/latest/UserGuide/aws-properties-greengrass-coredefinition-core.html",
      "Properties": {
        "SyncShadow": {
          "Required": false,
          "Documentation": "http://docs.aws.amazon.com/AWSCloudFormation/latest/UserGuide/aws-properties-greengrass-coredefinition-core.html#cfn-greengrass-coredefinition-core-syncshadow",
          "PrimitiveType": "Boolean",
          "UpdateType": "Immutable"
        },
        "ThingArn": {
          "Required": true,
          "Documentation": "http://docs.aws.amazon.com/AWSCloudFormation/latest/UserGuide/aws-properties-greengrass-coredefinition-core.html#cfn-greengrass-coredefinition-core-thingarn",
          "PrimitiveType": "String",
          "UpdateType": "Immutable"
        },
        "Id": {
          "Required": true,
          "Documentation": "http://docs.aws.amazon.com/AWSCloudFormation/latest/UserGuide/aws-properties-greengrass-coredefinition-core.html#cfn-greengrass-coredefinition-core-id",
          "PrimitiveType": "String",
          "UpdateType": "Immutable"
        },
        "CertificateArn": {
          "Required": true,
          "Documentation": "http://docs.aws.amazon.com/AWSCloudFormation/latest/UserGuide/aws-properties-greengrass-coredefinition-core.html#cfn-greengrass-coredefinition-core-certificatearn",
          "PrimitiveType": "String",
          "UpdateType": "Immutable"
        }
      }
    }
  },
  "ResourceType": {
    "AWS::Greengrass::CoreDefinition": {
      "Documentation": "http://docs.aws.amazon.com/AWSCloudFormation/latest/UserGuide/aws-resource-greengrass-coredefinition.html",
      "Attributes": {
        "LatestVersionArn": {
          "PrimitiveType": "String"
        },
        "Id": {
          "PrimitiveType": "String"
        },
        "Arn": {
          "PrimitiveType": "String"
        },
        "Name": {
          "PrimitiveType": "String"
        }
      },
      "Properties": {
        "InitialVersion": {
          "Type": "CoreDefinitionVersion",
          "Required": false,
          "Documentation": "http://docs.aws.amazon.com/AWSCloudFormation/latest/UserGuide/aws-resource-greengrass-coredefinition.html#cfn-greengrass-coredefinition-initialversion",
          "UpdateType": "Immutable"
        },
        "Name": {
          "Required": true,
          "Documentation": "http://docs.aws.amazon.com/AWSCloudFormation/latest/UserGuide/aws-resource-greengrass-coredefinition.html#cfn-greengrass-coredefinition-name",
          "PrimitiveType": "String",
          "UpdateType": "Mutable"
        }
      }
    }
  },
  "ResourceSpecificationVersion": "3.0.0"
}