{
  "PropertyTypes": {
    "AWS::Greengrass::Group.GroupVersion": {
      "Documentation": "http://docs.aws.amazon.com/AWSCloudFormation/latest/UserGuide/aws-properties-greengrass-group-groupversion.html",
      "Properties": {
        "LoggerDefinitionVersionArn": {
          "Required": false,
          "Documentation": "http://docs.aws.amazon.com/AWSCloudFormation/latest/UserGuide/aws-properties-greengrass-group-groupversion.html#cfn-greengrass-group-groupversion-loggerdefinitionversionarn",
          "PrimitiveType": "String",
          "UpdateType": "Immutable"
        },
        "DeviceDefinitionVersionArn": {
          "Required": false,
          "Documentation": "http://docs.aws.amazon.com/AWSCloudFormation/latest/UserGuide/aws-properties-greengrass-group-groupversion.html#cfn-greengrass-group-groupversion-devicedefinitionversionarn",
          "PrimitiveType": "String",
          "UpdateType": "Immutable"
        },
        "FunctionDefinitionVersionArn": {
          "Required": false,
          "Documentation": "http://docs.aws.amazon.com/AWSCloudFormation/latest/UserGuide/aws-properties-greengrass-group-groupversion.html#cfn-greengrass-group-groupversion-functiondefinitionversionarn",
          "PrimitiveType": "String",
          "UpdateType": "Immutable"
        },
        "CoreDefinitionVersionArn": {
          "Required": false,
          "Documentation": "http://docs.aws.amazon.com/AWSCloudFormation/latest/UserGuide/aws-properties-greengrass-group-groupversion.html#cfn-greengrass-group-groupversion-coredefinitionversionarn",
          "PrimitiveType": "String",
          "UpdateType": "Immutable"
        },
        "ResourceDefinitionVersionArn": {
          "Required": false,
          "Documentation": "http://docs.aws.amazon.com/AWSCloudFormation/latest/UserGuide/aws-properties-greengrass-group-groupversion.html#cfn-greengrass-group-groupversion-resourcedefinitionversionarn",
          "PrimitiveType": "String",
          "UpdateType": "Immutable"
        },
        "ConnectorDefinitionVersionArn": {
          "Required": false,
          "Documentation": "http://docs.aws.amazon.com/AWSCloudFormation/latest/UserGuide/aws-properties-greengrass-group-groupversion.html#cfn-greengrass-group-groupversion-connectordefinitionversionarn",
          "PrimitiveType": "String",
          "UpdateType": "Immutable"
        },
        "SubscriptionDefinitionVersionArn": {
          "Required": false,
          "Documentation": "http://docs.aws.amazon.com/AWSCloudFormation/latest/UserGuide/aws-properties-greengrass-group-groupversion.html#cfn-greengrass-group-groupversion-subscriptiondefinitionversionarn",
          "PrimitiveType": "String",
          "UpdateType": "Immutable"
        }
      }
    }
  },
  "ResourceType": {
    "AWS::Greengrass::Group": {
      "Documentation": "http://docs.aws.amazon.com/AWSCloudFormation/latest/UserGuide/aws-resource-greengrass-group.html",
      "Attributes": {
        "RoleAttachedAt": {
          "PrimitiveType": "String"
        },
        "LatestVersionArn": {
          "PrimitiveType": "String"
        },
        "Id": {
          "PrimitiveType": "String"
        },
        "Arn": {
          "PrimitiveType": "String"
        },
        "RoleArn": {
          "PrimitiveType": "String"
        },
        "Name": {
          "PrimitiveType": "String"
        }
      },
      "Properties": {
        "InitialVersion": {
          "Type": "GroupVersion",
          "Required": false,
          "Documentation": "http://docs.aws.amazon.com/AWSCloudFormation/latest/UserGuide/aws-resource-greengrass-group.html#cfn-greengrass-group-initialversion",
          "UpdateType": "Immutable"
        },
        "RoleArn": {
          "Required": false,
          "Documentation": "http://docs.aws.amazon.com/AWSCloudFormation/latest/UserGuide/aws-resource-greengrass-group.html#cfn-greengrass-group-rolearn",
          "PrimitiveType": "String",
          "UpdateType": "Mutable"
        },
        "Name": {
          "Required": true,
          "Documentation": "http://docs.aws.amazon.com/AWSCloudFormation/latest/UserGuide/aws-resource-greengrass-group.html#cfn-greengrass-group-name",
          "PrimitiveType": "String",
          "UpdateType": "Mutable"
        }
      }
    }
  },
  "ResourceSpecificationVersion": "3.0.0"
}