{
  "ResourceType": {
    "AWS::Greengrass::GroupVersion": {
      "Documentation": "http://docs.aws.amazon.com/AWSCloudFormation/latest/UserGuide/aws-resource-greengrass-groupversion.html",
      "Properties": {
        "LoggerDefinitionVersionArn": {
          "Required": false,
          "Documentation": "http://docs.aws.amazon.com/AWSCloudFormation/latest/UserGuide/aws-resource-greengrass-groupversion.html#cfn-greengrass-groupversion-loggerdefinitionversionarn",
          "PrimitiveType": "String",
          "UpdateType": "Immutable"
        },
        "DeviceDefinitionVersionArn": {
          "Required": false,
          "Documentation": "http://docs.aws.amazon.com/AWSCloudFormation/latest/UserGuide/aws-resource-greengrass-groupversion.html#cfn-greengrass-groupversion-devicedefinitionversionarn",
          "PrimitiveType": "String",
          "UpdateType": "Immutable"
        },
        "FunctionDefinitionVersionArn": {
          "Required": false,
          "Documentation": "http://docs.aws.amazon.com/AWSCloudFormation/latest/UserGuide/aws-resource-greengrass-groupversion.html#cfn-greengrass-groupversion-functiondefinitionversionarn",
          "PrimitiveType": "String",
          "UpdateType": "Immutable"
        },
        "CoreDefinitionVersionArn": {
          "Required": false,
          "Documentation": "http://docs.aws.amazon.com/AWSCloudFormation/latest/UserGuide/aws-resource-greengrass-groupversion.html#cfn-greengrass-groupversion-coredefinitionversionarn",
          "PrimitiveType": "String",
          "UpdateType": "Immutable"
        },
        "ResourceDefinitionVersionArn": {
          "Required": false,
          "Documentation": "http://docs.aws.amazon.com/AWSCloudFormation/latest/UserGuide/aws-resource-greengrass-groupversion.html#cfn-greengrass-groupversion-resourcedefinitionversionarn",
          "PrimitiveType": "String",
          "UpdateType": "Immutable"
        },
        "ConnectorDefinitionVersionArn": {
          "Required": false,
          "Documentation": "http://docs.aws.amazon.com/AWSCloudFormation/latest/UserGuide/aws-resource-greengrass-groupversion.html#cfn-greengrass-groupversion-connectordefinitionversionarn",
          "PrimitiveType": "String",
          "UpdateType": "Immutable"
        },
        "SubscriptionDefinitionVersionArn": {
          "Required": false,
          "Documentation": "http://docs.aws.amazon.com/AWSCloudFormation/latest/UserGuide/aws-resource-greengrass-groupversion.html#cfn-greengrass-groupversion-subscriptiondefinitionversionarn",
          "PrimitiveType": "String",
          "UpdateType": "Immutable"
        },
        "GroupId": {
          "Required": true,
          "Documentation": "http://docs.aws.amazon.com/AWSCloudFormation/latest/UserGuide/aws-resource-greengrass-groupversion.html#cfn-greengrass-groupversion-groupid",
          "PrimitiveType": "String",
          "UpdateType": "Immutable"
        }
      }
    }
  },
  "ResourceSpecificationVersion": "3.0.0"
}