{
  "PropertyTypes": {
    "AWS::Greengrass::LoggerDefinitionVersion.Logger": {
      "Documentation": "http://docs.aws.amazon.com/AWSCloudFormation/latest/UserGuide/aws-properties-greengrass-loggerdefinitionversion-logger.html",
      "Properties": {
        "Space": {
          "Required": false,
          "Documentation": "http://docs.aws.amazon.com/AWSCloudFormation/latest/UserGuide/aws-properties-greengrass-loggerdefinitionversion-logger.html#cfn-greengrass-loggerdefinitionversion-logger-space",
          "PrimitiveType": "Integer",
          "UpdateType": "Immutable"
        },
        "Type": {
          "Required": true,
          "Documentation": "http://docs.aws.amazon.com/AWSCloudFormation/latest/UserGuide/aws-properties-greengrass-loggerdefinitionversion-logger.html#cfn-greengrass-loggerdefinitionversion-logger-type",
          "PrimitiveType": "String",
          "UpdateType": "Immutable"
        },
        "Level": {
          "Required": true,
          "Documentation": "http://docs.aws.amazon.com/AWSCloudFormation/latest/UserGuide/aws-properties-greengrass-loggerdefinitionversion-logger.html#cfn-greengrass-loggerdefinitionversion-logger-level",
          "PrimitiveType": "String",
          "UpdateType": "Immutable"
        },
        "Id": {
          "Required": true,
          "Documentation": "http://docs.aws.amazon.com/AWSCloudFormation/latest/UserGuide/aws-properties-greengrass-loggerdefinitionversion-logger.html#cfn-greengrass-loggerdefinitionversion-logger-id",
          "PrimitiveType": "String",
          "UpdateType": "Immutable"
        },
        "Component": {
          "Required": true,
          "Documentation": "http://docs.aws.amazon.com/AWSCloudFormation/latest/UserGuide/aws-properties-greengrass-loggerdefinitionversion-logger.html#cfn-greengrass-loggerdefinitionversion-logger-component",
          "PrimitiveType": "String",
          "UpdateType": "Immutable"
        }
      }
    }
  },
  "ResourceType": {
    "AWS::Greengrass::LoggerDefinitionVersion": {
      "Documentation": "http://docs.aws.amazon.com/AWSCloudFormation/latest/UserGuide/aws-resource-greengrass-loggerdefinitionversion.html",
      "Properties": {
        "LoggerDefinitionId": {
          "Required": true,
          "Documentation": "http://docs.aws.amazon.com/AWSCloudFormation/latest/UserGuide/aws-resource-greengrass-loggerdefinitionversion.html#cfn-greengrass-loggerdefinitionversion-loggerdefinitionid",
          "PrimitiveType": "String",
          "UpdateType": "Immutable"
        },
        "Loggers": {
          "Type": "List",
          "Required": true,
          "Documentation": "http://docs.aws.amazon.com/AWSCloudFormation/latest/UserGuide/aws-resource-greengrass-loggerdefinitionversion.html#cfn-greengrass-loggerdefinitionversion-loggers",
          "ItemType": "Logger",
          "UpdateType": "Immutable"
        }
      }
    }
  },
  "ResourceSpecificationVersion": "3.0.0"
}