{
  "PropertyTypes": {
    "AWS::GuardDuty::Filter.FindingCriteria": {
      "Documentation": "http://docs.aws.amazon.com/AWSCloudFormation/latest/UserGuide/aws-properties-guardduty-filter-findingcriteria.html",
      "Properties": {
        "Criterion": {
          "Required": false,
          "Documentation": "http://docs.aws.amazon.com/AWSCloudFormation/latest/UserGuide/aws-properties-guardduty-filter-findingcriteria.html#cfn-guardduty-filter-findingcriteria-criterion",
          "PrimitiveType": "Json",
          "UpdateType": "Mutable"
        },
        "ItemType": {
          "Type": "Condition",
          "Required": false,
          "Documentation": "http://docs.aws.amazon.com/AWSCloudFormation/latest/UserGuide/aws-properties-guardduty-filter-findingcriteria.html#cfn-guardduty-filter-findingcriteria-itemtype",
          "UpdateType": "Mutable"
        }
      }
    },
    "AWS::GuardDuty::Filter.Condition": {
      "Documentation": "http://docs.aws.amazon.com/AWSCloudFormation/latest/UserGuide/aws-properties-guardduty-filter-condition.html",
      "Properties": {
        "Lt": {
          "Required": false,
          "Documentation": "http://docs.aws.amazon.com/AWSCloudFormation/latest/UserGuide/aws-properties-guardduty-filter-condition.html#cfn-guardduty-filter-condition-lt",
          "PrimitiveType": "Integer",
          "UpdateType": "Mutable"
        },
        "Gte": {
          "Required": false,
          "Documentation": "http://docs.aws.amazon.com/AWSCloudFormation/latest/UserGuide/aws-properties-guardduty-filter-condition.html#cfn-guardduty-filter-condition-gte",
          "PrimitiveType": "Integer",
          "UpdateType": "Mutable"
        },
        "Neq": {
          "PrimitiveItemType": "String",
          "Type": "List",
          "Required": false,
          "Documentation": "http://docs.aws.amazon.com/AWSCloudFormation/latest/UserGuide/aws-properties-guardduty-filter-condition.html#cfn-guardduty-filter-condition-neq",
          "UpdateType": "Mutable"
        },
        "Eq": {
          "PrimitiveItemType": "String",
          "Type": "List",
          "Required": false,
          "Documentation": "http://docs.aws.amazon.com/AWSCloudFormation/latest/UserGuide/aws-properties-guardduty-filter-condition.html#cfn-guardduty-filter-condition-eq",
          "UpdateType": "Mutable"
        },
        "Lte": {
          "Required": false,
          "Documentation": "http://docs.aws.amazon.com/AWSCloudFormation/latest/UserGuide/aws-properties-guardduty-filter-condition.html#cfn-guardduty-filter-condition-lte",
          "PrimitiveType": "Integer",
          "UpdateType": "Mutable"
        }
      }
    }
  },
  "ResourceType": {
    "AWS::GuardDuty::Filter": {
      "Documentation": "http://docs.aws.amazon.com/AWSCloudFormation/latest/UserGuide/aws-resource-guardduty-filter.html",
      "Properties": {
        "Action": {
          "Required": true,
          "Documentation": "http://docs.aws.amazon.com/AWSCloudFormation/latest/UserGuide/aws-resource-guardduty-filter.html#cfn-guardduty-filter-action",
          "PrimitiveType": "String",
          "UpdateType": "Mutable"
        },
        "Description": {
          "Required": true,
          "Documentation": "http://docs.aws.amazon.com/AWSCloudFormation/latest/UserGuide/aws-resource-guardduty-filter.html#cfn-guardduty-filter-description",
          "PrimitiveType": "String",
          "UpdateType": "Mutable"
        },
        "DetectorId": {
          "Required": true,
          "Documentation": "http://docs.aws.amazon.com/AWSCloudFormation/latest/UserGuide/aws-resource-guardduty-filter.html#cfn-guardduty-filter-detectorid",
          "PrimitiveType": "String",
          "UpdateType": "Immutable"
        },
        "FindingCriteria": {
          "Type": "FindingCriteria",
          "Required": true,
          "Documentation": "http://docs.aws.amazon.com/AWSCloudFormation/latest/UserGuide/aws-resource-guardduty-filter.html#cfn-guardduty-filter-findingcriteria",
          "UpdateType": "Mutable"
        },
        "Rank": {
          "Required": true,
          "Documentation": "http://docs.aws.amazon.com/AWSCloudFormation/latest/UserGuide/aws-resource-guardduty-filter.html#cfn-guardduty-filter-rank",
          "PrimitiveType": "Integer",
          "UpdateType": "Mutable"
        },
        "Name": {
          "Required": false,
          "Documentation": "http://docs.aws.amazon.com/AWSCloudFormation/latest/UserGuide/aws-resource-guardduty-filter.html#cfn-guardduty-filter-name",
          "PrimitiveType": "String",
          "UpdateType": "Immutable"
        }
      }
    }
  },
  "ResourceSpecificationVersion": "3.0.0"
}