{
  "ResourceType": {
    "AWS::GuardDuty::Master": {
      "Documentation": "http://docs.aws.amazon.com/AWSCloudFormation/latest/UserGuide/aws-resource-guardduty-master.html",
      "Properties": {
        "DetectorId": {
          "Required": true,
          "Documentation": "http://docs.aws.amazon.com/AWSCloudFormation/latest/UserGuide/aws-resource-guardduty-master.html#cfn-guardduty-master-detectorid",
          "PrimitiveType": "String",
          "UpdateType": "Immutable"
        },
        "MasterId": {
          "Required": true,
          "Documentation": "http://docs.aws.amazon.com/AWSCloudFormation/latest/UserGuide/aws-resource-guardduty-master.html#cfn-guardduty-master-masterid",
          "PrimitiveType": "String",
          "UpdateType": "Immutable"
        },
        "InvitationId": {
          "Required": false,
          "Documentation": "http://docs.aws.amazon.com/AWSCloudFormation/latest/UserGuide/aws-resource-guardduty-master.html#cfn-guardduty-master-invitationid",
          "PrimitiveType": "String",
          "UpdateType": "Immutable"
        }
      }
    }
  },
  "ResourceSpecificationVersion": "3.0.0"
}