{
  "ResourceType": {
    "AWS::GuardDuty::Detector": {
      "Documentation": "http://docs.aws.amazon.com/AWSCloudFormation/latest/UserGuide/aws-resource-guardduty-detector.html",
      "Properties": {
        "FindingPublishingFrequency": {
          "Required": false,
          "Documentation": "http://docs.aws.amazon.com/AWSCloudFormation/latest/UserGuide/aws-resource-guardduty-detector.html#cfn-guardduty-detector-findingpublishingfrequency",
          "PrimitiveType": "String",
          "UpdateType": "Mutable"
        },
        "Enable": {
          "Required": true,
          "Documentation": "http://docs.aws.amazon.com/AWSCloudFormation/latest/UserGuide/aws-resource-guardduty-detector.html#cfn-guardduty-detector-enable",
          "PrimitiveType": "Boolean",
          "UpdateType": "Mutable"
        }
      }
    }
  },
  "ResourceSpecificationVersion": "3.0.0"
}