{
  "ResourceType": {
    "AWS::GuardDuty::IPSet": {
      "Documentation": "http://docs.aws.amazon.com/AWSCloudFormation/latest/UserGuide/aws-resource-guardduty-ipset.html",
      "Properties": {
        "Format": {
          "Required": true,
          "Documentation": "http://docs.aws.amazon.com/AWSCloudFormation/latest/UserGuide/aws-resource-guardduty-ipset.html#cfn-guardduty-ipset-format",
          "PrimitiveType": "String",
          "UpdateType": "Immutable"
        },
        "Activate": {
          "Required": true,
          "Documentation": "http://docs.aws.amazon.com/AWSCloudFormation/latest/UserGuide/aws-resource-guardduty-ipset.html#cfn-guardduty-ipset-activate",
          "PrimitiveType": "Boolean",
          "UpdateType": "Mutable"
        },
        "DetectorId": {
          "Required": true,
          "Documentation": "http://docs.aws.amazon.com/AWSCloudFormation/latest/UserGuide/aws-resource-guardduty-ipset.html#cfn-guardduty-ipset-detectorid",
          "PrimitiveType": "String",
          "UpdateType": "Immutable"
        },
        "Name": {
          "Required": false,
          "Documentation": "http://docs.aws.amazon.com/AWSCloudFormation/latest/UserGuide/aws-resource-guardduty-ipset.html#cfn-guardduty-ipset-name",
          "PrimitiveType": "String",
          "UpdateType": "Mutable"
        },
        "Location": {
          "Required": true,
          "Documentation": "http://docs.aws.amazon.com/AWSCloudFormation/latest/UserGuide/aws-resource-guardduty-ipset.html#cfn-guardduty-ipset-location",
          "PrimitiveType": "String",
          "UpdateType": "Mutable"
        }
      }
    }
  },
  "ResourceSpecificationVersion": "3.0.0"
}