{
  "ResourceType": {
    "AWS::IAM::InstanceProfile": {
      "Attributes": {
        "Arn": {
          "PrimitiveType": "String"
        }
      },
      "Documentation": "http://docs.aws.amazon.com/AWSCloudFormation/latest/UserGuide/aws-resource-iam-instanceprofile.html",
      "Properties": {
        "InstanceProfileName": {
          "Documentation": "http://docs.aws.amazon.com/AWSCloudFormation/latest/UserGuide/aws-resource-iam-instanceprofile.html#cfn-iam-instanceprofile-instanceprofilename",
          "PrimitiveType": "String",
          "Required": false,
          "UpdateType": "Immutable"
        },
        "Path": {
          "Documentation": "http://docs.aws.amazon.com/AWSCloudFormation/latest/UserGuide/aws-resource-iam-instanceprofile.html#cfn-iam-instanceprofile-path",
          "PrimitiveType": "String",
          "Required": false,
          "UpdateType": "Immutable"
        },
        "Roles": {
          "Documentation": "http://docs.aws.amazon.com/AWSCloudFormation/latest/UserGuide/aws-resource-iam-instanceprofile.html#cfn-iam-instanceprofile-roles",
          "DuplicatesAllowed": true,
          "PrimitiveItemType": "String",
          "Required": true,
          "Type": "List",
          "UpdateType": "Mutable"
        }
      }
    }
  },
  "ResourceSpecificationVersion": "3.0.0"
}