{
  "PropertyTypes": {
    "AWS::IAM::User.LoginProfile": {
      "Documentation": "http://docs.aws.amazon.com/AWSCloudFormation/latest/UserGuide/aws-properties-iam-user-loginprofile.html",
      "Properties": {
        "Password": {
          "Documentation": "http://docs.aws.amazon.com/AWSCloudFormation/latest/UserGuide/aws-properties-iam-user-loginprofile.html#cfn-iam-user-loginprofile-password",
          "PrimitiveType": "String",
          "Required": true,
          "UpdateType": "Mutable"
        },
        "PasswordResetRequired": {
          "Documentation": "http://docs.aws.amazon.com/AWSCloudFormation/latest/UserGuide/aws-properties-iam-user-loginprofile.html#cfn-iam-user-loginprofile-passwordresetrequired",
          "PrimitiveType": "Boolean",
          "Required": false,
          "UpdateType": "Mutable"
        }
      }
    },
    "AWS::IAM::User.Policy": {
      "Documentation": "http://docs.aws.amazon.com/AWSCloudFormation/latest/UserGuide/aws-properties-iam-policy.html",
      "Properties": {
        "PolicyDocument": {
          "Documentation": "http://docs.aws.amazon.com/AWSCloudFormation/latest/UserGuide/aws-properties-iam-policy.html#cfn-iam-policies-policydocument",
          "PrimitiveType": "Json",
          "Required": true,
          "UpdateType": "Mutable"
        },
        "PolicyName": {
          "Documentation": "http://docs.aws.amazon.com/AWSCloudFormation/latest/UserGuide/aws-properties-iam-policy.html#cfn-iam-policies-policyname",
          "PrimitiveType": "String",
          "Required": true,
          "UpdateType": "Mutable"
        }
      }
    }
  },
  "ResourceType": {
    "AWS::IAM::User": {
      "Attributes": {
        "Arn": {
          "PrimitiveType": "String"
        }
      },
      "Documentation": "http://docs.aws.amazon.com/AWSCloudFormation/latest/UserGuide/aws-properties-iam-user.html",
      "Properties": {
        "Groups": {
          "Documentation": "http://docs.aws.amazon.com/AWSCloudFormation/latest/UserGuide/aws-properties-iam-user.html#cfn-iam-user-groups",
          "DuplicatesAllowed": true,
          "PrimitiveItemType": "String",
          "Required": false,
          "Type": "List",
          "UpdateType": "Mutable"
        },
        "LoginProfile": {
          "Documentation": "http://docs.aws.amazon.com/AWSCloudFormation/latest/UserGuide/aws-properties-iam-user.html#cfn-iam-user-loginprofile",
          "Required": false,
          "Type": "LoginProfile",
          "UpdateType": "Mutable"
        },
        "ManagedPolicyArns": {
          "Documentation": "http://docs.aws.amazon.com/AWSCloudFormation/latest/UserGuide/aws-properties-iam-user.html#cfn-iam-user-managepolicyarns",
          "DuplicatesAllowed": false,
          "PrimitiveItemType": "String",
          "Required": false,
          "Type": "List",
          "UpdateType": "Mutable"
        },
        "Path": {
          "Documentation": "http://docs.aws.amazon.com/AWSCloudFormation/latest/UserGuide/aws-properties-iam-user.html#cfn-iam-user-path",
          "PrimitiveType": "String",
          "Required": false,
          "UpdateType": "Mutable"
        },
        "PermissionsBoundary": {
          "Documentation": "http://docs.aws.amazon.com/AWSCloudFormation/latest/UserGuide/aws-properties-iam-user.html#cfn-iam-user-permissionsboundary",
          "PrimitiveType": "String",
          "Required": false,
          "UpdateType": "Mutable"
        },
        "Policies": {
          "Documentation": "http://docs.aws.amazon.com/AWSCloudFormation/latest/UserGuide/aws-properties-iam-user.html#cfn-iam-user-policies",
          "DuplicatesAllowed": true,
          "ItemType": "Policy",
          "Required": false,
          "Type": "List",
          "UpdateType": "Mutable"
        },
        "UserName": {
          "Documentation": "http://docs.aws.amazon.com/AWSCloudFormation/latest/UserGuide/aws-properties-iam-user.html#cfn-iam-user-username",
          "PrimitiveType": "String",
          "Required": false,
          "UpdateType": "Immutable"
        }
      }
    }
  },
  "ResourceSpecificationVersion": "3.0.0"
}