{
  "PropertyTypes": {
    "Tag": {
      "Documentation": "http://docs.aws.amazon.com/AWSCloudFormation/latest/UserGuide/aws-properties-inspector-assessmenttemplate-tag.html",
      "Properties": {
        "Value": {
          "Required": true,
          "Documentation": "http://docs.aws.amazon.com/AWSCloudFormation/latest/UserGuide/aws-properties-inspector-assessmenttemplate-tag.html#cfn-inspector-assessmenttemplate-tag-value",
          "PrimitiveType": "String",
          "UpdateType": "Mutable"
        },
        "Key": {
          "Required": true,
          "Documentation": "http://docs.aws.amazon.com/AWSCloudFormation/latest/UserGuide/aws-properties-inspector-assessmenttemplate-tag.html#cfn-inspector-assessmenttemplate-tag-key",
          "PrimitiveType": "String",
          "UpdateType": "Mutable"
        }
      }
    }
  },
  "ResourceType": {
    "AWS::Inspector::AssessmentTemplate": {
      "Documentation": "http://docs.aws.amazon.com/AWSCloudFormation/latest/UserGuide/aws-resource-inspector-assessmenttemplate.html",
      "Attributes": {
        "Arn": {
          "PrimitiveType": "String"
        }
      },
      "Properties": {
        "AssessmentTargetArn": {
          "Required": true,
          "Documentation": "http://docs.aws.amazon.com/AWSCloudFormation/latest/UserGuide/aws-resource-inspector-assessmenttemplate.html#cfn-inspector-assessmenttemplate-assessmenttargetarn",
          "PrimitiveType": "String",
          "UpdateType": "Immutable"
        },
        "DurationInSeconds": {
          "Required": true,
          "Documentation": "http://docs.aws.amazon.com/AWSCloudFormation/latest/UserGuide/aws-resource-inspector-assessmenttemplate.html#cfn-inspector-assessmenttemplate-durationinseconds",
          "PrimitiveType": "Integer",
          "UpdateType": "Immutable"
        },
        "AssessmentTemplateName": {
          "Required": false,
          "Documentation": "http://docs.aws.amazon.com/AWSCloudFormation/latest/UserGuide/aws-resource-inspector-assessmenttemplate.html#cfn-inspector-assessmenttemplate-assessmenttemplatename",
          "PrimitiveType": "String",
          "UpdateType": "Immutable"
        },
        "RulesPackageArns": {
          "PrimitiveItemType": "String",
          "Type": "List",
          "Required": true,
          "Documentation": "http://docs.aws.amazon.com/AWSCloudFormation/latest/UserGuide/aws-resource-inspector-assessmenttemplate.html#cfn-inspector-assessmenttemplate-rulespackagearns",
          "UpdateType": "Immutable"
        },
        "UserAttributesForFindings": {
          "Type": "List",
          "Required": false,
          "Documentation": "http://docs.aws.amazon.com/AWSCloudFormation/latest/UserGuide/aws-resource-inspector-assessmenttemplate.html#cfn-inspector-assessmenttemplate-userattributesforfindings",
          "ItemType": "Tag",
          "UpdateType": "Immutable"
        }
      }
    }
  },
  "ResourceSpecificationVersion": "3.0.0"
}