{
  "ResourceType": {
    "AWS::Inspector::AssessmentTarget": {
      "Documentation": "http://docs.aws.amazon.com/AWSCloudFormation/latest/UserGuide/aws-resource-inspector-assessmenttarget.html",
      "Attributes": {
        "Arn": {
          "PrimitiveType": "String"
        }
      },
      "Properties": {
        "AssessmentTargetName": {
          "Required": false,
          "Documentation": "http://docs.aws.amazon.com/AWSCloudFormation/latest/UserGuide/aws-resource-inspector-assessmenttarget.html#cfn-inspector-assessmenttarget-assessmenttargetname",
          "PrimitiveType": "String",
          "UpdateType": "Immutable"
        },
        "ResourceGroupArn": {
          "Required": false,
          "Documentation": "http://docs.aws.amazon.com/AWSCloudFormation/latest/UserGuide/aws-resource-inspector-assessmenttarget.html#cfn-inspector-assessmenttarget-resourcegrouparn",
          "PrimitiveType": "String",
          "UpdateType": "Mutable"
        }
      }
    }
  },
  "ResourceSpecificationVersion": "3.0.0"
}