{
  "ResourceType": {
    "AWS::IoT1Click::Device": {
      "Documentation": "http://docs.aws.amazon.com/AWSCloudFormation/latest/UserGuide/aws-resource-iot1click-device.html",
      "Attributes": {
        "DeviceId": {
          "PrimitiveType": "String"
        },
        "Enabled": {
          "PrimitiveType": "Boolean"
        },
        "Arn": {
          "PrimitiveType": "String"
        }
      },
      "Properties": {
        "DeviceId": {
          "Required": true,
          "Documentation": "http://docs.aws.amazon.com/AWSCloudFormation/latest/UserGuide/aws-resource-iot1click-device.html#cfn-iot1click-device-deviceid",
          "PrimitiveType": "String",
          "UpdateType": "Immutable"
        },
        "Enabled": {
          "Required": true,
          "Documentation": "http://docs.aws.amazon.com/AWSCloudFormation/latest/UserGuide/aws-resource-iot1click-device.html#cfn-iot1click-device-enabled",
          "PrimitiveType": "Boolean",
          "UpdateType": "Mutable"
        }
      }
    }
  },
  "ResourceSpecificationVersion": "3.0.0"
}