{
  "ResourceType": {
    "AWS::IoT1Click::Placement": {
      "Documentation": "http://docs.aws.amazon.com/AWSCloudFormation/latest/UserGuide/aws-resource-iot1click-placement.html",
      "Attributes": {
        "PlacementName": {
          "PrimitiveType": "String"
        },
        "ProjectName": {
          "PrimitiveType": "String"
        }
      },
      "Properties": {
        "PlacementName": {
          "Required": false,
          "Documentation": "http://docs.aws.amazon.com/AWSCloudFormation/latest/UserGuide/aws-resource-iot1click-placement.html#cfn-iot1click-placement-placementname",
          "PrimitiveType": "String",
          "UpdateType": "Immutable"
        },
        "ProjectName": {
          "Required": true,
          "Documentation": "http://docs.aws.amazon.com/AWSCloudFormation/latest/UserGuide/aws-resource-iot1click-placement.html#cfn-iot1click-placement-projectname",
          "PrimitiveType": "String",
          "UpdateType": "Immutable"
        },
        "AssociatedDevices": {
          "Required": false,
          "Documentation": "http://docs.aws.amazon.com/AWSCloudFormation/latest/UserGuide/aws-resource-iot1click-placement.html#cfn-iot1click-placement-associateddevices",
          "PrimitiveType": "Json",
          "UpdateType": "Immutable"
        },
        "Attributes": {
          "Required": false,
          "Documentation": "http://docs.aws.amazon.com/AWSCloudFormation/latest/UserGuide/aws-resource-iot1click-placement.html#cfn-iot1click-placement-attributes",
          "PrimitiveType": "Json",
          "UpdateType": "Mutable"
        }
      }
    }
  },
  "ResourceSpecificationVersion": "3.0.0"
}