{
  "PropertyTypes": {
    "AWS::IoT1Click::Project.PlacementTemplate": {
      "Documentation": "http://docs.aws.amazon.com/AWSCloudFormation/latest/UserGuide/aws-properties-iot1click-project-placementtemplate.html",
      "Properties": {
        "DeviceTemplates": {
          "Required": false,
          "Documentation": "http://docs.aws.amazon.com/AWSCloudFormation/latest/UserGuide/aws-properties-iot1click-project-placementtemplate.html#cfn-iot1click-project-placementtemplate-devicetemplates",
          "PrimitiveType": "Json",
          "UpdateType": "Immutable"
        },
        "DefaultAttributes": {
          "Required": false,
          "Documentation": "http://docs.aws.amazon.com/AWSCloudFormation/latest/UserGuide/aws-properties-iot1click-project-placementtemplate.html#cfn-iot1click-project-placementtemplate-defaultattributes",
          "PrimitiveType": "Json",
          "UpdateType": "Mutable"
        }
      }
    },
    "AWS::IoT1Click::Project.DeviceTemplate": {
      "Documentation": "http://docs.aws.amazon.com/AWSCloudFormation/latest/UserGuide/aws-properties-iot1click-project-devicetemplate.html",
      "Properties": {
        "DeviceType": {
          "Required": false,
          "Documentation": "http://docs.aws.amazon.com/AWSCloudFormation/latest/UserGuide/aws-properties-iot1click-project-devicetemplate.html#cfn-iot1click-project-devicetemplate-devicetype",
          "PrimitiveType": "String",
          "UpdateType": "Mutable"
        },
        "CallbackOverrides": {
          "Required": false,
          "Documentation": "http://docs.aws.amazon.com/AWSCloudFormation/latest/UserGuide/aws-properties-iot1click-project-devicetemplate.html#cfn-iot1click-project-devicetemplate-callbackoverrides",
          "PrimitiveType": "Json",
          "UpdateType": "Mutable"
        }
      }
    }
  },
  "ResourceType": {
    "AWS::IoT1Click::Project": {
      "Documentation": "http://docs.aws.amazon.com/AWSCloudFormation/latest/UserGuide/aws-resource-iot1click-project.html",
      "Attributes": {
        "ProjectName": {
          "PrimitiveType": "String"
        },
        "Arn": {
          "PrimitiveType": "String"
        }
      },
      "Properties": {
        "Description": {
          "Required": false,
          "Documentation": "http://docs.aws.amazon.com/AWSCloudFormation/latest/UserGuide/aws-resource-iot1click-project.html#cfn-iot1click-project-description",
          "PrimitiveType": "String",
          "UpdateType": "Mutable"
        },
        "PlacementTemplate": {
          "Type": "PlacementTemplate",
          "Required": true,
          "Documentation": "http://docs.aws.amazon.com/AWSCloudFormation/latest/UserGuide/aws-resource-iot1click-project.html#cfn-iot1click-project-placementtemplate",
          "UpdateType": "Mutable"
        },
        "ProjectName": {
          "Required": false,
          "Documentation": "http://docs.aws.amazon.com/AWSCloudFormation/latest/UserGuide/aws-resource-iot1click-project.html#cfn-iot1click-project-projectname",
          "PrimitiveType": "String",
          "UpdateType": "Immutable"
        }
      }
    }
  },
  "ResourceSpecificationVersion": "3.0.0"
}