{
  "PropertyTypes": {
    "AWS::IoTAnalytics::Pipeline.DeviceShadowEnrich": {
      "Documentation": "http://docs.aws.amazon.com/AWSCloudFormation/latest/UserGuide/aws-properties-iotanalytics-pipeline-deviceshadowenrich.html",
      "Properties": {
        "Attribute": {
          "Required": false,
          "Documentation": "http://docs.aws.amazon.com/AWSCloudFormation/latest/UserGuide/aws-properties-iotanalytics-pipeline-deviceshadowenrich.html#cfn-iotanalytics-pipeline-deviceshadowenrich-attribute",
          "PrimitiveType": "String",
          "UpdateType": "Mutable"
        },
        "Next": {
          "Required": false,
          "Documentation": "http://docs.aws.amazon.com/AWSCloudFormation/latest/UserGuide/aws-properties-iotanalytics-pipeline-deviceshadowenrich.html#cfn-iotanalytics-pipeline-deviceshadowenrich-next",
          "PrimitiveType": "String",
          "UpdateType": "Mutable"
        },
        "ThingName": {
          "Required": false,
          "Documentation": "http://docs.aws.amazon.com/AWSCloudFormation/latest/UserGuide/aws-properties-iotanalytics-pipeline-deviceshadowenrich.html#cfn-iotanalytics-pipeline-deviceshadowenrich-thingname",
          "PrimitiveType": "String",
          "UpdateType": "Mutable"
        },
        "RoleArn": {
          "Required": false,
          "Documentation": "http://docs.aws.amazon.com/AWSCloudFormation/latest/UserGuide/aws-properties-iotanalytics-pipeline-deviceshadowenrich.html#cfn-iotanalytics-pipeline-deviceshadowenrich-rolearn",
          "PrimitiveType": "String",
          "UpdateType": "Mutable"
        },
        "Name": {
          "Required": false,
          "Documentation": "http://docs.aws.amazon.com/AWSCloudFormation/latest/UserGuide/aws-properties-iotanalytics-pipeline-deviceshadowenrich.html#cfn-iotanalytics-pipeline-deviceshadowenrich-name",
          "PrimitiveType": "String",
          "UpdateType": "Mutable"
        }
      }
    },
    "AWS::IoTAnalytics::Pipeline.Activity": {
      "Documentation": "http://docs.aws.amazon.com/AWSCloudFormation/latest/UserGuide/aws-properties-iotanalytics-pipeline-activity.html",
      "Properties": {
        "SelectAttributes": {
          "Type": "SelectAttributes",
          "Required": false,
          "Documentation": "http://docs.aws.amazon.com/AWSCloudFormation/latest/UserGuide/aws-properties-iotanalytics-pipeline-activity.html#cfn-iotanalytics-pipeline-activity-selectattributes",
          "UpdateType": "Mutable"
        },
        "Datastore": {
          "Type": "Datastore",
          "Required": false,
          "Documentation": "http://docs.aws.amazon.com/AWSCloudFormation/latest/UserGuide/aws-properties-iotanalytics-pipeline-activity.html#cfn-iotanalytics-pipeline-activity-datastore",
          "UpdateType": "Mutable"
        },
        "Filter": {
          "Type": "Filter",
          "Required": false,
          "Documentation": "http://docs.aws.amazon.com/AWSCloudFormation/latest/UserGuide/aws-properties-iotanalytics-pipeline-activity.html#cfn-iotanalytics-pipeline-activity-filter",
          "UpdateType": "Mutable"
        },
        "AddAttributes": {
          "Type": "AddAttributes",
          "Required": false,
          "Documentation": "http://docs.aws.amazon.com/AWSCloudFormation/latest/UserGuide/aws-properties-iotanalytics-pipeline-activity.html#cfn-iotanalytics-pipeline-activity-addattributes",
          "UpdateType": "Mutable"
        },
        "Channel": {
          "Type": "Channel",
          "Required": false,
          "Documentation": "http://docs.aws.amazon.com/AWSCloudFormation/latest/UserGuide/aws-properties-iotanalytics-pipeline-activity.html#cfn-iotanalytics-pipeline-activity-channel",
          "UpdateType": "Mutable"
        },
        "DeviceShadowEnrich": {
          "Type": "DeviceShadowEnrich",
          "Required": false,
          "Documentation": "http://docs.aws.amazon.com/AWSCloudFormation/latest/UserGuide/aws-properties-iotanalytics-pipeline-activity.html#cfn-iotanalytics-pipeline-activity-deviceshadowenrich",
          "UpdateType": "Mutable"
        },
        "Math": {
          "Type": "Math",
          "Required": false,
          "Documentation": "http://docs.aws.amazon.com/AWSCloudFormation/latest/UserGuide/aws-properties-iotanalytics-pipeline-activity.html#cfn-iotanalytics-pipeline-activity-math",
          "UpdateType": "Mutable"
        },
        "Lambda": {
          "Type": "Lambda",
          "Required": false,
          "Documentation": "http://docs.aws.amazon.com/AWSCloudFormation/latest/UserGuide/aws-properties-iotanalytics-pipeline-activity.html#cfn-iotanalytics-pipeline-activity-lambda",
          "UpdateType": "Mutable"
        },
        "DeviceRegistryEnrich": {
          "Type": "DeviceRegistryEnrich",
          "Required": false,
          "Documentation": "http://docs.aws.amazon.com/AWSCloudFormation/latest/UserGuide/aws-properties-iotanalytics-pipeline-activity.html#cfn-iotanalytics-pipeline-activity-deviceregistryenrich",
          "UpdateType": "Mutable"
        },
        "RemoveAttributes": {
          "Type": "RemoveAttributes",
          "Required": false,
          "Documentation": "http://docs.aws.amazon.com/AWSCloudFormation/latest/UserGuide/aws-properties-iotanalytics-pipeline-activity.html#cfn-iotanalytics-pipeline-activity-removeattributes",
          "UpdateType": "Mutable"
        }
      }
    },
    "AWS::IoTAnalytics::Pipeline.Filter": {
      "Documentation": "http://docs.aws.amazon.com/AWSCloudFormation/latest/UserGuide/aws-properties-iotanalytics-pipeline-filter.html",
      "Properties": {
        "Filter": {
          "Required": false,
          "Documentation": "http://docs.aws.amazon.com/AWSCloudFormation/latest/UserGuide/aws-properties-iotanalytics-pipeline-filter.html#cfn-iotanalytics-pipeline-filter-filter",
          "PrimitiveType": "String",
          "UpdateType": "Mutable"
        },
        "Next": {
          "Required": false,
          "Documentation": "http://docs.aws.amazon.com/AWSCloudFormation/latest/UserGuide/aws-properties-iotanalytics-pipeline-filter.html#cfn-iotanalytics-pipeline-filter-next",
          "PrimitiveType": "String",
          "UpdateType": "Mutable"
        },
        "Name": {
          "Required": false,
          "Documentation": "http://docs.aws.amazon.com/AWSCloudFormation/latest/UserGuide/aws-properties-iotanalytics-pipeline-filter.html#cfn-iotanalytics-pipeline-filter-name",
          "PrimitiveType": "String",
          "UpdateType": "Mutable"
        }
      }
    },
    "AWS::IoTAnalytics::Pipeline.RemoveAttributes": {
      "Documentation": "http://docs.aws.amazon.com/AWSCloudFormation/latest/UserGuide/aws-properties-iotanalytics-pipeline-removeattributes.html",
      "Properties": {
        "Next": {
          "Required": false,
          "Documentation": "http://docs.aws.amazon.com/AWSCloudFormation/latest/UserGuide/aws-properties-iotanalytics-pipeline-removeattributes.html#cfn-iotanalytics-pipeline-removeattributes-next",
          "PrimitiveType": "String",
          "UpdateType": "Mutable"
        },
        "Attributes": {
          "PrimitiveItemType": "String",
          "Type": "List",
          "Required": false,
          "Documentation": "http://docs.aws.amazon.com/AWSCloudFormation/latest/UserGuide/aws-properties-iotanalytics-pipeline-removeattributes.html#cfn-iotanalytics-pipeline-removeattributes-attributes",
          "UpdateType": "Mutable"
        },
        "Name": {
          "Required": false,
          "Documentation": "http://docs.aws.amazon.com/AWSCloudFormation/latest/UserGuide/aws-properties-iotanalytics-pipeline-removeattributes.html#cfn-iotanalytics-pipeline-removeattributes-name",
          "PrimitiveType": "String",
          "UpdateType": "Mutable"
        }
      }
    },
    "AWS::IoTAnalytics::Pipeline.Datastore": {
      "Documentation": "http://docs.aws.amazon.com/AWSCloudFormation/latest/UserGuide/aws-properties-iotanalytics-pipeline-datastore.html",
      "Properties": {
        "DatastoreName": {
          "Required": false,
          "Documentation": "http://docs.aws.amazon.com/AWSCloudFormation/latest/UserGuide/aws-properties-iotanalytics-pipeline-datastore.html#cfn-iotanalytics-pipeline-datastore-datastorename",
          "PrimitiveType": "String",
          "UpdateType": "Mutable"
        },
        "Name": {
          "Required": false,
          "Documentation": "http://docs.aws.amazon.com/AWSCloudFormation/latest/UserGuide/aws-properties-iotanalytics-pipeline-datastore.html#cfn-iotanalytics-pipeline-datastore-name",
          "PrimitiveType": "String",
          "UpdateType": "Mutable"
        }
      }
    },
    "AWS::IoTAnalytics::Pipeline.Channel": {
      "Documentation": "http://docs.aws.amazon.com/AWSCloudFormation/latest/UserGuide/aws-properties-iotanalytics-pipeline-channel.html",
      "Properties": {
        "ChannelName": {
          "Required": false,
          "Documentation": "http://docs.aws.amazon.com/AWSCloudFormation/latest/UserGuide/aws-properties-iotanalytics-pipeline-channel.html#cfn-iotanalytics-pipeline-channel-channelname",
          "PrimitiveType": "String",
          "UpdateType": "Mutable"
        },
        "Next": {
          "Required": false,
          "Documentation": "http://docs.aws.amazon.com/AWSCloudFormation/latest/UserGuide/aws-properties-iotanalytics-pipeline-channel.html#cfn-iotanalytics-pipeline-channel-next",
          "PrimitiveType": "String",
          "UpdateType": "Mutable"
        },
        "Name": {
          "Required": false,
          "Documentation": "http://docs.aws.amazon.com/AWSCloudFormation/latest/UserGuide/aws-properties-iotanalytics-pipeline-channel.html#cfn-iotanalytics-pipeline-channel-name",
          "PrimitiveType": "String",
          "UpdateType": "Mutable"
        }
      }
    },
    "AWS::IoTAnalytics::Pipeline.SelectAttributes": {
      "Documentation": "http://docs.aws.amazon.com/AWSCloudFormation/latest/UserGuide/aws-properties-iotanalytics-pipeline-selectattributes.html",
      "Properties": {
        "Next": {
          "Required": false,
          "Documentation": "http://docs.aws.amazon.com/AWSCloudFormation/latest/UserGuide/aws-properties-iotanalytics-pipeline-selectattributes.html#cfn-iotanalytics-pipeline-selectattributes-next",
          "PrimitiveType": "String",
          "UpdateType": "Mutable"
        },
        "Attributes": {
          "PrimitiveItemType": "String",
          "Type": "List",
          "Required": false,
          "Documentation": "http://docs.aws.amazon.com/AWSCloudFormation/latest/UserGuide/aws-properties-iotanalytics-pipeline-selectattributes.html#cfn-iotanalytics-pipeline-selectattributes-attributes",
          "UpdateType": "Mutable"
        },
        "Name": {
          "Required": false,
          "Documentation": "http://docs.aws.amazon.com/AWSCloudFormation/latest/UserGuide/aws-properties-iotanalytics-pipeline-selectattributes.html#cfn-iotanalytics-pipeline-selectattributes-name",
          "PrimitiveType": "String",
          "UpdateType": "Mutable"
        }
      }
    },
    "AWS::IoTAnalytics::Pipeline.Lambda": {
      "Documentation": "http://docs.aws.amazon.com/AWSCloudFormation/latest/UserGuide/aws-properties-iotanalytics-pipeline-lambda.html",
      "Properties": {
        "BatchSize": {
          "Required": false,
          "Documentation": "http://docs.aws.amazon.com/AWSCloudFormation/latest/UserGuide/aws-properties-iotanalytics-pipeline-lambda.html#cfn-iotanalytics-pipeline-lambda-batchsize",
          "PrimitiveType": "Integer",
          "UpdateType": "Mutable"
        },
        "Next": {
          "Required": false,
          "Documentation": "http://docs.aws.amazon.com/AWSCloudFormation/latest/UserGuide/aws-properties-iotanalytics-pipeline-lambda.html#cfn-iotanalytics-pipeline-lambda-next",
          "PrimitiveType": "String",
          "UpdateType": "Mutable"
        },
        "LambdaName": {
          "Required": false,
          "Documentation": "http://docs.aws.amazon.com/AWSCloudFormation/latest/UserGuide/aws-properties-iotanalytics-pipeline-lambda.html#cfn-iotanalytics-pipeline-lambda-lambdaname",
          "PrimitiveType": "String",
          "UpdateType": "Mutable"
        },
        "Name": {
          "Required": false,
          "Documentation": "http://docs.aws.amazon.com/AWSCloudFormation/latest/UserGuide/aws-properties-iotanalytics-pipeline-lambda.html#cfn-iotanalytics-pipeline-lambda-name",
          "PrimitiveType": "String",
          "UpdateType": "Mutable"
        }
      }
    },
    "AWS::IoTAnalytics::Pipeline.DeviceRegistryEnrich": {
      "Documentation": "http://docs.aws.amazon.com/AWSCloudFormation/latest/UserGuide/aws-properties-iotanalytics-pipeline-deviceregistryenrich.html",
      "Properties": {
        "Attribute": {
          "Required": false,
          "Documentation": "http://docs.aws.amazon.com/AWSCloudFormation/latest/UserGuide/aws-properties-iotanalytics-pipeline-deviceregistryenrich.html#cfn-iotanalytics-pipeline-deviceregistryenrich-attribute",
          "PrimitiveType": "String",
          "UpdateType": "Mutable"
        },
        "Next": {
          "Required": false,
          "Documentation": "http://docs.aws.amazon.com/AWSCloudFormation/latest/UserGuide/aws-properties-iotanalytics-pipeline-deviceregistryenrich.html#cfn-iotanalytics-pipeline-deviceregistryenrich-next",
          "PrimitiveType": "String",
          "UpdateType": "Mutable"
        },
        "ThingName": {
          "Required": false,
          "Documentation": "http://docs.aws.amazon.com/AWSCloudFormation/latest/UserGuide/aws-properties-iotanalytics-pipeline-deviceregistryenrich.html#cfn-iotanalytics-pipeline-deviceregistryenrich-thingname",
          "PrimitiveType": "String",
          "UpdateType": "Mutable"
        },
        "RoleArn": {
          "Required": false,
          "Documentation": "http://docs.aws.amazon.com/AWSCloudFormation/latest/UserGuide/aws-properties-iotanalytics-pipeline-deviceregistryenrich.html#cfn-iotanalytics-pipeline-deviceregistryenrich-rolearn",
          "PrimitiveType": "String",
          "UpdateType": "Mutable"
        },
        "Name": {
          "Required": false,
          "Documentation": "http://docs.aws.amazon.com/AWSCloudFormation/latest/UserGuide/aws-properties-iotanalytics-pipeline-deviceregistryenrich.html#cfn-iotanalytics-pipeline-deviceregistryenrich-name",
          "PrimitiveType": "String",
          "UpdateType": "Mutable"
        }
      }
    },
    "Tag": {
      "Documentation": "http://docs.aws.amazon.com/AWSCloudFormation/latest/UserGuide/aws-properties-iotanalytics-pipeline-tag.html",
      "Properties": {
        "Value": {
          "Required": true,
          "Documentation": "http://docs.aws.amazon.com/AWSCloudFormation/latest/UserGuide/aws-properties-iotanalytics-pipeline-tag.html#cfn-iotanalytics-pipeline-tag-value",
          "PrimitiveType": "String",
          "UpdateType": "Mutable"
        },
        "Key": {
          "Required": true,
          "Documentation": "http://docs.aws.amazon.com/AWSCloudFormation/latest/UserGuide/aws-properties-iotanalytics-pipeline-tag.html#cfn-iotanalytics-pipeline-tag-key",
          "PrimitiveType": "String",
          "UpdateType": "Mutable"
        }
      }
    },
    "AWS::IoTAnalytics::Pipeline.AddAttributes": {
      "Documentation": "http://docs.aws.amazon.com/AWSCloudFormation/latest/UserGuide/aws-properties-iotanalytics-pipeline-addattributes.html",
      "Properties": {
        "Next": {
          "Required": false,
          "Documentation": "http://docs.aws.amazon.com/AWSCloudFormation/latest/UserGuide/aws-properties-iotanalytics-pipeline-addattributes.html#cfn-iotanalytics-pipeline-addattributes-next",
          "PrimitiveType": "String",
          "UpdateType": "Mutable"
        },
        "Attributes": {
          "Required": false,
          "Documentation": "http://docs.aws.amazon.com/AWSCloudFormation/latest/UserGuide/aws-properties-iotanalytics-pipeline-addattributes.html#cfn-iotanalytics-pipeline-addattributes-attributes",
          "PrimitiveType": "Json",
          "UpdateType": "Mutable"
        },
        "Name": {
          "Required": false,
          "Documentation": "http://docs.aws.amazon.com/AWSCloudFormation/latest/UserGuide/aws-properties-iotanalytics-pipeline-addattributes.html#cfn-iotanalytics-pipeline-addattributes-name",
          "PrimitiveType": "String",
          "UpdateType": "Mutable"
        }
      }
    },
    "AWS::IoTAnalytics::Pipeline.Math": {
      "Documentation": "http://docs.aws.amazon.com/AWSCloudFormation/latest/UserGuide/aws-properties-iotanalytics-pipeline-math.html",
      "Properties": {
        "Attribute": {
          "Required": false,
          "Documentation": "http://docs.aws.amazon.com/AWSCloudFormation/latest/UserGuide/aws-properties-iotanalytics-pipeline-math.html#cfn-iotanalytics-pipeline-math-attribute",
          "PrimitiveType": "String",
          "UpdateType": "Mutable"
        },
        "Next": {
          "Required": false,
          "Documentation": "http://docs.aws.amazon.com/AWSCloudFormation/latest/UserGuide/aws-properties-iotanalytics-pipeline-math.html#cfn-iotanalytics-pipeline-math-next",
          "PrimitiveType": "String",
          "UpdateType": "Mutable"
        },
        "Math": {
          "Required": false,
          "Documentation": "http://docs.aws.amazon.com/AWSCloudFormation/latest/UserGuide/aws-properties-iotanalytics-pipeline-math.html#cfn-iotanalytics-pipeline-math-math",
          "PrimitiveType": "String",
          "UpdateType": "Mutable"
        },
        "Name": {
          "Required": false,
          "Documentation": "http://docs.aws.amazon.com/AWSCloudFormation/latest/UserGuide/aws-properties-iotanalytics-pipeline-math.html#cfn-iotanalytics-pipeline-math-name",
          "PrimitiveType": "String",
          "UpdateType": "Mutable"
        }
      }
    }
  },
  "ResourceType": {
    "AWS::IoTAnalytics::Pipeline": {
      "Documentation": "http://docs.aws.amazon.com/AWSCloudFormation/latest/UserGuide/aws-resource-iotanalytics-pipeline.html",
      "Properties": {
        "PipelineName": {
          "Required": false,
          "Documentation": "http://docs.aws.amazon.com/AWSCloudFormation/latest/UserGuide/aws-resource-iotanalytics-pipeline.html#cfn-iotanalytics-pipeline-pipelinename",
          "PrimitiveType": "String",
          "UpdateType": "Immutable"
        },
        "Tags": {
          "Type": "List",
          "Required": false,
          "Documentation": "http://docs.aws.amazon.com/AWSCloudFormation/latest/UserGuide/aws-resource-iotanalytics-pipeline.html#cfn-iotanalytics-pipeline-tags",
          "ItemType": "Tag",
          "UpdateType": "Mutable"
        },
        "PipelineActivities": {
          "Type": "List",
          "Required": true,
          "Documentation": "http://docs.aws.amazon.com/AWSCloudFormation/latest/UserGuide/aws-resource-iotanalytics-pipeline.html#cfn-iotanalytics-pipeline-pipelineactivities",
          "ItemType": "Activity",
          "UpdateType": "Mutable"
        }
      }
    }
  },
  "ResourceSpecificationVersion": "3.0.0"
}