{
  "PropertyTypes": {
    "AWS::IoTAnalytics::Dataset.Variable": {
      "Documentation": "http://docs.aws.amazon.com/AWSCloudFormation/latest/UserGuide/aws-properties-iotanalytics-dataset-variable.html",
      "Properties": {
        "DatasetContentVersionValue": {
          "Type": "DatasetContentVersionValue",
          "Required": false,
          "Documentation": "http://docs.aws.amazon.com/AWSCloudFormation/latest/UserGuide/aws-properties-iotanalytics-dataset-variable.html#cfn-iotanalytics-dataset-variable-datasetcontentversionvalue",
          "UpdateType": "Mutable"
        },
        "DoubleValue": {
          "Required": false,
          "Documentation": "http://docs.aws.amazon.com/AWSCloudFormation/latest/UserGuide/aws-properties-iotanalytics-dataset-variable.html#cfn-iotanalytics-dataset-variable-doublevalue",
          "PrimitiveType": "Double",
          "UpdateType": "Mutable"
        },
        "OutputFileUriValue": {
          "Type": "OutputFileUriValue",
          "Required": false,
          "Documentation": "http://docs.aws.amazon.com/AWSCloudFormation/latest/UserGuide/aws-properties-iotanalytics-dataset-variable.html#cfn-iotanalytics-dataset-variable-outputfileurivalue",
          "UpdateType": "Mutable"
        },
        "VariableName": {
          "Required": true,
          "Documentation": "http://docs.aws.amazon.com/AWSCloudFormation/latest/UserGuide/aws-properties-iotanalytics-dataset-variable.html#cfn-iotanalytics-dataset-variable-variablename",
          "PrimitiveType": "String",
          "UpdateType": "Mutable"
        },
        "StringValue": {
          "Required": false,
          "Documentation": "http://docs.aws.amazon.com/AWSCloudFormation/latest/UserGuide/aws-properties-iotanalytics-dataset-variable.html#cfn-iotanalytics-dataset-variable-stringvalue",
          "PrimitiveType": "String",
          "UpdateType": "Mutable"
        }
      }
    },
    "AWS::IoTAnalytics::Dataset.Action": {
      "Documentation": "http://docs.aws.amazon.com/AWSCloudFormation/latest/UserGuide/aws-properties-iotanalytics-dataset-action.html",
      "Properties": {
        "ActionName": {
          "Required": true,
          "Documentation": "http://docs.aws.amazon.com/AWSCloudFormation/latest/UserGuide/aws-properties-iotanalytics-dataset-action.html#cfn-iotanalytics-dataset-action-actionname",
          "PrimitiveType": "String",
          "UpdateType": "Mutable"
        },
        "ContainerAction": {
          "Type": "ContainerAction",
          "Required": false,
          "Documentation": "http://docs.aws.amazon.com/AWSCloudFormation/latest/UserGuide/aws-properties-iotanalytics-dataset-action.html#cfn-iotanalytics-dataset-action-containeraction",
          "UpdateType": "Mutable"
        },
        "QueryAction": {
          "Type": "QueryAction",
          "Required": false,
          "Documentation": "http://docs.aws.amazon.com/AWSCloudFormation/latest/UserGuide/aws-properties-iotanalytics-dataset-action.html#cfn-iotanalytics-dataset-action-queryaction",
          "UpdateType": "Mutable"
        }
      }
    },
    "AWS::IoTAnalytics::Dataset.ResourceConfiguration": {
      "Documentation": "http://docs.aws.amazon.com/AWSCloudFormation/latest/UserGuide/aws-properties-iotanalytics-dataset-resourceconfiguration.html",
      "Properties": {
        "VolumeSizeInGB": {
          "Required": true,
          "Documentation": "http://docs.aws.amazon.com/AWSCloudFormation/latest/UserGuide/aws-properties-iotanalytics-dataset-resourceconfiguration.html#cfn-iotanalytics-dataset-resourceconfiguration-volumesizeingb",
          "PrimitiveType": "Integer",
          "UpdateType": "Mutable"
        },
        "ComputeType": {
          "Required": true,
          "Documentation": "http://docs.aws.amazon.com/AWSCloudFormation/latest/UserGuide/aws-properties-iotanalytics-dataset-resourceconfiguration.html#cfn-iotanalytics-dataset-resourceconfiguration-computetype",
          "PrimitiveType": "String",
          "UpdateType": "Mutable"
        }
      }
    },
    "AWS::IoTAnalytics::Dataset.Trigger": {
      "Documentation": "http://docs.aws.amazon.com/AWSCloudFormation/latest/UserGuide/aws-properties-iotanalytics-dataset-trigger.html",
      "Properties": {
        "Schedule": {
          "Type": "Schedule",
          "Required": false,
          "Documentation": "http://docs.aws.amazon.com/AWSCloudFormation/latest/UserGuide/aws-properties-iotanalytics-dataset-trigger.html#cfn-iotanalytics-dataset-trigger-schedule",
          "UpdateType": "Mutable"
        },
        "TriggeringDataset": {
          "Type": "TriggeringDataset",
          "Required": false,
          "Documentation": "http://docs.aws.amazon.com/AWSCloudFormation/latest/UserGuide/aws-properties-iotanalytics-dataset-trigger.html#cfn-iotanalytics-dataset-trigger-triggeringdataset",
          "UpdateType": "Mutable"
        }
      }
    },
    "AWS::IoTAnalytics::Dataset.RetentionPeriod": {
      "Documentation": "http://docs.aws.amazon.com/AWSCloudFormation/latest/UserGuide/aws-properties-iotanalytics-dataset-retentionperiod.html",
      "Properties": {
        "NumberOfDays": {
          "Required": true,
          "Documentation": "http://docs.aws.amazon.com/AWSCloudFormation/latest/UserGuide/aws-properties-iotanalytics-dataset-retentionperiod.html#cfn-iotanalytics-dataset-retentionperiod-numberofdays",
          "PrimitiveType": "Integer",
          "UpdateType": "Mutable"
        },
        "Unlimited": {
          "Required": true,
          "Documentation": "http://docs.aws.amazon.com/AWSCloudFormation/latest/UserGuide/aws-properties-iotanalytics-dataset-retentionperiod.html#cfn-iotanalytics-dataset-retentionperiod-unlimited",
          "PrimitiveType": "Boolean",
          "UpdateType": "Mutable"
        }
      }
    },
    "AWS::IoTAnalytics::Dataset.DatasetContentVersionValue": {
      "Documentation": "http://docs.aws.amazon.com/AWSCloudFormation/latest/UserGuide/aws-properties-iotanalytics-dataset-variable-datasetcontentversionvalue.html",
      "Properties": {
        "DatasetName": {
          "Required": false,
          "Documentation": "http://docs.aws.amazon.com/AWSCloudFormation/latest/UserGuide/aws-properties-iotanalytics-dataset-variable-datasetcontentversionvalue.html#cfn-iotanalytics-dataset-variable-datasetcontentversionvalue-datasetname",
          "PrimitiveType": "String",
          "UpdateType": "Mutable"
        }
      }
    },
    "AWS::IoTAnalytics::Dataset.OutputFileUriValue": {
      "Documentation": "http://docs.aws.amazon.com/AWSCloudFormation/latest/UserGuide/aws-properties-iotanalytics-dataset-variable-outputfileurivalue.html",
      "Properties": {
        "FileName": {
          "Required": false,
          "Documentation": "http://docs.aws.amazon.com/AWSCloudFormation/latest/UserGuide/aws-properties-iotanalytics-dataset-variable-outputfileurivalue.html#cfn-iotanalytics-dataset-variable-outputfileurivalue-filename",
          "PrimitiveType": "String",
          "UpdateType": "Mutable"
        }
      }
    },
    "AWS::IoTAnalytics::Dataset.TriggeringDataset": {
      "Documentation": "http://docs.aws.amazon.com/AWSCloudFormation/latest/UserGuide/aws-properties-iotanalytics-dataset-triggeringdataset.html",
      "Properties": {
        "DatasetName": {
          "Required": true,
          "Documentation": "http://docs.aws.amazon.com/AWSCloudFormation/latest/UserGuide/aws-properties-iotanalytics-dataset-triggeringdataset.html#cfn-iotanalytics-dataset-triggeringdataset-datasetname",
          "PrimitiveType": "String",
          "UpdateType": "Mutable"
        }
      }
    },
    "AWS::IoTAnalytics::Dataset.Schedule": {
      "Documentation": "http://docs.aws.amazon.com/AWSCloudFormation/latest/UserGuide/aws-properties-iotanalytics-dataset-trigger-schedule.html",
      "Properties": {
        "ScheduleExpression": {
          "Required": true,
          "Documentation": "http://docs.aws.amazon.com/AWSCloudFormation/latest/UserGuide/aws-properties-iotanalytics-dataset-trigger-schedule.html#cfn-iotanalytics-dataset-trigger-schedule-scheduleexpression",
          "PrimitiveType": "String",
          "UpdateType": "Mutable"
        }
      }
    },
    "AWS::IoTAnalytics::Dataset.QueryAction": {
      "Documentation": "http://docs.aws.amazon.com/AWSCloudFormation/latest/UserGuide/aws-properties-iotanalytics-dataset-queryaction.html",
      "Properties": {
        "Filters": {
          "Type": "List",
          "Required": false,
          "Documentation": "http://docs.aws.amazon.com/AWSCloudFormation/latest/UserGuide/aws-properties-iotanalytics-dataset-queryaction.html#cfn-iotanalytics-dataset-queryaction-filters",
          "ItemType": "Filter",
          "UpdateType": "Mutable"
        },
        "SqlQuery": {
          "Required": true,
          "Documentation": "http://docs.aws.amazon.com/AWSCloudFormation/latest/UserGuide/aws-properties-iotanalytics-dataset-queryaction.html#cfn-iotanalytics-dataset-queryaction-sqlquery",
          "PrimitiveType": "String",
          "UpdateType": "Mutable"
        }
      }
    },
    "AWS::IoTAnalytics::Dataset.ContainerAction": {
      "Documentation": "http://docs.aws.amazon.com/AWSCloudFormation/latest/UserGuide/aws-properties-iotanalytics-dataset-containeraction.html",
      "Properties": {
        "Variables": {
          "Type": "List",
          "Required": false,
          "Documentation": "http://docs.aws.amazon.com/AWSCloudFormation/latest/UserGuide/aws-properties-iotanalytics-dataset-containeraction.html#cfn-iotanalytics-dataset-containeraction-variables",
          "ItemType": "Variable",
          "UpdateType": "Mutable"
        },
        "ExecutionRoleArn": {
          "Required": true,
          "Documentation": "http://docs.aws.amazon.com/AWSCloudFormation/latest/UserGuide/aws-properties-iotanalytics-dataset-containeraction.html#cfn-iotanalytics-dataset-containeraction-executionrolearn",
          "PrimitiveType": "String",
          "UpdateType": "Mutable"
        },
        "Image": {
          "Required": true,
          "Documentation": "http://docs.aws.amazon.com/AWSCloudFormation/latest/UserGuide/aws-properties-iotanalytics-dataset-containeraction.html#cfn-iotanalytics-dataset-containeraction-image",
          "PrimitiveType": "String",
          "UpdateType": "Mutable"
        },
        "ResourceConfiguration": {
          "Type": "ResourceConfiguration",
          "Required": true,
          "Documentation": "http://docs.aws.amazon.com/AWSCloudFormation/latest/UserGuide/aws-properties-iotanalytics-dataset-containeraction.html#cfn-iotanalytics-dataset-containeraction-resourceconfiguration",
          "UpdateType": "Mutable"
        }
      }
    },
    "AWS::IoTAnalytics::Dataset.DeltaTime": {
      "Documentation": "http://docs.aws.amazon.com/AWSCloudFormation/latest/UserGuide/aws-properties-iotanalytics-dataset-deltatime.html",
      "Properties": {
        "TimeExpression": {
          "Required": true,
          "Documentation": "http://docs.aws.amazon.com/AWSCloudFormation/latest/UserGuide/aws-properties-iotanalytics-dataset-deltatime.html#cfn-iotanalytics-dataset-deltatime-timeexpression",
          "PrimitiveType": "String",
          "UpdateType": "Mutable"
        },
        "OffsetSeconds": {
          "Required": true,
          "Documentation": "http://docs.aws.amazon.com/AWSCloudFormation/latest/UserGuide/aws-properties-iotanalytics-dataset-deltatime.html#cfn-iotanalytics-dataset-deltatime-offsetseconds",
          "PrimitiveType": "Integer",
          "UpdateType": "Mutable"
        }
      }
    },
    "AWS::IoTAnalytics::Dataset.Filter": {
      "Documentation": "http://docs.aws.amazon.com/AWSCloudFormation/latest/UserGuide/aws-properties-iotanalytics-dataset-filter.html",
      "Properties": {
        "DeltaTime": {
          "Type": "DeltaTime",
          "Required": false,
          "Documentation": "http://docs.aws.amazon.com/AWSCloudFormation/latest/UserGuide/aws-properties-iotanalytics-dataset-filter.html#cfn-iotanalytics-dataset-filter-deltatime",
          "UpdateType": "Mutable"
        }
      }
    },
    "Tag": {
      "Documentation": "http://docs.aws.amazon.com/AWSCloudFormation/latest/UserGuide/aws-properties-iotanalytics-dataset-tag.html",
      "Properties": {
        "Value": {
          "Required": true,
          "Documentation": "http://docs.aws.amazon.com/AWSCloudFormation/latest/UserGuide/aws-properties-iotanalytics-dataset-tag.html#cfn-iotanalytics-dataset-tag-value",
          "PrimitiveType": "String",
          "UpdateType": "Mutable"
        },
        "Key": {
          "Required": true,
          "Documentation": "http://docs.aws.amazon.com/AWSCloudFormation/latest/UserGuide/aws-properties-iotanalytics-dataset-tag.html#cfn-iotanalytics-dataset-tag-key",
          "PrimitiveType": "String",
          "UpdateType": "Mutable"
        }
      }
    }
  },
  "ResourceType": {
    "AWS::IoTAnalytics::Dataset": {
      "Documentation": "http://docs.aws.amazon.com/AWSCloudFormation/latest/UserGuide/aws-resource-iotanalytics-dataset.html",
      "Properties": {
        "Actions": {
          "Type": "List",
          "Required": true,
          "Documentation": "http://docs.aws.amazon.com/AWSCloudFormation/latest/UserGuide/aws-resource-iotanalytics-dataset.html#cfn-iotanalytics-dataset-actions",
          "ItemType": "Action",
          "UpdateType": "Mutable"
        },
        "DatasetName": {
          "Required": false,
          "Documentation": "http://docs.aws.amazon.com/AWSCloudFormation/latest/UserGuide/aws-resource-iotanalytics-dataset.html#cfn-iotanalytics-dataset-datasetname",
          "PrimitiveType": "String",
          "UpdateType": "Immutable"
        },
        "Triggers": {
          "Type": "List",
          "Required": false,
          "Documentation": "http://docs.aws.amazon.com/AWSCloudFormation/latest/UserGuide/aws-resource-iotanalytics-dataset.html#cfn-iotanalytics-dataset-triggers",
          "ItemType": "Trigger",
          "UpdateType": "Mutable"
        },
        "RetentionPeriod": {
          "Type": "RetentionPeriod",
          "Required": false,
          "Documentation": "http://docs.aws.amazon.com/AWSCloudFormation/latest/UserGuide/aws-resource-iotanalytics-dataset.html#cfn-iotanalytics-dataset-retentionperiod",
          "UpdateType": "Mutable"
        },
        "Tags": {
          "Type": "List",
          "Required": false,
          "Documentation": "http://docs.aws.amazon.com/AWSCloudFormation/latest/UserGuide/aws-resource-iotanalytics-dataset.html#cfn-iotanalytics-dataset-tags",
          "ItemType": "Tag",
          "UpdateType": "Mutable"
        }
      }
    }
  },
  "ResourceSpecificationVersion": "3.0.0"
}