{
  "PropertyTypes": {
    "Tag": {
      "Documentation": "http://docs.aws.amazon.com/AWSCloudFormation/latest/UserGuide/aws-properties-iotanalytics-datastore-tag.html",
      "Properties": {
        "Value": {
          "Required": true,
          "Documentation": "http://docs.aws.amazon.com/AWSCloudFormation/latest/UserGuide/aws-properties-iotanalytics-datastore-tag.html#cfn-iotanalytics-datastore-tag-value",
          "PrimitiveType": "String",
          "UpdateType": "Mutable"
        },
        "Key": {
          "Required": true,
          "Documentation": "http://docs.aws.amazon.com/AWSCloudFormation/latest/UserGuide/aws-properties-iotanalytics-datastore-tag.html#cfn-iotanalytics-datastore-tag-key",
          "PrimitiveType": "String",
          "UpdateType": "Mutable"
        }
      }
    },
    "AWS::IoTAnalytics::Datastore.RetentionPeriod": {
      "Documentation": "http://docs.aws.amazon.com/AWSCloudFormation/latest/UserGuide/aws-properties-iotanalytics-datastore-retentionperiod.html",
      "Properties": {
        "NumberOfDays": {
          "Required": false,
          "Documentation": "http://docs.aws.amazon.com/AWSCloudFormation/latest/UserGuide/aws-properties-iotanalytics-datastore-retentionperiod.html#cfn-iotanalytics-datastore-retentionperiod-numberofdays",
          "PrimitiveType": "Integer",
          "UpdateType": "Mutable"
        },
        "Unlimited": {
          "Required": false,
          "Documentation": "http://docs.aws.amazon.com/AWSCloudFormation/latest/UserGuide/aws-properties-iotanalytics-datastore-retentionperiod.html#cfn-iotanalytics-datastore-retentionperiod-unlimited",
          "PrimitiveType": "Boolean",
          "UpdateType": "Mutable"
        }
      }
    }
  },
  "ResourceType": {
    "AWS::IoTAnalytics::Datastore": {
      "Documentation": "http://docs.aws.amazon.com/AWSCloudFormation/latest/UserGuide/aws-resource-iotanalytics-datastore.html",
      "Properties": {
        "DatastoreName": {
          "Required": false,
          "Documentation": "http://docs.aws.amazon.com/AWSCloudFormation/latest/UserGuide/aws-resource-iotanalytics-datastore.html#cfn-iotanalytics-datastore-datastorename",
          "PrimitiveType": "String",
          "UpdateType": "Immutable"
        },
        "RetentionPeriod": {
          "Type": "RetentionPeriod",
          "Required": false,
          "Documentation": "http://docs.aws.amazon.com/AWSCloudFormation/latest/UserGuide/aws-resource-iotanalytics-datastore.html#cfn-iotanalytics-datastore-retentionperiod",
          "UpdateType": "Mutable"
        },
        "Tags": {
          "Type": "List",
          "Required": false,
          "Documentation": "http://docs.aws.amazon.com/AWSCloudFormation/latest/UserGuide/aws-resource-iotanalytics-datastore.html#cfn-iotanalytics-datastore-tags",
          "ItemType": "Tag",
          "UpdateType": "Mutable"
        }
      }
    }
  },
  "ResourceSpecificationVersion": "3.0.0"
}