{
  "PropertyTypes": {
    "Tag": {
      "Documentation": "http://docs.aws.amazon.com/AWSCloudFormation/latest/UserGuide/aws-properties-iotanalytics-channel-tag.html",
      "Properties": {
        "Value": {
          "Required": true,
          "Documentation": "http://docs.aws.amazon.com/AWSCloudFormation/latest/UserGuide/aws-properties-iotanalytics-channel-tag.html#cfn-iotanalytics-channel-tag-value",
          "PrimitiveType": "String",
          "UpdateType": "Mutable"
        },
        "Key": {
          "Required": true,
          "Documentation": "http://docs.aws.amazon.com/AWSCloudFormation/latest/UserGuide/aws-properties-iotanalytics-channel-tag.html#cfn-iotanalytics-channel-tag-key",
          "PrimitiveType": "String",
          "UpdateType": "Mutable"
        }
      }
    },
    "AWS::IoTAnalytics::Channel.RetentionPeriod": {
      "Documentation": "http://docs.aws.amazon.com/AWSCloudFormation/latest/UserGuide/aws-properties-iotanalytics-channel-retentionperiod.html",
      "Properties": {
        "NumberOfDays": {
          "Required": false,
          "Documentation": "http://docs.aws.amazon.com/AWSCloudFormation/latest/UserGuide/aws-properties-iotanalytics-channel-retentionperiod.html#cfn-iotanalytics-channel-retentionperiod-numberofdays",
          "PrimitiveType": "Integer",
          "UpdateType": "Mutable"
        },
        "Unlimited": {
          "Required": false,
          "Documentation": "http://docs.aws.amazon.com/AWSCloudFormation/latest/UserGuide/aws-properties-iotanalytics-channel-retentionperiod.html#cfn-iotanalytics-channel-retentionperiod-unlimited",
          "PrimitiveType": "Boolean",
          "UpdateType": "Mutable"
        }
      }
    }
  },
  "ResourceType": {
    "AWS::IoTAnalytics::Channel": {
      "Documentation": "http://docs.aws.amazon.com/AWSCloudFormation/latest/UserGuide/aws-resource-iotanalytics-channel.html",
      "Properties": {
        "ChannelName": {
          "Required": false,
          "Documentation": "http://docs.aws.amazon.com/AWSCloudFormation/latest/UserGuide/aws-resource-iotanalytics-channel.html#cfn-iotanalytics-channel-channelname",
          "PrimitiveType": "String",
          "UpdateType": "Immutable"
        },
        "RetentionPeriod": {
          "Type": "RetentionPeriod",
          "Required": false,
          "Documentation": "http://docs.aws.amazon.com/AWSCloudFormation/latest/UserGuide/aws-resource-iotanalytics-channel.html#cfn-iotanalytics-channel-retentionperiod",
          "UpdateType": "Mutable"
        },
        "Tags": {
          "Type": "List",
          "Required": false,
          "Documentation": "http://docs.aws.amazon.com/AWSCloudFormation/latest/UserGuide/aws-resource-iotanalytics-channel.html#cfn-iotanalytics-channel-tags",
          "ItemType": "Tag",
          "UpdateType": "Mutable"
        }
      }
    }
  },
  "ResourceSpecificationVersion": "3.0.0"
}