{
  "ResourceType": {
    "AWS::IoT::ThingPrincipalAttachment": {
      "Documentation": "http://docs.aws.amazon.com/AWSCloudFormation/latest/UserGuide/aws-resource-iot-thingprincipalattachment.html",
      "Properties": {
        "Principal": {
          "Documentation": "http://docs.aws.amazon.com/AWSCloudFormation/latest/UserGuide/aws-resource-iot-thingprincipalattachment.html#cfn-iot-thingprincipalattachment-principal",
          "PrimitiveType": "String",
          "Required": true,
          "UpdateType": "Immutable"
        },
        "ThingName": {
          "Documentation": "http://docs.aws.amazon.com/AWSCloudFormation/latest/UserGuide/aws-resource-iot-thingprincipalattachment.html#cfn-iot-thingprincipalattachment-thingname",
          "PrimitiveType": "String",
          "Required": true,
          "UpdateType": "Immutable"
        }
      }
    }
  },
  "ResourceSpecificationVersion": "3.0.0"
}