{
  "PropertyTypes": {
    "AWS::IoT::Thing.AttributePayload": {
      "Documentation": "http://docs.aws.amazon.com/AWSCloudFormation/latest/UserGuide/aws-properties-iot-thing-attributepayload.html",
      "Properties": {
        "Attributes": {
          "Documentation": "http://docs.aws.amazon.com/AWSCloudFormation/latest/UserGuide/aws-properties-iot-thing-attributepayload.html#cfn-iot-thing-attributepayload-attributes",
          "DuplicatesAllowed": false,
          "PrimitiveItemType": "String",
          "Required": false,
          "Type": "Map",
          "UpdateType": "Mutable"
        }
      }
    }
  },
  "ResourceType": {
    "AWS::IoT::Thing": {
      "Documentation": "http://docs.aws.amazon.com/AWSCloudFormation/latest/UserGuide/aws-resource-iot-thing.html",
      "Properties": {
        "AttributePayload": {
          "Documentation": "http://docs.aws.amazon.com/AWSCloudFormation/latest/UserGuide/aws-resource-iot-thing.html#cfn-iot-thing-attributepayload",
          "Required": false,
          "Type": "AttributePayload",
          "UpdateType": "Mutable"
        },
        "ThingName": {
          "Documentation": "http://docs.aws.amazon.com/AWSCloudFormation/latest/UserGuide/aws-resource-iot-thing.html#cfn-iot-thing-thingname",
          "PrimitiveType": "String",
          "Required": false,
          "UpdateType": "Immutable"
        }
      }
    }
  },
  "ResourceSpecificationVersion": "3.0.0"
}