{
  "PropertyTypes": {
    "AWS::IoT::TopicRule.Action": {
      "Documentation": "http://docs.aws.amazon.com/AWSCloudFormation/latest/UserGuide/aws-properties-iot-topicrule-action.html",
      "Properties": {
        "CloudwatchAlarm": {
          "Documentation": "http://docs.aws.amazon.com/AWSCloudFormation/latest/UserGuide/aws-properties-iot-topicrule-action.html#cfn-iot-topicrule-action-cloudwatchalarm",
          "Required": false,
          "Type": "CloudwatchAlarmAction",
          "UpdateType": "Mutable"
        },
        "CloudwatchMetric": {
          "Documentation": "http://docs.aws.amazon.com/AWSCloudFormation/latest/UserGuide/aws-properties-iot-topicrule-action.html#cfn-iot-topicrule-action-cloudwatchmetric",
          "Required": false,
          "Type": "CloudwatchMetricAction",
          "UpdateType": "Mutable"
        },
        "DynamoDB": {
          "Documentation": "http://docs.aws.amazon.com/AWSCloudFormation/latest/UserGuide/aws-properties-iot-topicrule-action.html#cfn-iot-topicrule-action-dynamodb",
          "Required": false,
          "Type": "DynamoDBAction",
          "UpdateType": "Mutable"
        },
        "DynamoDBv2": {
          "Documentation": "http://docs.aws.amazon.com/AWSCloudFormation/latest/UserGuide/aws-properties-iot-topicrule-action.html#cfn-iot-topicrule-action-dynamodbv2",
          "Required": false,
          "Type": "DynamoDBv2Action",
          "UpdateType": "Mutable"
        },
        "Elasticsearch": {
          "Documentation": "http://docs.aws.amazon.com/AWSCloudFormation/latest/UserGuide/aws-properties-iot-topicrule-action.html#cfn-iot-topicrule-action-elasticsearch",
          "Required": false,
          "Type": "ElasticsearchAction",
          "UpdateType": "Mutable"
        },
        "Firehose": {
          "Documentation": "http://docs.aws.amazon.com/AWSCloudFormation/latest/UserGuide/aws-properties-iot-topicrule-action.html#cfn-iot-topicrule-action-firehose",
          "Required": false,
          "Type": "FirehoseAction",
          "UpdateType": "Mutable"
        },
        "IotAnalytics": {
          "Documentation": "http://docs.aws.amazon.com/AWSCloudFormation/latest/UserGuide/aws-properties-iot-topicrule-action.html#cfn-iot-topicrule-action-iotanalytics",
          "Required": false,
          "Type": "IotAnalyticsAction",
          "UpdateType": "Mutable"
        },
        "Kinesis": {
          "Documentation": "http://docs.aws.amazon.com/AWSCloudFormation/latest/UserGuide/aws-properties-iot-topicrule-action.html#cfn-iot-topicrule-action-kinesis",
          "Required": false,
          "Type": "KinesisAction",
          "UpdateType": "Mutable"
        },
        "Lambda": {
          "Documentation": "http://docs.aws.amazon.com/AWSCloudFormation/latest/UserGuide/aws-properties-iot-topicrule-action.html#cfn-iot-topicrule-action-lambda",
          "Required": false,
          "Type": "LambdaAction",
          "UpdateType": "Mutable"
        },
        "Republish": {
          "Documentation": "http://docs.aws.amazon.com/AWSCloudFormation/latest/UserGuide/aws-properties-iot-topicrule-action.html#cfn-iot-topicrule-action-republish",
          "Required": false,
          "Type": "RepublishAction",
          "UpdateType": "Mutable"
        },
        "S3": {
          "Documentation": "http://docs.aws.amazon.com/AWSCloudFormation/latest/UserGuide/aws-properties-iot-topicrule-action.html#cfn-iot-topicrule-action-s3",
          "Required": false,
          "Type": "S3Action",
          "UpdateType": "Mutable"
        },
        "Sns": {
          "Documentation": "http://docs.aws.amazon.com/AWSCloudFormation/latest/UserGuide/aws-properties-iot-topicrule-action.html#cfn-iot-topicrule-action-sns",
          "Required": false,
          "Type": "SnsAction",
          "UpdateType": "Mutable"
        },
        "Sqs": {
          "Documentation": "http://docs.aws.amazon.com/AWSCloudFormation/latest/UserGuide/aws-properties-iot-topicrule-action.html#cfn-iot-topicrule-action-sqs",
          "Required": false,
          "Type": "SqsAction",
          "UpdateType": "Mutable"
        },
        "StepFunctions": {
          "Documentation": "http://docs.aws.amazon.com/AWSCloudFormation/latest/UserGuide/aws-properties-iot-topicrule-action.html#cfn-iot-topicrule-action-stepfunctions",
          "Required": false,
          "Type": "StepFunctionsAction",
          "UpdateType": "Mutable"
        }
      }
    },
    "AWS::IoT::TopicRule.CloudwatchAlarmAction": {
      "Documentation": "http://docs.aws.amazon.com/AWSCloudFormation/latest/UserGuide/aws-properties-iot-topicrule-cloudwatchalarmaction.html",
      "Properties": {
        "AlarmName": {
          "Documentation": "http://docs.aws.amazon.com/AWSCloudFormation/latest/UserGuide/aws-properties-iot-topicrule-cloudwatchalarmaction.html#cfn-iot-topicrule-cloudwatchalarmaction-alarmname",
          "PrimitiveType": "String",
          "Required": true,
          "UpdateType": "Mutable"
        },
        "RoleArn": {
          "Documentation": "http://docs.aws.amazon.com/AWSCloudFormation/latest/UserGuide/aws-properties-iot-topicrule-cloudwatchalarmaction.html#cfn-iot-topicrule-cloudwatchalarmaction-rolearn",
          "PrimitiveType": "String",
          "Required": true,
          "UpdateType": "Mutable"
        },
        "StateReason": {
          "Documentation": "http://docs.aws.amazon.com/AWSCloudFormation/latest/UserGuide/aws-properties-iot-topicrule-cloudwatchalarmaction.html#cfn-iot-topicrule-cloudwatchalarmaction-statereason",
          "PrimitiveType": "String",
          "Required": true,
          "UpdateType": "Mutable"
        },
        "StateValue": {
          "Documentation": "http://docs.aws.amazon.com/AWSCloudFormation/latest/UserGuide/aws-properties-iot-topicrule-cloudwatchalarmaction.html#cfn-iot-topicrule-cloudwatchalarmaction-statevalue",
          "PrimitiveType": "String",
          "Required": true,
          "UpdateType": "Mutable"
        }
      }
    },
    "AWS::IoT::TopicRule.CloudwatchMetricAction": {
      "Documentation": "http://docs.aws.amazon.com/AWSCloudFormation/latest/UserGuide/aws-properties-iot-topicrule-cloudwatchmetricaction.html",
      "Properties": {
        "MetricName": {
          "Documentation": "http://docs.aws.amazon.com/AWSCloudFormation/latest/UserGuide/aws-properties-iot-topicrule-cloudwatchmetricaction.html#cfn-iot-topicrule-cloudwatchmetricaction-metricname",
          "PrimitiveType": "String",
          "Required": true,
          "UpdateType": "Mutable"
        },
        "MetricNamespace": {
          "Documentation": "http://docs.aws.amazon.com/AWSCloudFormation/latest/UserGuide/aws-properties-iot-topicrule-cloudwatchmetricaction.html#cfn-iot-topicrule-cloudwatchmetricaction-metricnamespace",
          "PrimitiveType": "String",
          "Required": true,
          "UpdateType": "Mutable"
        },
        "MetricTimestamp": {
          "Documentation": "http://docs.aws.amazon.com/AWSCloudFormation/latest/UserGuide/aws-properties-iot-topicrule-cloudwatchmetricaction.html#cfn-iot-topicrule-cloudwatchmetricaction-metrictimestamp",
          "PrimitiveType": "String",
          "Required": false,
          "UpdateType": "Mutable"
        },
        "MetricUnit": {
          "Documentation": "http://docs.aws.amazon.com/AWSCloudFormation/latest/UserGuide/aws-properties-iot-topicrule-cloudwatchmetricaction.html#cfn-iot-topicrule-cloudwatchmetricaction-metricunit",
          "PrimitiveType": "String",
          "Required": true,
          "UpdateType": "Mutable"
        },
        "MetricValue": {
          "Documentation": "http://docs.aws.amazon.com/AWSCloudFormation/latest/UserGuide/aws-properties-iot-topicrule-cloudwatchmetricaction.html#cfn-iot-topicrule-cloudwatchmetricaction-metricvalue",
          "PrimitiveType": "String",
          "Required": true,
          "UpdateType": "Mutable"
        },
        "RoleArn": {
          "Documentation": "http://docs.aws.amazon.com/AWSCloudFormation/latest/UserGuide/aws-properties-iot-topicrule-cloudwatchmetricaction.html#cfn-iot-topicrule-cloudwatchmetricaction-rolearn",
          "PrimitiveType": "String",
          "Required": true,
          "UpdateType": "Mutable"
        }
      }
    },
    "AWS::IoT::TopicRule.DynamoDBAction": {
      "Documentation": "http://docs.aws.amazon.com/AWSCloudFormation/latest/UserGuide/aws-properties-iot-topicrule-dynamodbaction.html",
      "Properties": {
        "HashKeyField": {
          "Documentation": "http://docs.aws.amazon.com/AWSCloudFormation/latest/UserGuide/aws-properties-iot-topicrule-dynamodbaction.html#cfn-iot-topicrule-dynamodbaction-hashkeyfield",
          "PrimitiveType": "String",
          "Required": true,
          "UpdateType": "Mutable"
        },
        "HashKeyType": {
          "Documentation": "http://docs.aws.amazon.com/AWSCloudFormation/latest/UserGuide/aws-properties-iot-topicrule-dynamodbaction.html#cfn-iot-topicrule-dynamodbaction-hashkeytype",
          "PrimitiveType": "String",
          "Required": false,
          "UpdateType": "Mutable"
        },
        "HashKeyValue": {
          "Documentation": "http://docs.aws.amazon.com/AWSCloudFormation/latest/UserGuide/aws-properties-iot-topicrule-dynamodbaction.html#cfn-iot-topicrule-dynamodbaction-hashkeyvalue",
          "PrimitiveType": "String",
          "Required": true,
          "UpdateType": "Mutable"
        },
        "PayloadField": {
          "Documentation": "http://docs.aws.amazon.com/AWSCloudFormation/latest/UserGuide/aws-properties-iot-topicrule-dynamodbaction.html#cfn-iot-topicrule-dynamodbaction-payloadfield",
          "PrimitiveType": "String",
          "Required": false,
          "UpdateType": "Mutable"
        },
        "RangeKeyField": {
          "Documentation": "http://docs.aws.amazon.com/AWSCloudFormation/latest/UserGuide/aws-properties-iot-topicrule-dynamodbaction.html#cfn-iot-topicrule-dynamodbaction-rangekeyfield",
          "PrimitiveType": "String",
          "Required": false,
          "UpdateType": "Mutable"
        },
        "RangeKeyType": {
          "Documentation": "http://docs.aws.amazon.com/AWSCloudFormation/latest/UserGuide/aws-properties-iot-topicrule-dynamodbaction.html#cfn-iot-topicrule-dynamodbaction-rangekeytype",
          "PrimitiveType": "String",
          "Required": false,
          "UpdateType": "Mutable"
        },
        "RangeKeyValue": {
          "Documentation": "http://docs.aws.amazon.com/AWSCloudFormation/latest/UserGuide/aws-properties-iot-topicrule-dynamodbaction.html#cfn-iot-topicrule-dynamodbaction-rangekeyvalue",
          "PrimitiveType": "String",
          "Required": false,
          "UpdateType": "Mutable"
        },
        "RoleArn": {
          "Documentation": "http://docs.aws.amazon.com/AWSCloudFormation/latest/UserGuide/aws-properties-iot-topicrule-dynamodbaction.html#cfn-iot-topicrule-dynamodbaction-rolearn",
          "PrimitiveType": "String",
          "Required": true,
          "UpdateType": "Mutable"
        },
        "TableName": {
          "Documentation": "http://docs.aws.amazon.com/AWSCloudFormation/latest/UserGuide/aws-properties-iot-topicrule-dynamodbaction.html#cfn-iot-topicrule-dynamodbaction-tablename",
          "PrimitiveType": "String",
          "Required": true,
          "UpdateType": "Mutable"
        }
      }
    },
    "AWS::IoT::TopicRule.DynamoDBv2Action": {
      "Documentation": "http://docs.aws.amazon.com/AWSCloudFormation/latest/UserGuide/aws-properties-iot-topicrule-dynamodbv2action.html",
      "Properties": {
        "PutItem": {
          "Documentation": "http://docs.aws.amazon.com/AWSCloudFormation/latest/UserGuide/aws-properties-iot-topicrule-dynamodbv2action.html#cfn-iot-topicrule-dynamodbv2action-putitem",
          "Required": false,
          "Type": "PutItemInput",
          "UpdateType": "Mutable"
        },
        "RoleArn": {
          "Documentation": "http://docs.aws.amazon.com/AWSCloudFormation/latest/UserGuide/aws-properties-iot-topicrule-dynamodbv2action.html#cfn-iot-topicrule-dynamodbv2action-rolearn",
          "PrimitiveType": "String",
          "Required": false,
          "UpdateType": "Mutable"
        }
      }
    },
    "AWS::IoT::TopicRule.ElasticsearchAction": {
      "Documentation": "http://docs.aws.amazon.com/AWSCloudFormation/latest/UserGuide/aws-properties-iot-topicrule-elasticsearchaction.html",
      "Properties": {
        "Endpoint": {
          "Documentation": "http://docs.aws.amazon.com/AWSCloudFormation/latest/UserGuide/aws-properties-iot-topicrule-elasticsearchaction.html#cfn-iot-topicrule-elasticsearchaction-endpoint",
          "PrimitiveType": "String",
          "Required": true,
          "UpdateType": "Mutable"
        },
        "Id": {
          "Documentation": "http://docs.aws.amazon.com/AWSCloudFormation/latest/UserGuide/aws-properties-iot-topicrule-elasticsearchaction.html#cfn-iot-topicrule-elasticsearchaction-id",
          "PrimitiveType": "String",
          "Required": true,
          "UpdateType": "Mutable"
        },
        "Index": {
          "Documentation": "http://docs.aws.amazon.com/AWSCloudFormation/latest/UserGuide/aws-properties-iot-topicrule-elasticsearchaction.html#cfn-iot-topicrule-elasticsearchaction-index",
          "PrimitiveType": "String",
          "Required": true,
          "UpdateType": "Mutable"
        },
        "RoleArn": {
          "Documentation": "http://docs.aws.amazon.com/AWSCloudFormation/latest/UserGuide/aws-properties-iot-topicrule-elasticsearchaction.html#cfn-iot-topicrule-elasticsearchaction-rolearn",
          "PrimitiveType": "String",
          "Required": true,
          "UpdateType": "Mutable"
        },
        "Type": {
          "Documentation": "http://docs.aws.amazon.com/AWSCloudFormation/latest/UserGuide/aws-properties-iot-topicrule-elasticsearchaction.html#cfn-iot-topicrule-elasticsearchaction-type",
          "PrimitiveType": "String",
          "Required": true,
          "UpdateType": "Mutable"
        }
      }
    },
    "AWS::IoT::TopicRule.FirehoseAction": {
      "Documentation": "http://docs.aws.amazon.com/AWSCloudFormation/latest/UserGuide/aws-properties-iot-topicrule-firehoseaction.html",
      "Properties": {
        "DeliveryStreamName": {
          "Documentation": "http://docs.aws.amazon.com/AWSCloudFormation/latest/UserGuide/aws-properties-iot-topicrule-firehoseaction.html#cfn-iot-topicrule-firehoseaction-deliverystreamname",
          "PrimitiveType": "String",
          "Required": true,
          "UpdateType": "Mutable"
        },
        "RoleArn": {
          "Documentation": "http://docs.aws.amazon.com/AWSCloudFormation/latest/UserGuide/aws-properties-iot-topicrule-firehoseaction.html#cfn-iot-topicrule-firehoseaction-rolearn",
          "PrimitiveType": "String",
          "Required": true,
          "UpdateType": "Mutable"
        },
        "Separator": {
          "Documentation": "http://docs.aws.amazon.com/AWSCloudFormation/latest/UserGuide/aws-properties-iot-topicrule-firehoseaction.html#cfn-iot-topicrule-firehoseaction-separator",
          "PrimitiveType": "String",
          "Required": false,
          "UpdateType": "Mutable"
        }
      }
    },
    "AWS::IoT::TopicRule.IotAnalyticsAction": {
      "Documentation": "http://docs.aws.amazon.com/AWSCloudFormation/latest/UserGuide/aws-properties-iot-topicrule-iotanalyticsaction.html",
      "Properties": {
        "ChannelName": {
          "Documentation": "http://docs.aws.amazon.com/AWSCloudFormation/latest/UserGuide/aws-properties-iot-topicrule-iotanalyticsaction.html#cfn-iot-topicrule-iotanalyticsaction-channelname",
          "PrimitiveType": "String",
          "Required": true,
          "UpdateType": "Mutable"
        },
        "RoleArn": {
          "Documentation": "http://docs.aws.amazon.com/AWSCloudFormation/latest/UserGuide/aws-properties-iot-topicrule-iotanalyticsaction.html#cfn-iot-topicrule-iotanalyticsaction-rolearn",
          "PrimitiveType": "String",
          "Required": true,
          "UpdateType": "Mutable"
        }
      }
    },
    "AWS::IoT::TopicRule.KinesisAction": {
      "Documentation": "http://docs.aws.amazon.com/AWSCloudFormation/latest/UserGuide/aws-properties-iot-topicrule-kinesisaction.html",
      "Properties": {
        "PartitionKey": {
          "Documentation": "http://docs.aws.amazon.com/AWSCloudFormation/latest/UserGuide/aws-properties-iot-topicrule-kinesisaction.html#cfn-iot-topicrule-kinesisaction-partitionkey",
          "PrimitiveType": "String",
          "Required": false,
          "UpdateType": "Mutable"
        },
        "RoleArn": {
          "Documentation": "http://docs.aws.amazon.com/AWSCloudFormation/latest/UserGuide/aws-properties-iot-topicrule-kinesisaction.html#cfn-iot-topicrule-kinesisaction-rolearn",
          "PrimitiveType": "String",
          "Required": true,
          "UpdateType": "Mutable"
        },
        "StreamName": {
          "Documentation": "http://docs.aws.amazon.com/AWSCloudFormation/latest/UserGuide/aws-properties-iot-topicrule-kinesisaction.html#cfn-iot-topicrule-kinesisaction-streamname",
          "PrimitiveType": "String",
          "Required": true,
          "UpdateType": "Mutable"
        }
      }
    },
    "AWS::IoT::TopicRule.LambdaAction": {
      "Documentation": "http://docs.aws.amazon.com/AWSCloudFormation/latest/UserGuide/aws-properties-iot-topicrule-lambdaaction.html",
      "Properties": {
        "FunctionArn": {
          "Documentation": "http://docs.aws.amazon.com/AWSCloudFormation/latest/UserGuide/aws-properties-iot-topicrule-lambdaaction.html#cfn-iot-topicrule-lambdaaction-functionarn",
          "PrimitiveType": "String",
          "Required": false,
          "UpdateType": "Mutable"
        }
      }
    },
    "AWS::IoT::TopicRule.PutItemInput": {
      "Documentation": "http://docs.aws.amazon.com/AWSCloudFormation/latest/UserGuide/aws-properties-iot-topicrule-putiteminput.html",
      "Properties": {
        "TableName": {
          "Documentation": "http://docs.aws.amazon.com/AWSCloudFormation/latest/UserGuide/aws-properties-iot-topicrule-putiteminput.html#cfn-iot-topicrule-putiteminput-tablename",
          "PrimitiveType": "String",
          "Required": true,
          "UpdateType": "Mutable"
        }
      }
    },
    "AWS::IoT::TopicRule.RepublishAction": {
      "Documentation": "http://docs.aws.amazon.com/AWSCloudFormation/latest/UserGuide/aws-properties-iot-topicrule-republishaction.html",
      "Properties": {
        "RoleArn": {
          "Documentation": "http://docs.aws.amazon.com/AWSCloudFormation/latest/UserGuide/aws-properties-iot-topicrule-republishaction.html#cfn-iot-topicrule-republishaction-rolearn",
          "PrimitiveType": "String",
          "Required": true,
          "UpdateType": "Mutable"
        },
        "Topic": {
          "Documentation": "http://docs.aws.amazon.com/AWSCloudFormation/latest/UserGuide/aws-properties-iot-topicrule-republishaction.html#cfn-iot-topicrule-republishaction-topic",
          "PrimitiveType": "String",
          "Required": true,
          "UpdateType": "Mutable"
        }
      }
    },
    "AWS::IoT::TopicRule.S3Action": {
      "Documentation": "http://docs.aws.amazon.com/AWSCloudFormation/latest/UserGuide/aws-properties-iot-topicrule-s3action.html",
      "Properties": {
        "BucketName": {
          "Documentation": "http://docs.aws.amazon.com/AWSCloudFormation/latest/UserGuide/aws-properties-iot-topicrule-s3action.html#cfn-iot-topicrule-s3action-bucketname",
          "PrimitiveType": "String",
          "Required": true,
          "UpdateType": "Mutable"
        },
        "Key": {
          "Documentation": "http://docs.aws.amazon.com/AWSCloudFormation/latest/UserGuide/aws-properties-iot-topicrule-s3action.html#cfn-iot-topicrule-s3action-key",
          "PrimitiveType": "String",
          "Required": true,
          "UpdateType": "Mutable"
        },
        "RoleArn": {
          "Documentation": "http://docs.aws.amazon.com/AWSCloudFormation/latest/UserGuide/aws-properties-iot-topicrule-s3action.html#cfn-iot-topicrule-s3action-rolearn",
          "PrimitiveType": "String",
          "Required": true,
          "UpdateType": "Mutable"
        }
      }
    },
    "AWS::IoT::TopicRule.SnsAction": {
      "Documentation": "http://docs.aws.amazon.com/AWSCloudFormation/latest/UserGuide/aws-properties-iot-topicrule-snsaction.html",
      "Properties": {
        "MessageFormat": {
          "Documentation": "http://docs.aws.amazon.com/AWSCloudFormation/latest/UserGuide/aws-properties-iot-topicrule-snsaction.html#cfn-iot-topicrule-snsaction-messageformat",
          "PrimitiveType": "String",
          "Required": false,
          "UpdateType": "Mutable"
        },
        "RoleArn": {
          "Documentation": "http://docs.aws.amazon.com/AWSCloudFormation/latest/UserGuide/aws-properties-iot-topicrule-snsaction.html#cfn-iot-topicrule-snsaction-rolearn",
          "PrimitiveType": "String",
          "Required": true,
          "UpdateType": "Mutable"
        },
        "TargetArn": {
          "Documentation": "http://docs.aws.amazon.com/AWSCloudFormation/latest/UserGuide/aws-properties-iot-topicrule-snsaction.html#cfn-iot-topicrule-snsaction-targetarn",
          "PrimitiveType": "String",
          "Required": true,
          "UpdateType": "Mutable"
        }
      }
    },
    "AWS::IoT::TopicRule.SqsAction": {
      "Documentation": "http://docs.aws.amazon.com/AWSCloudFormation/latest/UserGuide/aws-properties-iot-topicrule-sqsaction.html",
      "Properties": {
        "QueueUrl": {
          "Documentation": "http://docs.aws.amazon.com/AWSCloudFormation/latest/UserGuide/aws-properties-iot-topicrule-sqsaction.html#cfn-iot-topicrule-sqsaction-queueurl",
          "PrimitiveType": "String",
          "Required": true,
          "UpdateType": "Mutable"
        },
        "RoleArn": {
          "Documentation": "http://docs.aws.amazon.com/AWSCloudFormation/latest/UserGuide/aws-properties-iot-topicrule-sqsaction.html#cfn-iot-topicrule-sqsaction-rolearn",
          "PrimitiveType": "String",
          "Required": true,
          "UpdateType": "Mutable"
        },
        "UseBase64": {
          "Documentation": "http://docs.aws.amazon.com/AWSCloudFormation/latest/UserGuide/aws-properties-iot-topicrule-sqsaction.html#cfn-iot-topicrule-sqsaction-usebase64",
          "PrimitiveType": "Boolean",
          "Required": false,
          "UpdateType": "Mutable"
        }
      }
    },
    "AWS::IoT::TopicRule.StepFunctionsAction": {
      "Documentation": "http://docs.aws.amazon.com/AWSCloudFormation/latest/UserGuide/aws-properties-iot-topicrule-stepfunctionsaction.html",
      "Properties": {
        "ExecutionNamePrefix": {
          "Documentation": "http://docs.aws.amazon.com/AWSCloudFormation/latest/UserGuide/aws-properties-iot-topicrule-stepfunctionsaction.html#cfn-iot-topicrule-stepfunctionsaction-executionnameprefix",
          "PrimitiveType": "String",
          "Required": false,
          "UpdateType": "Mutable"
        },
        "RoleArn": {
          "Documentation": "http://docs.aws.amazon.com/AWSCloudFormation/latest/UserGuide/aws-properties-iot-topicrule-stepfunctionsaction.html#cfn-iot-topicrule-stepfunctionsaction-rolearn",
          "PrimitiveType": "String",
          "Required": true,
          "UpdateType": "Mutable"
        },
        "StateMachineName": {
          "Documentation": "http://docs.aws.amazon.com/AWSCloudFormation/latest/UserGuide/aws-properties-iot-topicrule-stepfunctionsaction.html#cfn-iot-topicrule-stepfunctionsaction-statemachinename",
          "PrimitiveType": "String",
          "Required": true,
          "UpdateType": "Mutable"
        }
      }
    },
    "AWS::IoT::TopicRule.TopicRulePayload": {
      "Documentation": "http://docs.aws.amazon.com/AWSCloudFormation/latest/UserGuide/aws-properties-iot-topicrule-topicrulepayload.html",
      "Properties": {
        "Actions": {
          "Documentation": "http://docs.aws.amazon.com/AWSCloudFormation/latest/UserGuide/aws-properties-iot-topicrule-topicrulepayload.html#cfn-iot-topicrule-topicrulepayload-actions",
          "DuplicatesAllowed": false,
          "ItemType": "Action",
          "Required": true,
          "Type": "List",
          "UpdateType": "Mutable"
        },
        "AwsIotSqlVersion": {
          "Documentation": "http://docs.aws.amazon.com/AWSCloudFormation/latest/UserGuide/aws-properties-iot-topicrule-topicrulepayload.html#cfn-iot-topicrule-topicrulepayload-awsiotsqlversion",
          "PrimitiveType": "String",
          "Required": false,
          "UpdateType": "Mutable"
        },
        "Description": {
          "Documentation": "http://docs.aws.amazon.com/AWSCloudFormation/latest/UserGuide/aws-properties-iot-topicrule-topicrulepayload.html#cfn-iot-topicrule-topicrulepayload-description",
          "PrimitiveType": "String",
          "Required": false,
          "UpdateType": "Mutable"
        },
        "ErrorAction": {
          "Documentation": "http://docs.aws.amazon.com/AWSCloudFormation/latest/UserGuide/aws-properties-iot-topicrule-topicrulepayload.html#cfn-iot-topicrule-topicrulepayload-erroraction",
          "Required": false,
          "Type": "Action",
          "UpdateType": "Mutable"
        },
        "RuleDisabled": {
          "Documentation": "http://docs.aws.amazon.com/AWSCloudFormation/latest/UserGuide/aws-properties-iot-topicrule-topicrulepayload.html#cfn-iot-topicrule-topicrulepayload-ruledisabled",
          "PrimitiveType": "Boolean",
          "Required": true,
          "UpdateType": "Mutable"
        },
        "Sql": {
          "Documentation": "http://docs.aws.amazon.com/AWSCloudFormation/latest/UserGuide/aws-properties-iot-topicrule-topicrulepayload.html#cfn-iot-topicrule-topicrulepayload-sql",
          "PrimitiveType": "String",
          "Required": true,
          "UpdateType": "Mutable"
        }
      }
    }
  },
  "ResourceType": {
    "AWS::IoT::TopicRule": {
      "Attributes": {
        "Arn": {
          "PrimitiveType": "String"
        }
      },
      "Documentation": "http://docs.aws.amazon.com/AWSCloudFormation/latest/UserGuide/aws-resource-iot-topicrule.html",
      "Properties": {
        "RuleName": {
          "Documentation": "http://docs.aws.amazon.com/AWSCloudFormation/latest/UserGuide/aws-resource-iot-topicrule.html#cfn-iot-topicrule-rulename",
          "PrimitiveType": "String",
          "Required": false,
          "UpdateType": "Immutable"
        },
        "TopicRulePayload": {
          "Documentation": "http://docs.aws.amazon.com/AWSCloudFormation/latest/UserGuide/aws-resource-iot-topicrule.html#cfn-iot-topicrule-topicrulepayload",
          "Required": true,
          "Type": "TopicRulePayload",
          "UpdateType": "Mutable"
        }
      }
    }
  },
  "ResourceSpecificationVersion": "3.0.0"
}