{
  "PropertyTypes": {
    "AWS::KinesisAnalyticsV2::Application.InputProcessingConfiguration": {
      "Documentation": "http://docs.aws.amazon.com/AWSCloudFormation/latest/UserGuide/aws-properties-kinesisanalyticsv2-application-inputprocessingconfiguration.html",
      "Properties": {
        "InputLambdaProcessor": {
          "Type": "InputLambdaProcessor",
          "Required": false,
          "Documentation": "http://docs.aws.amazon.com/AWSCloudFormation/latest/UserGuide/aws-properties-kinesisanalyticsv2-application-inputprocessingconfiguration.html#cfn-kinesisanalyticsv2-application-inputprocessingconfiguration-inputlambdaprocessor",
          "UpdateType": "Mutable"
        }
      }
    },
    "AWS::KinesisAnalyticsV2::Application.InputParallelism": {
      "Documentation": "http://docs.aws.amazon.com/AWSCloudFormation/latest/UserGuide/aws-properties-kinesisanalyticsv2-application-inputparallelism.html",
      "Properties": {
        "Count": {
          "Required": false,
          "Documentation": "http://docs.aws.amazon.com/AWSCloudFormation/latest/UserGuide/aws-properties-kinesisanalyticsv2-application-inputparallelism.html#cfn-kinesisanalyticsv2-application-inputparallelism-count",
          "PrimitiveType": "Integer",
          "UpdateType": "Mutable"
        }
      }
    },
    "AWS::KinesisAnalyticsV2::Application.ApplicationCodeConfiguration": {
      "Documentation": "http://docs.aws.amazon.com/AWSCloudFormation/latest/UserGuide/aws-properties-kinesisanalyticsv2-application-applicationcodeconfiguration.html",
      "Properties": {
        "CodeContentType": {
          "Required": true,
          "Documentation": "http://docs.aws.amazon.com/AWSCloudFormation/latest/UserGuide/aws-properties-kinesisanalyticsv2-application-applicationcodeconfiguration.html#cfn-kinesisanalyticsv2-application-applicationcodeconfiguration-codecontenttype",
          "PrimitiveType": "String",
          "UpdateType": "Mutable"
        },
        "CodeContent": {
          "Type": "CodeContent",
          "Required": true,
          "Documentation": "http://docs.aws.amazon.com/AWSCloudFormation/latest/UserGuide/aws-properties-kinesisanalyticsv2-application-applicationcodeconfiguration.html#cfn-kinesisanalyticsv2-application-applicationcodeconfiguration-codecontent",
          "UpdateType": "Mutable"
        }
      }
    },
    "AWS::KinesisAnalyticsV2::Application.MonitoringConfiguration": {
      "Documentation": "http://docs.aws.amazon.com/AWSCloudFormation/latest/UserGuide/aws-properties-kinesisanalyticsv2-application-monitoringconfiguration.html",
      "Properties": {
        "ConfigurationType": {
          "Required": true,
          "Documentation": "http://docs.aws.amazon.com/AWSCloudFormation/latest/UserGuide/aws-properties-kinesisanalyticsv2-application-monitoringconfiguration.html#cfn-kinesisanalyticsv2-application-monitoringconfiguration-configurationtype",
          "PrimitiveType": "String",
          "UpdateType": "Mutable"
        },
        "MetricsLevel": {
          "Required": false,
          "Documentation": "http://docs.aws.amazon.com/AWSCloudFormation/latest/UserGuide/aws-properties-kinesisanalyticsv2-application-monitoringconfiguration.html#cfn-kinesisanalyticsv2-application-monitoringconfiguration-metricslevel",
          "PrimitiveType": "String",
          "UpdateType": "Mutable"
        },
        "LogLevel": {
          "Required": false,
          "Documentation": "http://docs.aws.amazon.com/AWSCloudFormation/latest/UserGuide/aws-properties-kinesisanalyticsv2-application-monitoringconfiguration.html#cfn-kinesisanalyticsv2-application-monitoringconfiguration-loglevel",
          "PrimitiveType": "String",
          "UpdateType": "Mutable"
        }
      }
    },
    "AWS::KinesisAnalyticsV2::Application.JSONMappingParameters": {
      "Documentation": "http://docs.aws.amazon.com/AWSCloudFormation/latest/UserGuide/aws-properties-kinesisanalyticsv2-application-jsonmappingparameters.html",
      "Properties": {
        "RecordRowPath": {
          "Required": true,
          "Documentation": "http://docs.aws.amazon.com/AWSCloudFormation/latest/UserGuide/aws-properties-kinesisanalyticsv2-application-jsonmappingparameters.html#cfn-kinesisanalyticsv2-application-jsonmappingparameters-recordrowpath",
          "PrimitiveType": "String",
          "UpdateType": "Mutable"
        }
      }
    },
    "AWS::KinesisAnalyticsV2::Application.FlinkApplicationConfiguration": {
      "Documentation": "http://docs.aws.amazon.com/AWSCloudFormation/latest/UserGuide/aws-properties-kinesisanalyticsv2-application-flinkapplicationconfiguration.html",
      "Properties": {
        "CheckpointConfiguration": {
          "Type": "CheckpointConfiguration",
          "Required": false,
          "Documentation": "http://docs.aws.amazon.com/AWSCloudFormation/latest/UserGuide/aws-properties-kinesisanalyticsv2-application-flinkapplicationconfiguration.html#cfn-kinesisanalyticsv2-application-flinkapplicationconfiguration-checkpointconfiguration",
          "UpdateType": "Mutable"
        },
        "ParallelismConfiguration": {
          "Type": "ParallelismConfiguration",
          "Required": false,
          "Documentation": "http://docs.aws.amazon.com/AWSCloudFormation/latest/UserGuide/aws-properties-kinesisanalyticsv2-application-flinkapplicationconfiguration.html#cfn-kinesisanalyticsv2-application-flinkapplicationconfiguration-parallelismconfiguration",
          "UpdateType": "Mutable"
        },
        "MonitoringConfiguration": {
          "Type": "MonitoringConfiguration",
          "Required": false,
          "Documentation": "http://docs.aws.amazon.com/AWSCloudFormation/latest/UserGuide/aws-properties-kinesisanalyticsv2-application-flinkapplicationconfiguration.html#cfn-kinesisanalyticsv2-application-flinkapplicationconfiguration-monitoringconfiguration",
          "UpdateType": "Mutable"
        }
      }
    },
    "AWS::KinesisAnalyticsV2::Application.InputSchema": {
      "Documentation": "http://docs.aws.amazon.com/AWSCloudFormation/latest/UserGuide/aws-properties-kinesisanalyticsv2-application-inputschema.html",
      "Properties": {
        "RecordEncoding": {
          "Required": false,
          "Documentation": "http://docs.aws.amazon.com/AWSCloudFormation/latest/UserGuide/aws-properties-kinesisanalyticsv2-application-inputschema.html#cfn-kinesisanalyticsv2-application-inputschema-recordencoding",
          "PrimitiveType": "String",
          "UpdateType": "Mutable"
        },
        "RecordColumns": {
          "Type": "List",
          "Required": true,
          "Documentation": "http://docs.aws.amazon.com/AWSCloudFormation/latest/UserGuide/aws-properties-kinesisanalyticsv2-application-inputschema.html#cfn-kinesisanalyticsv2-application-inputschema-recordcolumns",
          "ItemType": "RecordColumn",
          "UpdateType": "Mutable"
        },
        "RecordFormat": {
          "Type": "RecordFormat",
          "Required": true,
          "Documentation": "http://docs.aws.amazon.com/AWSCloudFormation/latest/UserGuide/aws-properties-kinesisanalyticsv2-application-inputschema.html#cfn-kinesisanalyticsv2-application-inputschema-recordformat",
          "UpdateType": "Mutable"
        }
      }
    },
    "AWS::KinesisAnalyticsV2::Application.CheckpointConfiguration": {
      "Documentation": "http://docs.aws.amazon.com/AWSCloudFormation/latest/UserGuide/aws-properties-kinesisanalyticsv2-application-checkpointconfiguration.html",
      "Properties": {
        "ConfigurationType": {
          "Required": true,
          "Documentation": "http://docs.aws.amazon.com/AWSCloudFormation/latest/UserGuide/aws-properties-kinesisanalyticsv2-application-checkpointconfiguration.html#cfn-kinesisanalyticsv2-application-checkpointconfiguration-configurationtype",
          "PrimitiveType": "String",
          "UpdateType": "Mutable"
        },
        "CheckpointInterval": {
          "Required": false,
          "Documentation": "http://docs.aws.amazon.com/AWSCloudFormation/latest/UserGuide/aws-properties-kinesisanalyticsv2-application-checkpointconfiguration.html#cfn-kinesisanalyticsv2-application-checkpointconfiguration-checkpointinterval",
          "PrimitiveType": "Integer",
          "UpdateType": "Mutable"
        },
        "MinPauseBetweenCheckpoints": {
          "Required": false,
          "Documentation": "http://docs.aws.amazon.com/AWSCloudFormation/latest/UserGuide/aws-properties-kinesisanalyticsv2-application-checkpointconfiguration.html#cfn-kinesisanalyticsv2-application-checkpointconfiguration-minpausebetweencheckpoints",
          "PrimitiveType": "Integer",
          "UpdateType": "Mutable"
        },
        "CheckpointingEnabled": {
          "Required": false,
          "Documentation": "http://docs.aws.amazon.com/AWSCloudFormation/latest/UserGuide/aws-properties-kinesisanalyticsv2-application-checkpointconfiguration.html#cfn-kinesisanalyticsv2-application-checkpointconfiguration-checkpointingenabled",
          "PrimitiveType": "Boolean",
          "UpdateType": "Mutable"
        }
      }
    },
    "AWS::KinesisAnalyticsV2::Application.CodeContent": {
      "Documentation": "http://docs.aws.amazon.com/AWSCloudFormation/latest/UserGuide/aws-properties-kinesisanalyticsv2-application-codecontent.html",
      "Properties": {
        "ZipFileContent": {
          "Required": false,
          "Documentation": "http://docs.aws.amazon.com/AWSCloudFormation/latest/UserGuide/aws-properties-kinesisanalyticsv2-application-codecontent.html#cfn-kinesisanalyticsv2-application-codecontent-zipfilecontent",
          "PrimitiveType": "String",
          "UpdateType": "Mutable"
        },
        "S3ContentLocation": {
          "Type": "S3ContentLocation",
          "Required": false,
          "Documentation": "http://docs.aws.amazon.com/AWSCloudFormation/latest/UserGuide/aws-properties-kinesisanalyticsv2-application-codecontent.html#cfn-kinesisanalyticsv2-application-codecontent-s3contentlocation",
          "UpdateType": "Mutable"
        },
        "TextContent": {
          "Required": false,
          "Documentation": "http://docs.aws.amazon.com/AWSCloudFormation/latest/UserGuide/aws-properties-kinesisanalyticsv2-application-codecontent.html#cfn-kinesisanalyticsv2-application-codecontent-textcontent",
          "PrimitiveType": "String",
          "UpdateType": "Mutable"
        }
      }
    },
    "AWS::KinesisAnalyticsV2::Application.InputLambdaProcessor": {
      "Documentation": "http://docs.aws.amazon.com/AWSCloudFormation/latest/UserGuide/aws-properties-kinesisanalyticsv2-application-inputlambdaprocessor.html",
      "Properties": {
        "ResourceARN": {
          "Required": true,
          "Documentation": "http://docs.aws.amazon.com/AWSCloudFormation/latest/UserGuide/aws-properties-kinesisanalyticsv2-application-inputlambdaprocessor.html#cfn-kinesisanalyticsv2-application-inputlambdaprocessor-resourcearn",
          "PrimitiveType": "String",
          "UpdateType": "Mutable"
        }
      }
    },
    "AWS::KinesisAnalyticsV2::Application.ParallelismConfiguration": {
      "Documentation": "http://docs.aws.amazon.com/AWSCloudFormation/latest/UserGuide/aws-properties-kinesisanalyticsv2-application-parallelismconfiguration.html",
      "Properties": {
        "ConfigurationType": {
          "Required": true,
          "Documentation": "http://docs.aws.amazon.com/AWSCloudFormation/latest/UserGuide/aws-properties-kinesisanalyticsv2-application-parallelismconfiguration.html#cfn-kinesisanalyticsv2-application-parallelismconfiguration-configurationtype",
          "PrimitiveType": "String",
          "UpdateType": "Mutable"
        },
        "ParallelismPerKPU": {
          "Required": false,
          "Documentation": "http://docs.aws.amazon.com/AWSCloudFormation/latest/UserGuide/aws-properties-kinesisanalyticsv2-application-parallelismconfiguration.html#cfn-kinesisanalyticsv2-application-parallelismconfiguration-parallelismperkpu",
          "PrimitiveType": "Integer",
          "UpdateType": "Mutable"
        },
        "AutoScalingEnabled": {
          "Required": false,
          "Documentation": "http://docs.aws.amazon.com/AWSCloudFormation/latest/UserGuide/aws-properties-kinesisanalyticsv2-application-parallelismconfiguration.html#cfn-kinesisanalyticsv2-application-parallelismconfiguration-autoscalingenabled",
          "PrimitiveType": "Boolean",
          "UpdateType": "Mutable"
        },
        "Parallelism": {
          "Required": false,
          "Documentation": "http://docs.aws.amazon.com/AWSCloudFormation/latest/UserGuide/aws-properties-kinesisanalyticsv2-application-parallelismconfiguration.html#cfn-kinesisanalyticsv2-application-parallelismconfiguration-parallelism",
          "PrimitiveType": "Integer",
          "UpdateType": "Mutable"
        }
      }
    },
    "AWS::KinesisAnalyticsV2::Application.PropertyGroup": {
      "Documentation": "http://docs.aws.amazon.com/AWSCloudFormation/latest/UserGuide/aws-properties-kinesisanalyticsv2-application-propertygroup.html",
      "Properties": {
        "PropertyMap": {
          "Required": false,
          "Documentation": "http://docs.aws.amazon.com/AWSCloudFormation/latest/UserGuide/aws-properties-kinesisanalyticsv2-application-propertygroup.html#cfn-kinesisanalyticsv2-application-propertygroup-propertymap",
          "PrimitiveType": "Json",
          "UpdateType": "Mutable"
        },
        "PropertyGroupId": {
          "Required": false,
          "Documentation": "http://docs.aws.amazon.com/AWSCloudFormation/latest/UserGuide/aws-properties-kinesisanalyticsv2-application-propertygroup.html#cfn-kinesisanalyticsv2-application-propertygroup-propertygroupid",
          "PrimitiveType": "String",
          "UpdateType": "Mutable"
        }
      }
    },
    "AWS::KinesisAnalyticsV2::Application.MappingParameters": {
      "Documentation": "http://docs.aws.amazon.com/AWSCloudFormation/latest/UserGuide/aws-properties-kinesisanalyticsv2-application-mappingparameters.html",
      "Properties": {
        "JSONMappingParameters": {
          "Type": "JSONMappingParameters",
          "Required": false,
          "Documentation": "http://docs.aws.amazon.com/AWSCloudFormation/latest/UserGuide/aws-properties-kinesisanalyticsv2-application-mappingparameters.html#cfn-kinesisanalyticsv2-application-mappingparameters-jsonmappingparameters",
          "UpdateType": "Mutable"
        },
        "CSVMappingParameters": {
          "Type": "CSVMappingParameters",
          "Required": false,
          "Documentation": "http://docs.aws.amazon.com/AWSCloudFormation/latest/UserGuide/aws-properties-kinesisanalyticsv2-application-mappingparameters.html#cfn-kinesisanalyticsv2-application-mappingparameters-csvmappingparameters",
          "UpdateType": "Mutable"
        }
      }
    },
    "AWS::KinesisAnalyticsV2::Application.Input": {
      "Documentation": "http://docs.aws.amazon.com/AWSCloudFormation/latest/UserGuide/aws-properties-kinesisanalyticsv2-application-input.html",
      "Properties": {
        "NamePrefix": {
          "Required": true,
          "Documentation": "http://docs.aws.amazon.com/AWSCloudFormation/latest/UserGuide/aws-properties-kinesisanalyticsv2-application-input.html#cfn-kinesisanalyticsv2-application-input-nameprefix",
          "PrimitiveType": "String",
          "UpdateType": "Mutable"
        },
        "InputSchema": {
          "Type": "InputSchema",
          "Required": true,
          "Documentation": "http://docs.aws.amazon.com/AWSCloudFormation/latest/UserGuide/aws-properties-kinesisanalyticsv2-application-input.html#cfn-kinesisanalyticsv2-application-input-inputschema",
          "UpdateType": "Mutable"
        },
        "KinesisStreamsInput": {
          "Type": "KinesisStreamsInput",
          "Required": false,
          "Documentation": "http://docs.aws.amazon.com/AWSCloudFormation/latest/UserGuide/aws-properties-kinesisanalyticsv2-application-input.html#cfn-kinesisanalyticsv2-application-input-kinesisstreamsinput",
          "UpdateType": "Mutable"
        },
        "KinesisFirehoseInput": {
          "Type": "KinesisFirehoseInput",
          "Required": false,
          "Documentation": "http://docs.aws.amazon.com/AWSCloudFormation/latest/UserGuide/aws-properties-kinesisanalyticsv2-application-input.html#cfn-kinesisanalyticsv2-application-input-kinesisfirehoseinput",
          "UpdateType": "Mutable"
        },
        "InputProcessingConfiguration": {
          "Type": "InputProcessingConfiguration",
          "Required": false,
          "Documentation": "http://docs.aws.amazon.com/AWSCloudFormation/latest/UserGuide/aws-properties-kinesisanalyticsv2-application-input.html#cfn-kinesisanalyticsv2-application-input-inputprocessingconfiguration",
          "UpdateType": "Mutable"
        },
        "InputParallelism": {
          "Type": "InputParallelism",
          "Required": false,
          "Documentation": "http://docs.aws.amazon.com/AWSCloudFormation/latest/UserGuide/aws-properties-kinesisanalyticsv2-application-input.html#cfn-kinesisanalyticsv2-application-input-inputparallelism",
          "UpdateType": "Mutable"
        }
      }
    },
    "AWS::KinesisAnalyticsV2::Application.ApplicationConfiguration": {
      "Documentation": "http://docs.aws.amazon.com/AWSCloudFormation/latest/UserGuide/aws-properties-kinesisanalyticsv2-application-applicationconfiguration.html",
      "Properties": {
        "ApplicationCodeConfiguration": {
          "Type": "ApplicationCodeConfiguration",
          "Required": false,
          "Documentation": "http://docs.aws.amazon.com/AWSCloudFormation/latest/UserGuide/aws-properties-kinesisanalyticsv2-application-applicationconfiguration.html#cfn-kinesisanalyticsv2-application-applicationconfiguration-applicationcodeconfiguration",
          "UpdateType": "Mutable"
        },
        "EnvironmentProperties": {
          "Type": "EnvironmentProperties",
          "Required": false,
          "Documentation": "http://docs.aws.amazon.com/AWSCloudFormation/latest/UserGuide/aws-properties-kinesisanalyticsv2-application-applicationconfiguration.html#cfn-kinesisanalyticsv2-application-applicationconfiguration-environmentproperties",
          "UpdateType": "Mutable"
        },
        "FlinkApplicationConfiguration": {
          "Type": "FlinkApplicationConfiguration",
          "Required": false,
          "Documentation": "http://docs.aws.amazon.com/AWSCloudFormation/latest/UserGuide/aws-properties-kinesisanalyticsv2-application-applicationconfiguration.html#cfn-kinesisanalyticsv2-application-applicationconfiguration-flinkapplicationconfiguration",
          "UpdateType": "Mutable"
        },
        "SqlApplicationConfiguration": {
          "Type": "SqlApplicationConfiguration",
          "Required": false,
          "Documentation": "http://docs.aws.amazon.com/AWSCloudFormation/latest/UserGuide/aws-properties-kinesisanalyticsv2-application-applicationconfiguration.html#cfn-kinesisanalyticsv2-application-applicationconfiguration-sqlapplicationconfiguration",
          "UpdateType": "Mutable"
        },
        "ApplicationSnapshotConfiguration": {
          "Type": "ApplicationSnapshotConfiguration",
          "Required": false,
          "Documentation": "http://docs.aws.amazon.com/AWSCloudFormation/latest/UserGuide/aws-properties-kinesisanalyticsv2-application-applicationconfiguration.html#cfn-kinesisanalyticsv2-application-applicationconfiguration-applicationsnapshotconfiguration",
          "UpdateType": "Mutable"
        }
      }
    },
    "AWS::KinesisAnalyticsV2::Application.RecordFormat": {
      "Documentation": "http://docs.aws.amazon.com/AWSCloudFormation/latest/UserGuide/aws-properties-kinesisanalyticsv2-application-recordformat.html",
      "Properties": {
        "MappingParameters": {
          "Type": "MappingParameters",
          "Required": false,
          "Documentation": "http://docs.aws.amazon.com/AWSCloudFormation/latest/UserGuide/aws-properties-kinesisanalyticsv2-application-recordformat.html#cfn-kinesisanalyticsv2-application-recordformat-mappingparameters",
          "UpdateType": "Mutable"
        },
        "RecordFormatType": {
          "Required": true,
          "Documentation": "http://docs.aws.amazon.com/AWSCloudFormation/latest/UserGuide/aws-properties-kinesisanalyticsv2-application-recordformat.html#cfn-kinesisanalyticsv2-application-recordformat-recordformattype",
          "PrimitiveType": "String",
          "UpdateType": "Mutable"
        }
      }
    },
    "AWS::KinesisAnalyticsV2::Application.RecordColumn": {
      "Documentation": "http://docs.aws.amazon.com/AWSCloudFormation/latest/UserGuide/aws-properties-kinesisanalyticsv2-application-recordcolumn.html",
      "Properties": {
        "Mapping": {
          "Required": false,
          "Documentation": "http://docs.aws.amazon.com/AWSCloudFormation/latest/UserGuide/aws-properties-kinesisanalyticsv2-application-recordcolumn.html#cfn-kinesisanalyticsv2-application-recordcolumn-mapping",
          "PrimitiveType": "String",
          "UpdateType": "Mutable"
        },
        "SqlType": {
          "Required": true,
          "Documentation": "http://docs.aws.amazon.com/AWSCloudFormation/latest/UserGuide/aws-properties-kinesisanalyticsv2-application-recordcolumn.html#cfn-kinesisanalyticsv2-application-recordcolumn-sqltype",
          "PrimitiveType": "String",
          "UpdateType": "Mutable"
        },
        "Name": {
          "Required": true,
          "Documentation": "http://docs.aws.amazon.com/AWSCloudFormation/latest/UserGuide/aws-properties-kinesisanalyticsv2-application-recordcolumn.html#cfn-kinesisanalyticsv2-application-recordcolumn-name",
          "PrimitiveType": "String",
          "UpdateType": "Mutable"
        }
      }
    },
    "AWS::KinesisAnalyticsV2::Application.ApplicationSnapshotConfiguration": {
      "Documentation": "http://docs.aws.amazon.com/AWSCloudFormation/latest/UserGuide/aws-properties-kinesisanalyticsv2-application-applicationsnapshotconfiguration.html",
      "Properties": {
        "SnapshotsEnabled": {
          "Required": true,
          "Documentation": "http://docs.aws.amazon.com/AWSCloudFormation/latest/UserGuide/aws-properties-kinesisanalyticsv2-application-applicationsnapshotconfiguration.html#cfn-kinesisanalyticsv2-application-applicationsnapshotconfiguration-snapshotsenabled",
          "PrimitiveType": "Boolean",
          "UpdateType": "Mutable"
        }
      }
    },
    "AWS::KinesisAnalyticsV2::Application.KinesisStreamsInput": {
      "Documentation": "http://docs.aws.amazon.com/AWSCloudFormation/latest/UserGuide/aws-properties-kinesisanalyticsv2-application-kinesisstreamsinput.html",
      "Properties": {
        "ResourceARN": {
          "Required": true,
          "Documentation": "http://docs.aws.amazon.com/AWSCloudFormation/latest/UserGuide/aws-properties-kinesisanalyticsv2-application-kinesisstreamsinput.html#cfn-kinesisanalyticsv2-application-kinesisstreamsinput-resourcearn",
          "PrimitiveType": "String",
          "UpdateType": "Mutable"
        }
      }
    },
    "AWS::KinesisAnalyticsV2::Application.EnvironmentProperties": {
      "Documentation": "http://docs.aws.amazon.com/AWSCloudFormation/latest/UserGuide/aws-properties-kinesisanalyticsv2-application-environmentproperties.html",
      "Properties": {
        "PropertyGroups": {
          "Type": "List",
          "Required": false,
          "Documentation": "http://docs.aws.amazon.com/AWSCloudFormation/latest/UserGuide/aws-properties-kinesisanalyticsv2-application-environmentproperties.html#cfn-kinesisanalyticsv2-application-environmentproperties-propertygroups",
          "ItemType": "PropertyGroup",
          "UpdateType": "Mutable"
        }
      }
    },
    "AWS::KinesisAnalyticsV2::Application.SqlApplicationConfiguration": {
      "Documentation": "http://docs.aws.amazon.com/AWSCloudFormation/latest/UserGuide/aws-properties-kinesisanalyticsv2-application-sqlapplicationconfiguration.html",
      "Properties": {
        "Inputs": {
          "Type": "List",
          "Required": false,
          "Documentation": "http://docs.aws.amazon.com/AWSCloudFormation/latest/UserGuide/aws-properties-kinesisanalyticsv2-application-sqlapplicationconfiguration.html#cfn-kinesisanalyticsv2-application-sqlapplicationconfiguration-inputs",
          "ItemType": "Input",
          "UpdateType": "Mutable"
        }
      }
    },
    "AWS::KinesisAnalyticsV2::Application.CSVMappingParameters": {
      "Documentation": "http://docs.aws.amazon.com/AWSCloudFormation/latest/UserGuide/aws-properties-kinesisanalyticsv2-application-csvmappingparameters.html",
      "Properties": {
        "RecordRowDelimiter": {
          "Required": true,
          "Documentation": "http://docs.aws.amazon.com/AWSCloudFormation/latest/UserGuide/aws-properties-kinesisanalyticsv2-application-csvmappingparameters.html#cfn-kinesisanalyticsv2-application-csvmappingparameters-recordrowdelimiter",
          "PrimitiveType": "String",
          "UpdateType": "Mutable"
        },
        "RecordColumnDelimiter": {
          "Required": true,
          "Documentation": "http://docs.aws.amazon.com/AWSCloudFormation/latest/UserGuide/aws-properties-kinesisanalyticsv2-application-csvmappingparameters.html#cfn-kinesisanalyticsv2-application-csvmappingparameters-recordcolumndelimiter",
          "PrimitiveType": "String",
          "UpdateType": "Mutable"
        }
      }
    },
    "AWS::KinesisAnalyticsV2::Application.KinesisFirehoseInput": {
      "Documentation": "http://docs.aws.amazon.com/AWSCloudFormation/latest/UserGuide/aws-properties-kinesisanalyticsv2-application-kinesisfirehoseinput.html",
      "Properties": {
        "ResourceARN": {
          "Required": true,
          "Documentation": "http://docs.aws.amazon.com/AWSCloudFormation/latest/UserGuide/aws-properties-kinesisanalyticsv2-application-kinesisfirehoseinput.html#cfn-kinesisanalyticsv2-application-kinesisfirehoseinput-resourcearn",
          "PrimitiveType": "String",
          "UpdateType": "Mutable"
        }
      }
    },
    "AWS::KinesisAnalyticsV2::Application.S3ContentLocation": {
      "Documentation": "http://docs.aws.amazon.com/AWSCloudFormation/latest/UserGuide/aws-properties-kinesisanalyticsv2-application-s3contentlocation.html",
      "Properties": {
        "BucketARN": {
          "Required": false,
          "Documentation": "http://docs.aws.amazon.com/AWSCloudFormation/latest/UserGuide/aws-properties-kinesisanalyticsv2-application-s3contentlocation.html#cfn-kinesisanalyticsv2-application-s3contentlocation-bucketarn",
          "PrimitiveType": "String",
          "UpdateType": "Mutable"
        },
        "FileKey": {
          "Required": false,
          "Documentation": "http://docs.aws.amazon.com/AWSCloudFormation/latest/UserGuide/aws-properties-kinesisanalyticsv2-application-s3contentlocation.html#cfn-kinesisanalyticsv2-application-s3contentlocation-filekey",
          "PrimitiveType": "String",
          "UpdateType": "Mutable"
        },
        "ObjectVersion": {
          "Required": false,
          "Documentation": "http://docs.aws.amazon.com/AWSCloudFormation/latest/UserGuide/aws-properties-kinesisanalyticsv2-application-s3contentlocation.html#cfn-kinesisanalyticsv2-application-s3contentlocation-objectversion",
          "PrimitiveType": "String",
          "UpdateType": "Mutable"
        }
      }
    }
  },
  "ResourceType": {
    "AWS::KinesisAnalyticsV2::Application": {
      "Documentation": "http://docs.aws.amazon.com/AWSCloudFormation/latest/UserGuide/aws-resource-kinesisanalyticsv2-application.html",
      "Properties": {
        "ApplicationName": {
          "Required": false,
          "Documentation": "http://docs.aws.amazon.com/AWSCloudFormation/latest/UserGuide/aws-resource-kinesisanalyticsv2-application.html#cfn-kinesisanalyticsv2-application-applicationname",
          "PrimitiveType": "String",
          "UpdateType": "Immutable"
        },
        "RuntimeEnvironment": {
          "Required": true,
          "Documentation": "http://docs.aws.amazon.com/AWSCloudFormation/latest/UserGuide/aws-resource-kinesisanalyticsv2-application.html#cfn-kinesisanalyticsv2-application-runtimeenvironment",
          "PrimitiveType": "String",
          "UpdateType": "Immutable"
        },
        "ApplicationConfiguration": {
          "Type": "ApplicationConfiguration",
          "Required": false,
          "Documentation": "http://docs.aws.amazon.com/AWSCloudFormation/latest/UserGuide/aws-resource-kinesisanalyticsv2-application.html#cfn-kinesisanalyticsv2-application-applicationconfiguration",
          "UpdateType": "Mutable"
        },
        "ApplicationDescription": {
          "Required": false,
          "Documentation": "http://docs.aws.amazon.com/AWSCloudFormation/latest/UserGuide/aws-resource-kinesisanalyticsv2-application.html#cfn-kinesisanalyticsv2-application-applicationdescription",
          "PrimitiveType": "String",
          "UpdateType": "Mutable"
        },
        "ServiceExecutionRole": {
          "Required": true,
          "Documentation": "http://docs.aws.amazon.com/AWSCloudFormation/latest/UserGuide/aws-resource-kinesisanalyticsv2-application.html#cfn-kinesisanalyticsv2-application-serviceexecutionrole",
          "PrimitiveType": "String",
          "UpdateType": "Mutable"
        }
      }
    }
  },
  "ResourceSpecificationVersion": "3.0.0"
}