{
  "PropertyTypes": {
    "AWS::KinesisFirehose::DeliveryStream.BufferingHints": {
      "Documentation": "http://docs.aws.amazon.com/AWSCloudFormation/latest/UserGuide/aws-properties-kinesisfirehose-deliverystream-bufferinghints.html",
      "Properties": {
        "IntervalInSeconds": {
          "Documentation": "http://docs.aws.amazon.com/AWSCloudFormation/latest/UserGuide/aws-properties-kinesisfirehose-deliverystream-bufferinghints.html#cfn-kinesisfirehose-deliverystream-bufferinghints-intervalinseconds",
          "PrimitiveType": "Integer",
          "Required": true,
          "UpdateType": "Mutable"
        },
        "SizeInMBs": {
          "Documentation": "http://docs.aws.amazon.com/AWSCloudFormation/latest/UserGuide/aws-properties-kinesisfirehose-deliverystream-bufferinghints.html#cfn-kinesisfirehose-deliverystream-bufferinghints-sizeinmbs",
          "PrimitiveType": "Integer",
          "Required": true,
          "UpdateType": "Mutable"
        }
      }
    },
    "AWS::KinesisFirehose::DeliveryStream.CloudWatchLoggingOptions": {
      "Documentation": "http://docs.aws.amazon.com/AWSCloudFormation/latest/UserGuide/aws-properties-kinesisfirehose-deliverystream-cloudwatchloggingoptions.html",
      "Properties": {
        "Enabled": {
          "Documentation": "http://docs.aws.amazon.com/AWSCloudFormation/latest/UserGuide/aws-properties-kinesisfirehose-deliverystream-cloudwatchloggingoptions.html#cfn-kinesisfirehose-deliverystream-cloudwatchloggingoptions-enabled",
          "PrimitiveType": "Boolean",
          "Required": false,
          "UpdateType": "Mutable"
        },
        "LogGroupName": {
          "Documentation": "http://docs.aws.amazon.com/AWSCloudFormation/latest/UserGuide/aws-properties-kinesisfirehose-deliverystream-cloudwatchloggingoptions.html#cfn-kinesisfirehose-deliverystream-cloudwatchloggingoptions-loggroupname",
          "PrimitiveType": "String",
          "Required": false,
          "UpdateType": "Mutable"
        },
        "LogStreamName": {
          "Documentation": "http://docs.aws.amazon.com/AWSCloudFormation/latest/UserGuide/aws-properties-kinesisfirehose-deliverystream-cloudwatchloggingoptions.html#cfn-kinesisfirehose-deliverystream-cloudwatchloggingoptions-logstreamname",
          "PrimitiveType": "String",
          "Required": false,
          "UpdateType": "Mutable"
        }
      }
    },
    "AWS::KinesisFirehose::DeliveryStream.CopyCommand": {
      "Documentation": "http://docs.aws.amazon.com/AWSCloudFormation/latest/UserGuide/aws-properties-kinesisfirehose-deliverystream-copycommand.html",
      "Properties": {
        "CopyOptions": {
          "Documentation": "http://docs.aws.amazon.com/AWSCloudFormation/latest/UserGuide/aws-properties-kinesisfirehose-deliverystream-copycommand.html#cfn-kinesisfirehose-deliverystream-copycommand-copyoptions",
          "PrimitiveType": "String",
          "Required": false,
          "UpdateType": "Mutable"
        },
        "DataTableColumns": {
          "Documentation": "http://docs.aws.amazon.com/AWSCloudFormation/latest/UserGuide/aws-properties-kinesisfirehose-deliverystream-copycommand.html#cfn-kinesisfirehose-deliverystream-copycommand-datatablecolumns",
          "PrimitiveType": "String",
          "Required": false,
          "UpdateType": "Mutable"
        },
        "DataTableName": {
          "Documentation": "http://docs.aws.amazon.com/AWSCloudFormation/latest/UserGuide/aws-properties-kinesisfirehose-deliverystream-copycommand.html#cfn-kinesisfirehose-deliverystream-copycommand-datatablename",
          "PrimitiveType": "String",
          "Required": true,
          "UpdateType": "Mutable"
        }
      }
    },
    "AWS::KinesisFirehose::DeliveryStream.ElasticsearchBufferingHints": {
      "Documentation": "http://docs.aws.amazon.com/AWSCloudFormation/latest/UserGuide/aws-properties-kinesisfirehose-deliverystream-elasticsearchbufferinghints.html",
      "Properties": {
        "IntervalInSeconds": {
          "Documentation": "http://docs.aws.amazon.com/AWSCloudFormation/latest/UserGuide/aws-properties-kinesisfirehose-deliverystream-elasticsearchbufferinghints.html#cfn-kinesisfirehose-deliverystream-elasticsearchbufferinghints-intervalinseconds",
          "PrimitiveType": "Integer",
          "Required": true,
          "UpdateType": "Mutable"
        },
        "SizeInMBs": {
          "Documentation": "http://docs.aws.amazon.com/AWSCloudFormation/latest/UserGuide/aws-properties-kinesisfirehose-deliverystream-elasticsearchbufferinghints.html#cfn-kinesisfirehose-deliverystream-elasticsearchbufferinghints-sizeinmbs",
          "PrimitiveType": "Integer",
          "Required": true,
          "UpdateType": "Mutable"
        }
      }
    },
    "AWS::KinesisFirehose::DeliveryStream.ElasticsearchDestinationConfiguration": {
      "Documentation": "http://docs.aws.amazon.com/AWSCloudFormation/latest/UserGuide/aws-properties-kinesisfirehose-deliverystream-elasticsearchdestinationconfiguration.html",
      "Properties": {
        "BufferingHints": {
          "Documentation": "http://docs.aws.amazon.com/AWSCloudFormation/latest/UserGuide/aws-properties-kinesisfirehose-deliverystream-elasticsearchdestinationconfiguration.html#cfn-kinesisfirehose-deliverystream-elasticsearchdestinationconfiguration-bufferinghints",
          "Required": true,
          "Type": "ElasticsearchBufferingHints",
          "UpdateType": "Mutable"
        },
        "CloudWatchLoggingOptions": {
          "Documentation": "http://docs.aws.amazon.com/AWSCloudFormation/latest/UserGuide/aws-properties-kinesisfirehose-deliverystream-elasticsearchdestinationconfiguration.html#cfn-kinesisfirehose-deliverystream-elasticsearchdestinationconfiguration-cloudwatchloggingoptions",
          "Required": false,
          "Type": "CloudWatchLoggingOptions",
          "UpdateType": "Mutable"
        },
        "DomainARN": {
          "Documentation": "http://docs.aws.amazon.com/AWSCloudFormation/latest/UserGuide/aws-properties-kinesisfirehose-deliverystream-elasticsearchdestinationconfiguration.html#cfn-kinesisfirehose-deliverystream-elasticsearchdestinationconfiguration-domainarn",
          "PrimitiveType": "String",
          "Required": true,
          "UpdateType": "Mutable"
        },
        "IndexName": {
          "Documentation": "http://docs.aws.amazon.com/AWSCloudFormation/latest/UserGuide/aws-properties-kinesisfirehose-deliverystream-elasticsearchdestinationconfiguration.html#cfn-kinesisfirehose-deliverystream-elasticsearchdestinationconfiguration-indexname",
          "PrimitiveType": "String",
          "Required": true,
          "UpdateType": "Mutable"
        },
        "IndexRotationPeriod": {
          "Documentation": "http://docs.aws.amazon.com/AWSCloudFormation/latest/UserGuide/aws-properties-kinesisfirehose-deliverystream-elasticsearchdestinationconfiguration.html#cfn-kinesisfirehose-deliverystream-elasticsearchdestinationconfiguration-indexrotationperiod",
          "PrimitiveType": "String",
          "Required": true,
          "UpdateType": "Mutable"
        },
        "ProcessingConfiguration": {
          "Documentation": "http://docs.aws.amazon.com/AWSCloudFormation/latest/UserGuide/aws-properties-kinesisfirehose-deliverystream-elasticsearchdestinationconfiguration.html#cfn-kinesisfirehose-deliverystream-elasticsearchdestinationconfiguration-processingconfiguration",
          "Required": false,
          "Type": "ProcessingConfiguration",
          "UpdateType": "Mutable"
        },
        "RetryOptions": {
          "Documentation": "http://docs.aws.amazon.com/AWSCloudFormation/latest/UserGuide/aws-properties-kinesisfirehose-deliverystream-elasticsearchdestinationconfiguration.html#cfn-kinesisfirehose-deliverystream-elasticsearchdestinationconfiguration-retryoptions",
          "Required": true,
          "Type": "ElasticsearchRetryOptions",
          "UpdateType": "Mutable"
        },
        "RoleARN": {
          "Documentation": "http://docs.aws.amazon.com/AWSCloudFormation/latest/UserGuide/aws-properties-kinesisfirehose-deliverystream-elasticsearchdestinationconfiguration.html#cfn-kinesisfirehose-deliverystream-elasticsearchdestinationconfiguration-rolearn",
          "PrimitiveType": "String",
          "Required": true,
          "UpdateType": "Mutable"
        },
        "S3BackupMode": {
          "Documentation": "http://docs.aws.amazon.com/AWSCloudFormation/latest/UserGuide/aws-properties-kinesisfirehose-deliverystream-elasticsearchdestinationconfiguration.html#cfn-kinesisfirehose-deliverystream-elasticsearchdestinationconfiguration-s3backupmode",
          "PrimitiveType": "String",
          "Required": true,
          "UpdateType": "Mutable"
        },
        "S3Configuration": {
          "Documentation": "http://docs.aws.amazon.com/AWSCloudFormation/latest/UserGuide/aws-properties-kinesisfirehose-deliverystream-elasticsearchdestinationconfiguration.html#cfn-kinesisfirehose-deliverystream-elasticsearchdestinationconfiguration-s3configuration",
          "Required": true,
          "Type": "S3DestinationConfiguration",
          "UpdateType": "Mutable"
        },
        "TypeName": {
          "Documentation": "http://docs.aws.amazon.com/AWSCloudFormation/latest/UserGuide/aws-properties-kinesisfirehose-deliverystream-elasticsearchdestinationconfiguration.html#cfn-kinesisfirehose-deliverystream-elasticsearchdestinationconfiguration-typename",
          "PrimitiveType": "String",
          "Required": true,
          "UpdateType": "Mutable"
        }
      }
    },
    "AWS::KinesisFirehose::DeliveryStream.ElasticsearchRetryOptions": {
      "Documentation": "http://docs.aws.amazon.com/AWSCloudFormation/latest/UserGuide/aws-properties-kinesisfirehose-deliverystream-elasticsearchretryoptions.html",
      "Properties": {
        "DurationInSeconds": {
          "Documentation": "http://docs.aws.amazon.com/AWSCloudFormation/latest/UserGuide/aws-properties-kinesisfirehose-deliverystream-elasticsearchretryoptions.html#cfn-kinesisfirehose-deliverystream-elasticsearchretryoptions-durationinseconds",
          "PrimitiveType": "Integer",
          "Required": true,
          "UpdateType": "Mutable"
        }
      }
    },
    "AWS::KinesisFirehose::DeliveryStream.EncryptionConfiguration": {
      "Documentation": "http://docs.aws.amazon.com/AWSCloudFormation/latest/UserGuide/aws-properties-kinesisfirehose-deliverystream-encryptionconfiguration.html",
      "Properties": {
        "KMSEncryptionConfig": {
          "Documentation": "http://docs.aws.amazon.com/AWSCloudFormation/latest/UserGuide/aws-properties-kinesisfirehose-deliverystream-encryptionconfiguration.html#cfn-kinesisfirehose-deliverystream-encryptionconfiguration-kmsencryptionconfig",
          "Required": false,
          "Type": "KMSEncryptionConfig",
          "UpdateType": "Mutable"
        },
        "NoEncryptionConfig": {
          "Documentation": "http://docs.aws.amazon.com/AWSCloudFormation/latest/UserGuide/aws-properties-kinesisfirehose-deliverystream-encryptionconfiguration.html#cfn-kinesisfirehose-deliverystream-encryptionconfiguration-noencryptionconfig",
          "PrimitiveType": "String",
          "Required": false,
          "UpdateType": "Mutable"
        }
      }
    },
    "AWS::KinesisFirehose::DeliveryStream.ExtendedS3DestinationConfiguration": {
      "Documentation": "http://docs.aws.amazon.com/AWSCloudFormation/latest/UserGuide/aws-properties-kinesisfirehose-deliverystream-extendeds3destinationconfiguration.html",
      "Properties": {
        "BucketARN": {
          "Documentation": "http://docs.aws.amazon.com/AWSCloudFormation/latest/UserGuide/aws-properties-kinesisfirehose-deliverystream-extendeds3destinationconfiguration.html#cfn-kinesisfirehose-deliverystream-extendeds3destinationconfiguration-bucketarn",
          "PrimitiveType": "String",
          "Required": true,
          "UpdateType": "Mutable"
        },
        "BufferingHints": {
          "Documentation": "http://docs.aws.amazon.com/AWSCloudFormation/latest/UserGuide/aws-properties-kinesisfirehose-deliverystream-extendeds3destinationconfiguration.html#cfn-kinesisfirehose-deliverystream-extendeds3destinationconfiguration-bufferinghints",
          "Required": true,
          "Type": "BufferingHints",
          "UpdateType": "Mutable"
        },
        "CloudWatchLoggingOptions": {
          "Documentation": "http://docs.aws.amazon.com/AWSCloudFormation/latest/UserGuide/aws-properties-kinesisfirehose-deliverystream-extendeds3destinationconfiguration.html#cfn-kinesisfirehose-deliverystream-extendeds3destinationconfiguration-cloudwatchloggingoptions",
          "Required": false,
          "Type": "CloudWatchLoggingOptions",
          "UpdateType": "Mutable"
        },
        "CompressionFormat": {
          "Documentation": "http://docs.aws.amazon.com/AWSCloudFormation/latest/UserGuide/aws-properties-kinesisfirehose-deliverystream-extendeds3destinationconfiguration.html#cfn-kinesisfirehose-deliverystream-extendeds3destinationconfiguration-compressionformat",
          "PrimitiveType": "String",
          "Required": true,
          "UpdateType": "Mutable"
        },
        "EncryptionConfiguration": {
          "Documentation": "http://docs.aws.amazon.com/AWSCloudFormation/latest/UserGuide/aws-properties-kinesisfirehose-deliverystream-extendeds3destinationconfiguration.html#cfn-kinesisfirehose-deliverystream-extendeds3destinationconfiguration-encryptionconfiguration",
          "Required": false,
          "Type": "EncryptionConfiguration",
          "UpdateType": "Mutable"
        },
        "Prefix": {
          "Documentation": "http://docs.aws.amazon.com/AWSCloudFormation/latest/UserGuide/aws-properties-kinesisfirehose-deliverystream-extendeds3destinationconfiguration.html#cfn-kinesisfirehose-deliverystream-extendeds3destinationconfiguration-prefix",
          "PrimitiveType": "String",
          "Required": true,
          "UpdateType": "Mutable"
        },
        "ProcessingConfiguration": {
          "Documentation": "http://docs.aws.amazon.com/AWSCloudFormation/latest/UserGuide/aws-properties-kinesisfirehose-deliverystream-extendeds3destinationconfiguration.html#cfn-kinesisfirehose-deliverystream-extendeds3destinationconfiguration-processingconfiguration",
          "Required": false,
          "Type": "ProcessingConfiguration",
          "UpdateType": "Mutable"
        },
        "RoleARN": {
          "Documentation": "http://docs.aws.amazon.com/AWSCloudFormation/latest/UserGuide/aws-properties-kinesisfirehose-deliverystream-extendeds3destinationconfiguration.html#cfn-kinesisfirehose-deliverystream-extendeds3destinationconfiguration-rolearn",
          "PrimitiveType": "String",
          "Required": true,
          "UpdateType": "Mutable"
        },
        "S3BackupConfiguration": {
          "Documentation": "http://docs.aws.amazon.com/AWSCloudFormation/latest/UserGuide/aws-properties-kinesisfirehose-deliverystream-extendeds3destinationconfiguration.html#cfn-kinesisfirehose-deliverystream-extendeds3destinationconfiguration-s3backupconfiguration",
          "Required": false,
          "Type": "S3DestinationConfiguration",
          "UpdateType": "Mutable"
        },
        "S3BackupMode": {
          "Documentation": "http://docs.aws.amazon.com/AWSCloudFormation/latest/UserGuide/aws-properties-kinesisfirehose-deliverystream-extendeds3destinationconfiguration.html#cfn-kinesisfirehose-deliverystream-extendeds3destinationconfiguration-s3backupmode",
          "PrimitiveType": "String",
          "Required": false,
          "UpdateType": "Mutable"
        }
      }
    },
    "AWS::KinesisFirehose::DeliveryStream.KMSEncryptionConfig": {
      "Documentation": "http://docs.aws.amazon.com/AWSCloudFormation/latest/UserGuide/aws-properties-kinesisfirehose-deliverystream-kmsencryptionconfig.html",
      "Properties": {
        "AWSKMSKeyARN": {
          "Documentation": "http://docs.aws.amazon.com/AWSCloudFormation/latest/UserGuide/aws-properties-kinesisfirehose-deliverystream-kmsencryptionconfig.html#cfn-kinesisfirehose-deliverystream-kmsencryptionconfig-awskmskeyarn",
          "PrimitiveType": "String",
          "Required": true,
          "UpdateType": "Mutable"
        }
      }
    },
    "AWS::KinesisFirehose::DeliveryStream.KinesisStreamSourceConfiguration": {
      "Documentation": "http://docs.aws.amazon.com/AWSCloudFormation/latest/UserGuide/aws-properties-kinesisfirehose-deliverystream-kinesisstreamsourceconfiguration.html",
      "Properties": {
        "KinesisStreamARN": {
          "Documentation": "http://docs.aws.amazon.com/AWSCloudFormation/latest/UserGuide/aws-properties-kinesisfirehose-deliverystream-kinesisstreamsourceconfiguration.html#cfn-kinesisfirehose-deliverystream-kinesisstreamsourceconfiguration-kinesisstreamarn",
          "PrimitiveType": "String",
          "Required": true,
          "UpdateType": "Mutable"
        },
        "RoleARN": {
          "Documentation": "http://docs.aws.amazon.com/AWSCloudFormation/latest/UserGuide/aws-properties-kinesisfirehose-deliverystream-kinesisstreamsourceconfiguration.html#cfn-kinesisfirehose-deliverystream-kinesisstreamsourceconfiguration-rolearn",
          "PrimitiveType": "String",
          "Required": true,
          "UpdateType": "Mutable"
        }
      }
    },
    "AWS::KinesisFirehose::DeliveryStream.ProcessingConfiguration": {
      "Documentation": "http://docs.aws.amazon.com/AWSCloudFormation/latest/UserGuide/aws-properties-kinesisfirehose-deliverystream-processingconfiguration.html",
      "Properties": {
        "Enabled": {
          "Documentation": "http://docs.aws.amazon.com/AWSCloudFormation/latest/UserGuide/aws-properties-kinesisfirehose-deliverystream-processingconfiguration.html#cfn-kinesisfirehose-deliverystream-processingconfiguration-enabled",
          "PrimitiveType": "Boolean",
          "Required": false,
          "UpdateType": "Mutable"
        },
        "Processors": {
          "Documentation": "http://docs.aws.amazon.com/AWSCloudFormation/latest/UserGuide/aws-properties-kinesisfirehose-deliverystream-processingconfiguration.html#cfn-kinesisfirehose-deliverystream-processingconfiguration-processors",
          "DuplicatesAllowed": false,
          "ItemType": "Processor",
          "Required": false,
          "Type": "List",
          "UpdateType": "Mutable"
        }
      }
    },
    "AWS::KinesisFirehose::DeliveryStream.Processor": {
      "Documentation": "http://docs.aws.amazon.com/AWSCloudFormation/latest/UserGuide/aws-properties-kinesisfirehose-deliverystream-processor.html",
      "Properties": {
        "Parameters": {
          "Documentation": "http://docs.aws.amazon.com/AWSCloudFormation/latest/UserGuide/aws-properties-kinesisfirehose-deliverystream-processor.html#cfn-kinesisfirehose-deliverystream-processor-parameters",
          "DuplicatesAllowed": false,
          "ItemType": "ProcessorParameter",
          "Required": true,
          "Type": "List",
          "UpdateType": "Mutable"
        },
        "Type": {
          "Documentation": "http://docs.aws.amazon.com/AWSCloudFormation/latest/UserGuide/aws-properties-kinesisfirehose-deliverystream-processor.html#cfn-kinesisfirehose-deliverystream-processor-type",
          "PrimitiveType": "String",
          "Required": true,
          "UpdateType": "Mutable"
        }
      }
    },
    "AWS::KinesisFirehose::DeliveryStream.ProcessorParameter": {
      "Documentation": "http://docs.aws.amazon.com/AWSCloudFormation/latest/UserGuide/aws-properties-kinesisfirehose-deliverystream-processorparameter.html",
      "Properties": {
        "ParameterName": {
          "Documentation": "http://docs.aws.amazon.com/AWSCloudFormation/latest/UserGuide/aws-properties-kinesisfirehose-deliverystream-processorparameter.html#cfn-kinesisfirehose-deliverystream-processorparameter-parametername",
          "PrimitiveType": "String",
          "Required": true,
          "UpdateType": "Mutable"
        },
        "ParameterValue": {
          "Documentation": "http://docs.aws.amazon.com/AWSCloudFormation/latest/UserGuide/aws-properties-kinesisfirehose-deliverystream-processorparameter.html#cfn-kinesisfirehose-deliverystream-processorparameter-parametervalue",
          "PrimitiveType": "String",
          "Required": true,
          "UpdateType": "Mutable"
        }
      }
    },
    "AWS::KinesisFirehose::DeliveryStream.RedshiftDestinationConfiguration": {
      "Documentation": "http://docs.aws.amazon.com/AWSCloudFormation/latest/UserGuide/aws-properties-kinesisfirehose-deliverystream-redshiftdestinationconfiguration.html",
      "Properties": {
        "CloudWatchLoggingOptions": {
          "Documentation": "http://docs.aws.amazon.com/AWSCloudFormation/latest/UserGuide/aws-properties-kinesisfirehose-deliverystream-redshiftdestinationconfiguration.html#cfn-kinesisfirehose-deliverystream-redshiftdestinationconfiguration-cloudwatchloggingoptions",
          "Required": false,
          "Type": "CloudWatchLoggingOptions",
          "UpdateType": "Mutable"
        },
        "ClusterJDBCURL": {
          "Documentation": "http://docs.aws.amazon.com/AWSCloudFormation/latest/UserGuide/aws-properties-kinesisfirehose-deliverystream-redshiftdestinationconfiguration.html#cfn-kinesisfirehose-deliverystream-redshiftdestinationconfiguration-clusterjdbcurl",
          "PrimitiveType": "String",
          "Required": true,
          "UpdateType": "Mutable"
        },
        "CopyCommand": {
          "Documentation": "http://docs.aws.amazon.com/AWSCloudFormation/latest/UserGuide/aws-properties-kinesisfirehose-deliverystream-redshiftdestinationconfiguration.html#cfn-kinesisfirehose-deliverystream-redshiftdestinationconfiguration-copycommand",
          "Required": true,
          "Type": "CopyCommand",
          "UpdateType": "Mutable"
        },
        "Password": {
          "Documentation": "http://docs.aws.amazon.com/AWSCloudFormation/latest/UserGuide/aws-properties-kinesisfirehose-deliverystream-redshiftdestinationconfiguration.html#cfn-kinesisfirehose-deliverystream-redshiftdestinationconfiguration-password",
          "PrimitiveType": "String",
          "Required": true,
          "UpdateType": "Mutable"
        },
        "ProcessingConfiguration": {
          "Documentation": "http://docs.aws.amazon.com/AWSCloudFormation/latest/UserGuide/aws-properties-kinesisfirehose-deliverystream-redshiftdestinationconfiguration.html#cfn-kinesisfirehose-deliverystream-redshiftdestinationconfiguration-processingconfiguration",
          "Required": false,
          "Type": "ProcessingConfiguration",
          "UpdateType": "Mutable"
        },
        "RoleARN": {
          "Documentation": "http://docs.aws.amazon.com/AWSCloudFormation/latest/UserGuide/aws-properties-kinesisfirehose-deliverystream-redshiftdestinationconfiguration.html#cfn-kinesisfirehose-deliverystream-redshiftdestinationconfiguration-rolearn",
          "PrimitiveType": "String",
          "Required": true,
          "UpdateType": "Mutable"
        },
        "S3Configuration": {
          "Documentation": "http://docs.aws.amazon.com/AWSCloudFormation/latest/UserGuide/aws-properties-kinesisfirehose-deliverystream-redshiftdestinationconfiguration.html#cfn-kinesisfirehose-deliverystream-redshiftdestinationconfiguration-s3configuration",
          "Required": true,
          "Type": "S3DestinationConfiguration",
          "UpdateType": "Mutable"
        },
        "Username": {
          "Documentation": "http://docs.aws.amazon.com/AWSCloudFormation/latest/UserGuide/aws-properties-kinesisfirehose-deliverystream-redshiftdestinationconfiguration.html#cfn-kinesisfirehose-deliverystream-redshiftdestinationconfiguration-username",
          "PrimitiveType": "String",
          "Required": true,
          "UpdateType": "Mutable"
        }
      }
    },
    "AWS::KinesisFirehose::DeliveryStream.S3DestinationConfiguration": {
      "Documentation": "http://docs.aws.amazon.com/AWSCloudFormation/latest/UserGuide/aws-properties-kinesisfirehose-deliverystream-s3destinationconfiguration.html",
      "Properties": {
        "BucketARN": {
          "Documentation": "http://docs.aws.amazon.com/AWSCloudFormation/latest/UserGuide/aws-properties-kinesisfirehose-deliverystream-s3destinationconfiguration.html#cfn-kinesisfirehose-deliverystream-s3destinationconfiguration-bucketarn",
          "PrimitiveType": "String",
          "Required": true,
          "UpdateType": "Mutable"
        },
        "BufferingHints": {
          "Documentation": "http://docs.aws.amazon.com/AWSCloudFormation/latest/UserGuide/aws-properties-kinesisfirehose-deliverystream-s3destinationconfiguration.html#cfn-kinesisfirehose-deliverystream-s3destinationconfiguration-bufferinghints",
          "Required": true,
          "Type": "BufferingHints",
          "UpdateType": "Mutable"
        },
        "CloudWatchLoggingOptions": {
          "Documentation": "http://docs.aws.amazon.com/AWSCloudFormation/latest/UserGuide/aws-properties-kinesisfirehose-deliverystream-s3destinationconfiguration.html#cfn-kinesisfirehose-deliverystream-s3destinationconfiguration-cloudwatchloggingoptions",
          "Required": false,
          "Type": "CloudWatchLoggingOptions",
          "UpdateType": "Mutable"
        },
        "CompressionFormat": {
          "Documentation": "http://docs.aws.amazon.com/AWSCloudFormation/latest/UserGuide/aws-properties-kinesisfirehose-deliverystream-s3destinationconfiguration.html#cfn-kinesisfirehose-deliverystream-s3destinationconfiguration-compressionformat",
          "PrimitiveType": "String",
          "Required": true,
          "UpdateType": "Mutable"
        },
        "EncryptionConfiguration": {
          "Documentation": "http://docs.aws.amazon.com/AWSCloudFormation/latest/UserGuide/aws-properties-kinesisfirehose-deliverystream-s3destinationconfiguration.html#cfn-kinesisfirehose-deliverystream-s3destinationconfiguration-encryptionconfiguration",
          "Required": false,
          "Type": "EncryptionConfiguration",
          "UpdateType": "Mutable"
        },
        "Prefix": {
          "Documentation": "http://docs.aws.amazon.com/AWSCloudFormation/latest/UserGuide/aws-properties-kinesisfirehose-deliverystream-s3destinationconfiguration.html#cfn-kinesisfirehose-deliverystream-s3destinationconfiguration-prefix",
          "PrimitiveType": "String",
          "Required": false,
          "UpdateType": "Mutable"
        },
        "RoleARN": {
          "Documentation": "http://docs.aws.amazon.com/AWSCloudFormation/latest/UserGuide/aws-properties-kinesisfirehose-deliverystream-s3destinationconfiguration.html#cfn-kinesisfirehose-deliverystream-s3destinationconfiguration-rolearn",
          "PrimitiveType": "String",
          "Required": true,
          "UpdateType": "Mutable"
        }
      }
    },
    "AWS::KinesisFirehose::DeliveryStream.SplunkDestinationConfiguration": {
      "Documentation": "http://docs.aws.amazon.com/AWSCloudFormation/latest/UserGuide/aws-properties-kinesisfirehose-deliverystream-splunkdestinationconfiguration.html",
      "Properties": {
        "CloudWatchLoggingOptions": {
          "Documentation": "http://docs.aws.amazon.com/AWSCloudFormation/latest/UserGuide/aws-properties-kinesisfirehose-deliverystream-splunkdestinationconfiguration.html#cfn-kinesisfirehose-deliverystream-splunkdestinationconfiguration-cloudwatchloggingoptions",
          "Required": false,
          "Type": "CloudWatchLoggingOptions",
          "UpdateType": "Mutable"
        },
        "HECAcknowledgmentTimeoutInSeconds": {
          "Documentation": "http://docs.aws.amazon.com/AWSCloudFormation/latest/UserGuide/aws-properties-kinesisfirehose-deliverystream-splunkdestinationconfiguration.html#cfn-kinesisfirehose-deliverystream-splunkdestinationconfiguration-hecacknowledgmenttimeoutinseconds",
          "PrimitiveType": "Integer",
          "Required": false,
          "UpdateType": "Mutable"
        },
        "HECEndpoint": {
          "Documentation": "http://docs.aws.amazon.com/AWSCloudFormation/latest/UserGuide/aws-properties-kinesisfirehose-deliverystream-splunkdestinationconfiguration.html#cfn-kinesisfirehose-deliverystream-splunkdestinationconfiguration-hecendpoint",
          "PrimitiveType": "String",
          "Required": true,
          "UpdateType": "Mutable"
        },
        "HECEndpointType": {
          "Documentation": "http://docs.aws.amazon.com/AWSCloudFormation/latest/UserGuide/aws-properties-kinesisfirehose-deliverystream-splunkdestinationconfiguration.html#cfn-kinesisfirehose-deliverystream-splunkdestinationconfiguration-hecendpointtype",
          "PrimitiveType": "String",
          "Required": true,
          "UpdateType": "Mutable"
        },
        "HECToken": {
          "Documentation": "http://docs.aws.amazon.com/AWSCloudFormation/latest/UserGuide/aws-properties-kinesisfirehose-deliverystream-splunkdestinationconfiguration.html#cfn-kinesisfirehose-deliverystream-splunkdestinationconfiguration-hectoken",
          "PrimitiveType": "String",
          "Required": true,
          "UpdateType": "Mutable"
        },
        "ProcessingConfiguration": {
          "Documentation": "http://docs.aws.amazon.com/AWSCloudFormation/latest/UserGuide/aws-properties-kinesisfirehose-deliverystream-splunkdestinationconfiguration.html#cfn-kinesisfirehose-deliverystream-splunkdestinationconfiguration-processingconfiguration",
          "Required": false,
          "Type": "ProcessingConfiguration",
          "UpdateType": "Mutable"
        },
        "RetryOptions": {
          "Documentation": "http://docs.aws.amazon.com/AWSCloudFormation/latest/UserGuide/aws-properties-kinesisfirehose-deliverystream-splunkdestinationconfiguration.html#cfn-kinesisfirehose-deliverystream-splunkdestinationconfiguration-retryoptions",
          "Required": false,
          "Type": "SplunkRetryOptions",
          "UpdateType": "Mutable"
        },
        "S3BackupMode": {
          "Documentation": "http://docs.aws.amazon.com/AWSCloudFormation/latest/UserGuide/aws-properties-kinesisfirehose-deliverystream-splunkdestinationconfiguration.html#cfn-kinesisfirehose-deliverystream-splunkdestinationconfiguration-s3backupmode",
          "PrimitiveType": "String",
          "Required": false,
          "UpdateType": "Mutable"
        },
        "S3Configuration": {
          "Documentation": "http://docs.aws.amazon.com/AWSCloudFormation/latest/UserGuide/aws-properties-kinesisfirehose-deliverystream-splunkdestinationconfiguration.html#cfn-kinesisfirehose-deliverystream-splunkdestinationconfiguration-s3configuration",
          "Required": true,
          "Type": "S3DestinationConfiguration",
          "UpdateType": "Mutable"
        }
      }
    },
    "AWS::KinesisFirehose::DeliveryStream.SplunkRetryOptions": {
      "Documentation": "http://docs.aws.amazon.com/AWSCloudFormation/latest/UserGuide/aws-properties-kinesisfirehose-deliverystream-splunkretryoptions.html",
      "Properties": {
        "DurationInSeconds": {
          "Documentation": "http://docs.aws.amazon.com/AWSCloudFormation/latest/UserGuide/aws-properties-kinesisfirehose-deliverystream-splunkretryoptions.html#cfn-kinesisfirehose-deliverystream-splunkretryoptions-durationinseconds",
          "PrimitiveType": "Integer",
          "Required": true,
          "UpdateType": "Mutable"
        }
      }
    }
  },
  "ResourceType": {
    "AWS::KinesisFirehose::DeliveryStream": {
      "Attributes": {
        "Arn": {
          "PrimitiveType": "String"
        }
      },
      "Documentation": "http://docs.aws.amazon.com/AWSCloudFormation/latest/UserGuide/aws-resource-kinesisfirehose-deliverystream.html",
      "Properties": {
        "DeliveryStreamName": {
          "Documentation": "http://docs.aws.amazon.com/AWSCloudFormation/latest/UserGuide/aws-resource-kinesisfirehose-deliverystream.html#cfn-kinesisfirehose-deliverystream-deliverystreamname",
          "PrimitiveType": "String",
          "Required": false,
          "UpdateType": "Immutable"
        },
        "DeliveryStreamType": {
          "Documentation": "http://docs.aws.amazon.com/AWSCloudFormation/latest/UserGuide/aws-resource-kinesisfirehose-deliverystream.html#cfn-kinesisfirehose-deliverystream-deliverystreamtype",
          "PrimitiveType": "String",
          "Required": false,
          "UpdateType": "Immutable"
        },
        "ElasticsearchDestinationConfiguration": {
          "Documentation": "http://docs.aws.amazon.com/AWSCloudFormation/latest/UserGuide/aws-resource-kinesisfirehose-deliverystream.html#cfn-kinesisfirehose-deliverystream-elasticsearchdestinationconfiguration",
          "Required": false,
          "Type": "ElasticsearchDestinationConfiguration",
          "UpdateType": "Mutable"
        },
        "ExtendedS3DestinationConfiguration": {
          "Documentation": "http://docs.aws.amazon.com/AWSCloudFormation/latest/UserGuide/aws-resource-kinesisfirehose-deliverystream.html#cfn-kinesisfirehose-deliverystream-extendeds3destinationconfiguration",
          "Required": false,
          "Type": "ExtendedS3DestinationConfiguration",
          "UpdateType": "Mutable"
        },
        "KinesisStreamSourceConfiguration": {
          "Documentation": "http://docs.aws.amazon.com/AWSCloudFormation/latest/UserGuide/aws-resource-kinesisfirehose-deliverystream.html#cfn-kinesisfirehose-deliverystream-kinesisstreamsourceconfiguration",
          "Required": false,
          "Type": "KinesisStreamSourceConfiguration",
          "UpdateType": "Mutable"
        },
        "RedshiftDestinationConfiguration": {
          "Documentation": "http://docs.aws.amazon.com/AWSCloudFormation/latest/UserGuide/aws-resource-kinesisfirehose-deliverystream.html#cfn-kinesisfirehose-deliverystream-redshiftdestinationconfiguration",
          "Required": false,
          "Type": "RedshiftDestinationConfiguration",
          "UpdateType": "Mutable"
        },
        "S3DestinationConfiguration": {
          "Documentation": "http://docs.aws.amazon.com/AWSCloudFormation/latest/UserGuide/aws-resource-kinesisfirehose-deliverystream.html#cfn-kinesisfirehose-deliverystream-s3destinationconfiguration",
          "Required": false,
          "Type": "S3DestinationConfiguration",
          "UpdateType": "Mutable"
        },
        "SplunkDestinationConfiguration": {
          "Documentation": "http://docs.aws.amazon.com/AWSCloudFormation/latest/UserGuide/aws-resource-kinesisfirehose-deliverystream.html#cfn-kinesisfirehose-deliverystream-splunkdestinationconfiguration",
          "Required": false,
          "Type": "SplunkDestinationConfiguration",
          "UpdateType": "Mutable"
        }
      }
    }
  },
  "ResourceSpecificationVersion": "3.0.0"
}