{
  "PropertyTypes": {
    "AWS::KinesisAnalyticsV2::ApplicationCloudWatchLoggingOption.CloudWatchLoggingOption": {
      "Documentation": "http://docs.aws.amazon.com/AWSCloudFormation/latest/UserGuide/aws-properties-kinesisanalyticsv2-applicationcloudwatchloggingoption-cloudwatchloggingoption.html",
      "Properties": {
        "LogStreamARN": {
          "Required": true,
          "Documentation": "http://docs.aws.amazon.com/AWSCloudFormation/latest/UserGuide/aws-properties-kinesisanalyticsv2-applicationcloudwatchloggingoption-cloudwatchloggingoption.html#cfn-kinesisanalyticsv2-applicationcloudwatchloggingoption-cloudwatchloggingoption-logstreamarn",
          "PrimitiveType": "String",
          "UpdateType": "Mutable"
        }
      }
    }
  },
  "ResourceType": {
    "AWS::KinesisAnalyticsV2::ApplicationCloudWatchLoggingOption": {
      "Documentation": "http://docs.aws.amazon.com/AWSCloudFormation/latest/UserGuide/aws-resource-kinesisanalyticsv2-applicationcloudwatchloggingoption.html",
      "Properties": {
        "ApplicationName": {
          "Required": true,
          "Documentation": "http://docs.aws.amazon.com/AWSCloudFormation/latest/UserGuide/aws-resource-kinesisanalyticsv2-applicationcloudwatchloggingoption.html#cfn-kinesisanalyticsv2-applicationcloudwatchloggingoption-applicationname",
          "PrimitiveType": "String",
          "UpdateType": "Immutable"
        },
        "CloudWatchLoggingOption": {
          "Type": "CloudWatchLoggingOption",
          "Required": true,
          "Documentation": "http://docs.aws.amazon.com/AWSCloudFormation/latest/UserGuide/aws-resource-kinesisanalyticsv2-applicationcloudwatchloggingoption.html#cfn-kinesisanalyticsv2-applicationcloudwatchloggingoption-cloudwatchloggingoption",
          "UpdateType": "Mutable"
        }
      }
    }
  },
  "ResourceSpecificationVersion": "3.0.0"
}