{
  "PropertyTypes": {
    "AWS::KinesisAnalytics::ApplicationOutput.KinesisStreamsOutput": {
      "Documentation": "http://docs.aws.amazon.com/AWSCloudFormation/latest/UserGuide/aws-properties-kinesisanalytics-applicationoutput-kinesisstreamsoutput.html",
      "Properties": {
        "ResourceARN": {
          "Required": true,
          "Documentation": "http://docs.aws.amazon.com/AWSCloudFormation/latest/UserGuide/aws-properties-kinesisanalytics-applicationoutput-kinesisstreamsoutput.html#cfn-kinesisanalytics-applicationoutput-kinesisstreamsoutput-resourcearn",
          "PrimitiveType": "String",
          "UpdateType": "Mutable"
        },
        "RoleARN": {
          "Required": true,
          "Documentation": "http://docs.aws.amazon.com/AWSCloudFormation/latest/UserGuide/aws-properties-kinesisanalytics-applicationoutput-kinesisstreamsoutput.html#cfn-kinesisanalytics-applicationoutput-kinesisstreamsoutput-rolearn",
          "PrimitiveType": "String",
          "UpdateType": "Mutable"
        }
      }
    },
    "AWS::KinesisAnalytics::ApplicationOutput.LambdaOutput": {
      "Documentation": "http://docs.aws.amazon.com/AWSCloudFormation/latest/UserGuide/aws-properties-kinesisanalytics-applicationoutput-lambdaoutput.html",
      "Properties": {
        "ResourceARN": {
          "Required": true,
          "Documentation": "http://docs.aws.amazon.com/AWSCloudFormation/latest/UserGuide/aws-properties-kinesisanalytics-applicationoutput-lambdaoutput.html#cfn-kinesisanalytics-applicationoutput-lambdaoutput-resourcearn",
          "PrimitiveType": "String",
          "UpdateType": "Mutable"
        },
        "RoleARN": {
          "Required": true,
          "Documentation": "http://docs.aws.amazon.com/AWSCloudFormation/latest/UserGuide/aws-properties-kinesisanalytics-applicationoutput-lambdaoutput.html#cfn-kinesisanalytics-applicationoutput-lambdaoutput-rolearn",
          "PrimitiveType": "String",
          "UpdateType": "Mutable"
        }
      }
    },
    "AWS::KinesisAnalytics::ApplicationOutput.KinesisFirehoseOutput": {
      "Documentation": "http://docs.aws.amazon.com/AWSCloudFormation/latest/UserGuide/aws-properties-kinesisanalytics-applicationoutput-kinesisfirehoseoutput.html",
      "Properties": {
        "ResourceARN": {
          "Required": true,
          "Documentation": "http://docs.aws.amazon.com/AWSCloudFormation/latest/UserGuide/aws-properties-kinesisanalytics-applicationoutput-kinesisfirehoseoutput.html#cfn-kinesisanalytics-applicationoutput-kinesisfirehoseoutput-resourcearn",
          "PrimitiveType": "String",
          "UpdateType": "Mutable"
        },
        "RoleARN": {
          "Required": true,
          "Documentation": "http://docs.aws.amazon.com/AWSCloudFormation/latest/UserGuide/aws-properties-kinesisanalytics-applicationoutput-kinesisfirehoseoutput.html#cfn-kinesisanalytics-applicationoutput-kinesisfirehoseoutput-rolearn",
          "PrimitiveType": "String",
          "UpdateType": "Mutable"
        }
      }
    },
    "AWS::KinesisAnalytics::ApplicationOutput.Output": {
      "Documentation": "http://docs.aws.amazon.com/AWSCloudFormation/latest/UserGuide/aws-properties-kinesisanalytics-applicationoutput-output.html",
      "Properties": {
        "DestinationSchema": {
          "Type": "DestinationSchema",
          "Required": true,
          "Documentation": "http://docs.aws.amazon.com/AWSCloudFormation/latest/UserGuide/aws-properties-kinesisanalytics-applicationoutput-output.html#cfn-kinesisanalytics-applicationoutput-output-destinationschema",
          "UpdateType": "Mutable"
        },
        "LambdaOutput": {
          "Type": "LambdaOutput",
          "Required": false,
          "Documentation": "http://docs.aws.amazon.com/AWSCloudFormation/latest/UserGuide/aws-properties-kinesisanalytics-applicationoutput-output.html#cfn-kinesisanalytics-applicationoutput-output-lambdaoutput",
          "UpdateType": "Mutable"
        },
        "KinesisFirehoseOutput": {
          "Type": "KinesisFirehoseOutput",
          "Required": false,
          "Documentation": "http://docs.aws.amazon.com/AWSCloudFormation/latest/UserGuide/aws-properties-kinesisanalytics-applicationoutput-output.html#cfn-kinesisanalytics-applicationoutput-output-kinesisfirehoseoutput",
          "UpdateType": "Mutable"
        },
        "KinesisStreamsOutput": {
          "Type": "KinesisStreamsOutput",
          "Required": false,
          "Documentation": "http://docs.aws.amazon.com/AWSCloudFormation/latest/UserGuide/aws-properties-kinesisanalytics-applicationoutput-output.html#cfn-kinesisanalytics-applicationoutput-output-kinesisstreamsoutput",
          "UpdateType": "Mutable"
        },
        "Name": {
          "Required": false,
          "Documentation": "http://docs.aws.amazon.com/AWSCloudFormation/latest/UserGuide/aws-properties-kinesisanalytics-applicationoutput-output.html#cfn-kinesisanalytics-applicationoutput-output-name",
          "PrimitiveType": "String",
          "UpdateType": "Immutable"
        }
      }
    },
    "AWS::KinesisAnalytics::ApplicationOutput.DestinationSchema": {
      "Documentation": "http://docs.aws.amazon.com/AWSCloudFormation/latest/UserGuide/aws-properties-kinesisanalytics-applicationoutput-destinationschema.html",
      "Properties": {
        "RecordFormatType": {
          "Required": false,
          "Documentation": "http://docs.aws.amazon.com/AWSCloudFormation/latest/UserGuide/aws-properties-kinesisanalytics-applicationoutput-destinationschema.html#cfn-kinesisanalytics-applicationoutput-destinationschema-recordformattype",
          "PrimitiveType": "String",
          "UpdateType": "Mutable"
        }
      }
    }
  },
  "ResourceType": {
    "AWS::KinesisAnalytics::ApplicationOutput": {
      "Documentation": "http://docs.aws.amazon.com/AWSCloudFormation/latest/UserGuide/aws-resource-kinesisanalytics-applicationoutput.html",
      "Properties": {
        "ApplicationName": {
          "Required": true,
          "Documentation": "http://docs.aws.amazon.com/AWSCloudFormation/latest/UserGuide/aws-resource-kinesisanalytics-applicationoutput.html#cfn-kinesisanalytics-applicationoutput-applicationname",
          "PrimitiveType": "String",
          "UpdateType": "Immutable"
        },
        "Output": {
          "Type": "Output",
          "Required": true,
          "Documentation": "http://docs.aws.amazon.com/AWSCloudFormation/latest/UserGuide/aws-resource-kinesisanalytics-applicationoutput.html#cfn-kinesisanalytics-applicationoutput-output",
          "UpdateType": "Mutable"
        }
      }
    }
  },
  "ResourceSpecificationVersion": "3.0.0"
}