{
  "PropertyTypes": {
    "AWS::KinesisAnalytics::Application.JSONMappingParameters": {
      "Documentation": "http://docs.aws.amazon.com/AWSCloudFormation/latest/UserGuide/aws-properties-kinesisanalytics-application-jsonmappingparameters.html",
      "Properties": {
        "RecordRowPath": {
          "Required": true,
          "Documentation": "http://docs.aws.amazon.com/AWSCloudFormation/latest/UserGuide/aws-properties-kinesisanalytics-application-jsonmappingparameters.html#cfn-kinesisanalytics-application-jsonmappingparameters-recordrowpath",
          "PrimitiveType": "String",
          "UpdateType": "Mutable"
        }
      }
    },
    "AWS::KinesisAnalytics::Application.KinesisFirehoseInput": {
      "Documentation": "http://docs.aws.amazon.com/AWSCloudFormation/latest/UserGuide/aws-properties-kinesisanalytics-application-kinesisfirehoseinput.html",
      "Properties": {
        "ResourceARN": {
          "Required": true,
          "Documentation": "http://docs.aws.amazon.com/AWSCloudFormation/latest/UserGuide/aws-properties-kinesisanalytics-application-kinesisfirehoseinput.html#cfn-kinesisanalytics-application-kinesisfirehoseinput-resourcearn",
          "PrimitiveType": "String",
          "UpdateType": "Mutable"
        },
        "RoleARN": {
          "Required": true,
          "Documentation": "http://docs.aws.amazon.com/AWSCloudFormation/latest/UserGuide/aws-properties-kinesisanalytics-application-kinesisfirehoseinput.html#cfn-kinesisanalytics-application-kinesisfirehoseinput-rolearn",
          "PrimitiveType": "String",
          "UpdateType": "Mutable"
        }
      }
    },
    "AWS::KinesisAnalytics::Application.Input": {
      "Documentation": "http://docs.aws.amazon.com/AWSCloudFormation/latest/UserGuide/aws-properties-kinesisanalytics-application-input.html",
      "Properties": {
        "NamePrefix": {
          "Required": true,
          "Documentation": "http://docs.aws.amazon.com/AWSCloudFormation/latest/UserGuide/aws-properties-kinesisanalytics-application-input.html#cfn-kinesisanalytics-application-input-nameprefix",
          "PrimitiveType": "String",
          "UpdateType": "Mutable"
        },
        "InputSchema": {
          "Type": "InputSchema",
          "Required": true,
          "Documentation": "http://docs.aws.amazon.com/AWSCloudFormation/latest/UserGuide/aws-properties-kinesisanalytics-application-input.html#cfn-kinesisanalytics-application-input-inputschema",
          "UpdateType": "Mutable"
        },
        "KinesisStreamsInput": {
          "Type": "KinesisStreamsInput",
          "Required": false,
          "Documentation": "http://docs.aws.amazon.com/AWSCloudFormation/latest/UserGuide/aws-properties-kinesisanalytics-application-input.html#cfn-kinesisanalytics-application-input-kinesisstreamsinput",
          "UpdateType": "Mutable"
        },
        "KinesisFirehoseInput": {
          "Type": "KinesisFirehoseInput",
          "Required": false,
          "Documentation": "http://docs.aws.amazon.com/AWSCloudFormation/latest/UserGuide/aws-properties-kinesisanalytics-application-input.html#cfn-kinesisanalytics-application-input-kinesisfirehoseinput",
          "UpdateType": "Mutable"
        },
        "InputProcessingConfiguration": {
          "Type": "InputProcessingConfiguration",
          "Required": false,
          "Documentation": "http://docs.aws.amazon.com/AWSCloudFormation/latest/UserGuide/aws-properties-kinesisanalytics-application-input.html#cfn-kinesisanalytics-application-input-inputprocessingconfiguration",
          "UpdateType": "Mutable"
        },
        "InputParallelism": {
          "Type": "InputParallelism",
          "Required": false,
          "Documentation": "http://docs.aws.amazon.com/AWSCloudFormation/latest/UserGuide/aws-properties-kinesisanalytics-application-input.html#cfn-kinesisanalytics-application-input-inputparallelism",
          "UpdateType": "Mutable"
        }
      }
    },
    "AWS::KinesisAnalytics::Application.InputSchema": {
      "Documentation": "http://docs.aws.amazon.com/AWSCloudFormation/latest/UserGuide/aws-properties-kinesisanalytics-application-inputschema.html",
      "Properties": {
        "RecordEncoding": {
          "Required": false,
          "Documentation": "http://docs.aws.amazon.com/AWSCloudFormation/latest/UserGuide/aws-properties-kinesisanalytics-application-inputschema.html#cfn-kinesisanalytics-application-inputschema-recordencoding",
          "PrimitiveType": "String",
          "UpdateType": "Mutable"
        },
        "RecordColumns": {
          "Type": "List",
          "Required": true,
          "Documentation": "http://docs.aws.amazon.com/AWSCloudFormation/latest/UserGuide/aws-properties-kinesisanalytics-application-inputschema.html#cfn-kinesisanalytics-application-inputschema-recordcolumns",
          "ItemType": "RecordColumn",
          "UpdateType": "Mutable"
        },
        "RecordFormat": {
          "Type": "RecordFormat",
          "Required": true,
          "Documentation": "http://docs.aws.amazon.com/AWSCloudFormation/latest/UserGuide/aws-properties-kinesisanalytics-application-inputschema.html#cfn-kinesisanalytics-application-inputschema-recordformat",
          "UpdateType": "Mutable"
        }
      }
    },
    "AWS::KinesisAnalytics::Application.InputParallelism": {
      "Documentation": "http://docs.aws.amazon.com/AWSCloudFormation/latest/UserGuide/aws-properties-kinesisanalytics-application-inputparallelism.html",
      "Properties": {
        "Count": {
          "Required": false,
          "Documentation": "http://docs.aws.amazon.com/AWSCloudFormation/latest/UserGuide/aws-properties-kinesisanalytics-application-inputparallelism.html#cfn-kinesisanalytics-application-inputparallelism-count",
          "PrimitiveType": "Integer",
          "UpdateType": "Mutable"
        }
      }
    },
    "AWS::KinesisAnalytics::Application.InputProcessingConfiguration": {
      "Documentation": "http://docs.aws.amazon.com/AWSCloudFormation/latest/UserGuide/aws-properties-kinesisanalytics-application-inputprocessingconfiguration.html",
      "Properties": {
        "InputLambdaProcessor": {
          "Type": "InputLambdaProcessor",
          "Required": false,
          "Documentation": "http://docs.aws.amazon.com/AWSCloudFormation/latest/UserGuide/aws-properties-kinesisanalytics-application-inputprocessingconfiguration.html#cfn-kinesisanalytics-application-inputprocessingconfiguration-inputlambdaprocessor",
          "UpdateType": "Mutable"
        }
      }
    },
    "AWS::KinesisAnalytics::Application.RecordFormat": {
      "Documentation": "http://docs.aws.amazon.com/AWSCloudFormation/latest/UserGuide/aws-properties-kinesisanalytics-application-recordformat.html",
      "Properties": {
        "MappingParameters": {
          "Type": "MappingParameters",
          "Required": false,
          "Documentation": "http://docs.aws.amazon.com/AWSCloudFormation/latest/UserGuide/aws-properties-kinesisanalytics-application-recordformat.html#cfn-kinesisanalytics-application-recordformat-mappingparameters",
          "UpdateType": "Mutable"
        },
        "RecordFormatType": {
          "Required": true,
          "Documentation": "http://docs.aws.amazon.com/AWSCloudFormation/latest/UserGuide/aws-properties-kinesisanalytics-application-recordformat.html#cfn-kinesisanalytics-application-recordformat-recordformattype",
          "PrimitiveType": "String",
          "UpdateType": "Mutable"
        }
      }
    },
    "AWS::KinesisAnalytics::Application.RecordColumn": {
      "Documentation": "http://docs.aws.amazon.com/AWSCloudFormation/latest/UserGuide/aws-properties-kinesisanalytics-application-recordcolumn.html",
      "Properties": {
        "Mapping": {
          "Required": false,
          "Documentation": "http://docs.aws.amazon.com/AWSCloudFormation/latest/UserGuide/aws-properties-kinesisanalytics-application-recordcolumn.html#cfn-kinesisanalytics-application-recordcolumn-mapping",
          "PrimitiveType": "String",
          "UpdateType": "Mutable"
        },
        "SqlType": {
          "Required": true,
          "Documentation": "http://docs.aws.amazon.com/AWSCloudFormation/latest/UserGuide/aws-properties-kinesisanalytics-application-recordcolumn.html#cfn-kinesisanalytics-application-recordcolumn-sqltype",
          "PrimitiveType": "String",
          "UpdateType": "Mutable"
        },
        "Name": {
          "Required": true,
          "Documentation": "http://docs.aws.amazon.com/AWSCloudFormation/latest/UserGuide/aws-properties-kinesisanalytics-application-recordcolumn.html#cfn-kinesisanalytics-application-recordcolumn-name",
          "PrimitiveType": "String",
          "UpdateType": "Mutable"
        }
      }
    },
    "AWS::KinesisAnalytics::Application.CSVMappingParameters": {
      "Documentation": "http://docs.aws.amazon.com/AWSCloudFormation/latest/UserGuide/aws-properties-kinesisanalytics-application-csvmappingparameters.html",
      "Properties": {
        "RecordRowDelimiter": {
          "Required": true,
          "Documentation": "http://docs.aws.amazon.com/AWSCloudFormation/latest/UserGuide/aws-properties-kinesisanalytics-application-csvmappingparameters.html#cfn-kinesisanalytics-application-csvmappingparameters-recordrowdelimiter",
          "PrimitiveType": "String",
          "UpdateType": "Mutable"
        },
        "RecordColumnDelimiter": {
          "Required": true,
          "Documentation": "http://docs.aws.amazon.com/AWSCloudFormation/latest/UserGuide/aws-properties-kinesisanalytics-application-csvmappingparameters.html#cfn-kinesisanalytics-application-csvmappingparameters-recordcolumndelimiter",
          "PrimitiveType": "String",
          "UpdateType": "Mutable"
        }
      }
    },
    "AWS::KinesisAnalytics::Application.KinesisStreamsInput": {
      "Documentation": "http://docs.aws.amazon.com/AWSCloudFormation/latest/UserGuide/aws-properties-kinesisanalytics-application-kinesisstreamsinput.html",
      "Properties": {
        "ResourceARN": {
          "Required": true,
          "Documentation": "http://docs.aws.amazon.com/AWSCloudFormation/latest/UserGuide/aws-properties-kinesisanalytics-application-kinesisstreamsinput.html#cfn-kinesisanalytics-application-kinesisstreamsinput-resourcearn",
          "PrimitiveType": "String",
          "UpdateType": "Mutable"
        },
        "RoleARN": {
          "Required": true,
          "Documentation": "http://docs.aws.amazon.com/AWSCloudFormation/latest/UserGuide/aws-properties-kinesisanalytics-application-kinesisstreamsinput.html#cfn-kinesisanalytics-application-kinesisstreamsinput-rolearn",
          "PrimitiveType": "String",
          "UpdateType": "Mutable"
        }
      }
    },
    "AWS::KinesisAnalytics::Application.MappingParameters": {
      "Documentation": "http://docs.aws.amazon.com/AWSCloudFormation/latest/UserGuide/aws-properties-kinesisanalytics-application-mappingparameters.html",
      "Properties": {
        "JSONMappingParameters": {
          "Type": "JSONMappingParameters",
          "Required": false,
          "Documentation": "http://docs.aws.amazon.com/AWSCloudFormation/latest/UserGuide/aws-properties-kinesisanalytics-application-mappingparameters.html#cfn-kinesisanalytics-application-mappingparameters-jsonmappingparameters",
          "UpdateType": "Mutable"
        },
        "CSVMappingParameters": {
          "Type": "CSVMappingParameters",
          "Required": false,
          "Documentation": "http://docs.aws.amazon.com/AWSCloudFormation/latest/UserGuide/aws-properties-kinesisanalytics-application-mappingparameters.html#cfn-kinesisanalytics-application-mappingparameters-csvmappingparameters",
          "UpdateType": "Mutable"
        }
      }
    },
    "AWS::KinesisAnalytics::Application.InputLambdaProcessor": {
      "Documentation": "http://docs.aws.amazon.com/AWSCloudFormation/latest/UserGuide/aws-properties-kinesisanalytics-application-inputlambdaprocessor.html",
      "Properties": {
        "ResourceARN": {
          "Required": true,
          "Documentation": "http://docs.aws.amazon.com/AWSCloudFormation/latest/UserGuide/aws-properties-kinesisanalytics-application-inputlambdaprocessor.html#cfn-kinesisanalytics-application-inputlambdaprocessor-resourcearn",
          "PrimitiveType": "String",
          "UpdateType": "Mutable"
        },
        "RoleARN": {
          "Required": true,
          "Documentation": "http://docs.aws.amazon.com/AWSCloudFormation/latest/UserGuide/aws-properties-kinesisanalytics-application-inputlambdaprocessor.html#cfn-kinesisanalytics-application-inputlambdaprocessor-rolearn",
          "PrimitiveType": "String",
          "UpdateType": "Mutable"
        }
      }
    }
  },
  "ResourceType": {
    "AWS::KinesisAnalytics::Application": {
      "Documentation": "http://docs.aws.amazon.com/AWSCloudFormation/latest/UserGuide/aws-resource-kinesisanalytics-application.html",
      "Properties": {
        "ApplicationName": {
          "Required": false,
          "Documentation": "http://docs.aws.amazon.com/AWSCloudFormation/latest/UserGuide/aws-resource-kinesisanalytics-application.html#cfn-kinesisanalytics-application-applicationname",
          "PrimitiveType": "String",
          "UpdateType": "Immutable"
        },
        "Inputs": {
          "Type": "List",
          "Required": true,
          "Documentation": "http://docs.aws.amazon.com/AWSCloudFormation/latest/UserGuide/aws-resource-kinesisanalytics-application.html#cfn-kinesisanalytics-application-inputs",
          "ItemType": "Input",
          "UpdateType": "Mutable"
        },
        "ApplicationDescription": {
          "Required": false,
          "Documentation": "http://docs.aws.amazon.com/AWSCloudFormation/latest/UserGuide/aws-resource-kinesisanalytics-application.html#cfn-kinesisanalytics-application-applicationdescription",
          "PrimitiveType": "String",
          "UpdateType": "Mutable"
        },
        "ApplicationCode": {
          "Required": false,
          "Documentation": "http://docs.aws.amazon.com/AWSCloudFormation/latest/UserGuide/aws-resource-kinesisanalytics-application.html#cfn-kinesisanalytics-application-applicationcode",
          "PrimitiveType": "String",
          "UpdateType": "Mutable"
        }
      }
    }
  },
  "ResourceSpecificationVersion": "3.0.0"
}