{
  "PropertyTypes": {
    "AWS::KinesisAnalyticsV2::ApplicationReferenceDataSource.RecordFormat": {
      "Documentation": "http://docs.aws.amazon.com/AWSCloudFormation/latest/UserGuide/aws-properties-kinesisanalyticsv2-applicationreferencedatasource-recordformat.html",
      "Properties": {
        "MappingParameters": {
          "Type": "MappingParameters",
          "Required": false,
          "Documentation": "http://docs.aws.amazon.com/AWSCloudFormation/latest/UserGuide/aws-properties-kinesisanalyticsv2-applicationreferencedatasource-recordformat.html#cfn-kinesisanalyticsv2-applicationreferencedatasource-recordformat-mappingparameters",
          "UpdateType": "Mutable"
        },
        "RecordFormatType": {
          "Required": true,
          "Documentation": "http://docs.aws.amazon.com/AWSCloudFormation/latest/UserGuide/aws-properties-kinesisanalyticsv2-applicationreferencedatasource-recordformat.html#cfn-kinesisanalyticsv2-applicationreferencedatasource-recordformat-recordformattype",
          "PrimitiveType": "String",
          "UpdateType": "Mutable"
        }
      }
    },
    "AWS::KinesisAnalyticsV2::ApplicationReferenceDataSource.RecordColumn": {
      "Documentation": "http://docs.aws.amazon.com/AWSCloudFormation/latest/UserGuide/aws-properties-kinesisanalyticsv2-applicationreferencedatasource-recordcolumn.html",
      "Properties": {
        "Mapping": {
          "Required": false,
          "Documentation": "http://docs.aws.amazon.com/AWSCloudFormation/latest/UserGuide/aws-properties-kinesisanalyticsv2-applicationreferencedatasource-recordcolumn.html#cfn-kinesisanalyticsv2-applicationreferencedatasource-recordcolumn-mapping",
          "PrimitiveType": "String",
          "UpdateType": "Mutable"
        },
        "SqlType": {
          "Required": true,
          "Documentation": "http://docs.aws.amazon.com/AWSCloudFormation/latest/UserGuide/aws-properties-kinesisanalyticsv2-applicationreferencedatasource-recordcolumn.html#cfn-kinesisanalyticsv2-applicationreferencedatasource-recordcolumn-sqltype",
          "PrimitiveType": "String",
          "UpdateType": "Mutable"
        },
        "Name": {
          "Required": true,
          "Documentation": "http://docs.aws.amazon.com/AWSCloudFormation/latest/UserGuide/aws-properties-kinesisanalyticsv2-applicationreferencedatasource-recordcolumn.html#cfn-kinesisanalyticsv2-applicationreferencedatasource-recordcolumn-name",
          "PrimitiveType": "String",
          "UpdateType": "Mutable"
        }
      }
    },
    "AWS::KinesisAnalyticsV2::ApplicationReferenceDataSource.MappingParameters": {
      "Documentation": "http://docs.aws.amazon.com/AWSCloudFormation/latest/UserGuide/aws-properties-kinesisanalyticsv2-applicationreferencedatasource-mappingparameters.html",
      "Properties": {
        "JSONMappingParameters": {
          "Type": "JSONMappingParameters",
          "Required": false,
          "Documentation": "http://docs.aws.amazon.com/AWSCloudFormation/latest/UserGuide/aws-properties-kinesisanalyticsv2-applicationreferencedatasource-mappingparameters.html#cfn-kinesisanalyticsv2-applicationreferencedatasource-mappingparameters-jsonmappingparameters",
          "UpdateType": "Mutable"
        },
        "CSVMappingParameters": {
          "Type": "CSVMappingParameters",
          "Required": false,
          "Documentation": "http://docs.aws.amazon.com/AWSCloudFormation/latest/UserGuide/aws-properties-kinesisanalyticsv2-applicationreferencedatasource-mappingparameters.html#cfn-kinesisanalyticsv2-applicationreferencedatasource-mappingparameters-csvmappingparameters",
          "UpdateType": "Mutable"
        }
      }
    },
    "AWS::KinesisAnalyticsV2::ApplicationReferenceDataSource.ReferenceDataSource": {
      "Documentation": "http://docs.aws.amazon.com/AWSCloudFormation/latest/UserGuide/aws-properties-kinesisanalyticsv2-applicationreferencedatasource-referencedatasource.html",
      "Properties": {
        "ReferenceSchema": {
          "Type": "ReferenceSchema",
          "Required": true,
          "Documentation": "http://docs.aws.amazon.com/AWSCloudFormation/latest/UserGuide/aws-properties-kinesisanalyticsv2-applicationreferencedatasource-referencedatasource.html#cfn-kinesisanalyticsv2-applicationreferencedatasource-referencedatasource-referenceschema",
          "UpdateType": "Mutable"
        },
        "TableName": {
          "Required": false,
          "Documentation": "http://docs.aws.amazon.com/AWSCloudFormation/latest/UserGuide/aws-properties-kinesisanalyticsv2-applicationreferencedatasource-referencedatasource.html#cfn-kinesisanalyticsv2-applicationreferencedatasource-referencedatasource-tablename",
          "PrimitiveType": "String",
          "UpdateType": "Immutable"
        },
        "S3ReferenceDataSource": {
          "Type": "S3ReferenceDataSource",
          "Required": false,
          "Documentation": "http://docs.aws.amazon.com/AWSCloudFormation/latest/UserGuide/aws-properties-kinesisanalyticsv2-applicationreferencedatasource-referencedatasource.html#cfn-kinesisanalyticsv2-applicationreferencedatasource-referencedatasource-s3referencedatasource",
          "UpdateType": "Mutable"
        }
      }
    },
    "AWS::KinesisAnalyticsV2::ApplicationReferenceDataSource.CSVMappingParameters": {
      "Documentation": "http://docs.aws.amazon.com/AWSCloudFormation/latest/UserGuide/aws-properties-kinesisanalyticsv2-applicationreferencedatasource-csvmappingparameters.html",
      "Properties": {
        "RecordRowDelimiter": {
          "Required": true,
          "Documentation": "http://docs.aws.amazon.com/AWSCloudFormation/latest/UserGuide/aws-properties-kinesisanalyticsv2-applicationreferencedatasource-csvmappingparameters.html#cfn-kinesisanalyticsv2-applicationreferencedatasource-csvmappingparameters-recordrowdelimiter",
          "PrimitiveType": "String",
          "UpdateType": "Mutable"
        },
        "RecordColumnDelimiter": {
          "Required": true,
          "Documentation": "http://docs.aws.amazon.com/AWSCloudFormation/latest/UserGuide/aws-properties-kinesisanalyticsv2-applicationreferencedatasource-csvmappingparameters.html#cfn-kinesisanalyticsv2-applicationreferencedatasource-csvmappingparameters-recordcolumndelimiter",
          "PrimitiveType": "String",
          "UpdateType": "Mutable"
        }
      }
    },
    "AWS::KinesisAnalyticsV2::ApplicationReferenceDataSource.ReferenceSchema": {
      "Documentation": "http://docs.aws.amazon.com/AWSCloudFormation/latest/UserGuide/aws-properties-kinesisanalyticsv2-applicationreferencedatasource-referenceschema.html",
      "Properties": {
        "RecordEncoding": {
          "Required": false,
          "Documentation": "http://docs.aws.amazon.com/AWSCloudFormation/latest/UserGuide/aws-properties-kinesisanalyticsv2-applicationreferencedatasource-referenceschema.html#cfn-kinesisanalyticsv2-applicationreferencedatasource-referenceschema-recordencoding",
          "PrimitiveType": "String",
          "UpdateType": "Mutable"
        },
        "RecordColumns": {
          "Type": "List",
          "Required": true,
          "Documentation": "http://docs.aws.amazon.com/AWSCloudFormation/latest/UserGuide/aws-properties-kinesisanalyticsv2-applicationreferencedatasource-referenceschema.html#cfn-kinesisanalyticsv2-applicationreferencedatasource-referenceschema-recordcolumns",
          "ItemType": "RecordColumn",
          "UpdateType": "Mutable"
        },
        "RecordFormat": {
          "Type": "RecordFormat",
          "Required": true,
          "Documentation": "http://docs.aws.amazon.com/AWSCloudFormation/latest/UserGuide/aws-properties-kinesisanalyticsv2-applicationreferencedatasource-referenceschema.html#cfn-kinesisanalyticsv2-applicationreferencedatasource-referenceschema-recordformat",
          "UpdateType": "Mutable"
        }
      }
    },
    "AWS::KinesisAnalyticsV2::ApplicationReferenceDataSource.JSONMappingParameters": {
      "Documentation": "http://docs.aws.amazon.com/AWSCloudFormation/latest/UserGuide/aws-properties-kinesisanalyticsv2-applicationreferencedatasource-jsonmappingparameters.html",
      "Properties": {
        "RecordRowPath": {
          "Required": true,
          "Documentation": "http://docs.aws.amazon.com/AWSCloudFormation/latest/UserGuide/aws-properties-kinesisanalyticsv2-applicationreferencedatasource-jsonmappingparameters.html#cfn-kinesisanalyticsv2-applicationreferencedatasource-jsonmappingparameters-recordrowpath",
          "PrimitiveType": "String",
          "UpdateType": "Mutable"
        }
      }
    },
    "AWS::KinesisAnalyticsV2::ApplicationReferenceDataSource.S3ReferenceDataSource": {
      "Documentation": "http://docs.aws.amazon.com/AWSCloudFormation/latest/UserGuide/aws-properties-kinesisanalyticsv2-applicationreferencedatasource-s3referencedatasource.html",
      "Properties": {
        "BucketARN": {
          "Required": true,
          "Documentation": "http://docs.aws.amazon.com/AWSCloudFormation/latest/UserGuide/aws-properties-kinesisanalyticsv2-applicationreferencedatasource-s3referencedatasource.html#cfn-kinesisanalyticsv2-applicationreferencedatasource-s3referencedatasource-bucketarn",
          "PrimitiveType": "String",
          "UpdateType": "Mutable"
        },
        "FileKey": {
          "Required": true,
          "Documentation": "http://docs.aws.amazon.com/AWSCloudFormation/latest/UserGuide/aws-properties-kinesisanalyticsv2-applicationreferencedatasource-s3referencedatasource.html#cfn-kinesisanalyticsv2-applicationreferencedatasource-s3referencedatasource-filekey",
          "PrimitiveType": "String",
          "UpdateType": "Mutable"
        }
      }
    }
  },
  "ResourceType": {
    "AWS::KinesisAnalyticsV2::ApplicationReferenceDataSource": {
      "Documentation": "http://docs.aws.amazon.com/AWSCloudFormation/latest/UserGuide/aws-resource-kinesisanalyticsv2-applicationreferencedatasource.html",
      "Properties": {
        "ApplicationName": {
          "Required": true,
          "Documentation": "http://docs.aws.amazon.com/AWSCloudFormation/latest/UserGuide/aws-resource-kinesisanalyticsv2-applicationreferencedatasource.html#cfn-kinesisanalyticsv2-applicationreferencedatasource-applicationname",
          "PrimitiveType": "String",
          "UpdateType": "Immutable"
        },
        "ReferenceDataSource": {
          "Type": "ReferenceDataSource",
          "Required": true,
          "Documentation": "http://docs.aws.amazon.com/AWSCloudFormation/latest/UserGuide/aws-resource-kinesisanalyticsv2-applicationreferencedatasource.html#cfn-kinesisanalyticsv2-applicationreferencedatasource-referencedatasource",
          "UpdateType": "Mutable"
        }
      }
    }
  },
  "ResourceSpecificationVersion": "3.0.0"
}