{
  "PropertyTypes": {
    "AWS::Kinesis::Stream.StreamEncryption": {
      "Documentation": "http://docs.aws.amazon.com/AWSCloudFormation/latest/UserGuide/aws-properties-kinesis-stream-streamencryption.html",
      "Properties": {
        "EncryptionType": {
          "Documentation": "http://docs.aws.amazon.com/AWSCloudFormation/latest/UserGuide/aws-properties-kinesis-stream-streamencryption.html#cfn-kinesis-stream-streamencryption-encryptiontype",
          "PrimitiveType": "String",
          "Required": true,
          "UpdateType": "Mutable"
        },
        "KeyId": {
          "Documentation": "http://docs.aws.amazon.com/AWSCloudFormation/latest/UserGuide/aws-properties-kinesis-stream-streamencryption.html#cfn-kinesis-stream-streamencryption-keyid",
          "PrimitiveType": "String",
          "Required": true,
          "UpdateType": "Mutable"
        }
      }
    },
    "Tag": {
      "Documentation": "http://docs.aws.amazon.com/AWSCloudFormation/latest/UserGuide/aws-properties-resource-tags.html",
      "Properties": {
        "Key": {
          "Documentation": "http://docs.aws.amazon.com/AWSCloudFormation/latest/UserGuide/aws-properties-resource-tags.html#cfn-resource-tags-key",
          "PrimitiveType": "String",
          "Required": true,
          "UpdateType": "Mutable"
        },
        "Value": {
          "Documentation": "http://docs.aws.amazon.com/AWSCloudFormation/latest/UserGuide/aws-properties-resource-tags.html#cfn-resource-tags-value",
          "PrimitiveType": "String",
          "Required": true,
          "UpdateType": "Mutable"
        }
      }
    }
  },
  "ResourceType": {
    "AWS::Kinesis::Stream": {
      "Attributes": {
        "Arn": {
          "PrimitiveType": "String"
        }
      },
      "Documentation": "http://docs.aws.amazon.com/AWSCloudFormation/latest/UserGuide/aws-resource-kinesis-stream.html",
      "Properties": {
        "Name": {
          "Documentation": "http://docs.aws.amazon.com/AWSCloudFormation/latest/UserGuide/aws-resource-kinesis-stream.html#cfn-kinesis-stream-name",
          "PrimitiveType": "String",
          "Required": false,
          "UpdateType": "Immutable"
        },
        "RetentionPeriodHours": {
          "Documentation": "http://docs.aws.amazon.com/AWSCloudFormation/latest/UserGuide/aws-resource-kinesis-stream.html#cfn-kinesis-stream-retentionperiodhours",
          "PrimitiveType": "Integer",
          "Required": false,
          "UpdateType": "Mutable"
        },
        "ShardCount": {
          "Documentation": "http://docs.aws.amazon.com/AWSCloudFormation/latest/UserGuide/aws-resource-kinesis-stream.html#cfn-kinesis-stream-shardcount",
          "PrimitiveType": "Integer",
          "Required": true,
          "UpdateType": "Mutable"
        },
        "StreamEncryption": {
          "Documentation": "http://docs.aws.amazon.com/AWSCloudFormation/latest/UserGuide/aws-resource-kinesis-stream.html#cfn-kinesis-stream-streamencryption",
          "Required": false,
          "Type": "StreamEncryption",
          "UpdateType": "Mutable"
        },
        "Tags": {
          "Documentation": "http://docs.aws.amazon.com/AWSCloudFormation/latest/UserGuide/aws-resource-kinesis-stream.html#cfn-kinesis-stream-tags",
          "DuplicatesAllowed": true,
          "ItemType": "Tag",
          "Required": false,
          "Type": "List",
          "UpdateType": "Mutable"
        }
      }
    }
  },
  "ResourceSpecificationVersion": "3.0.0"
}