{
  "PropertyTypes": {
    "AWS::Lambda::Alias.AliasRoutingConfiguration": {
      "Documentation": "http://docs.aws.amazon.com/AWSCloudFormation/latest/UserGuide/aws-properties-lambda-alias-aliasroutingconfiguration.html",
      "Properties": {
        "AdditionalVersionWeights": {
          "Documentation": "http://docs.aws.amazon.com/AWSCloudFormation/latest/UserGuide/aws-properties-lambda-alias-aliasroutingconfiguration.html#cfn-lambda-alias-aliasroutingconfiguration-additionalversionweights",
          "DuplicatesAllowed": false,
          "ItemType": "VersionWeight",
          "Required": true,
          "Type": "List",
          "UpdateType": "Mutable"
        }
      }
    },
    "AWS::Lambda::Alias.VersionWeight": {
      "Documentation": "http://docs.aws.amazon.com/AWSCloudFormation/latest/UserGuide/aws-properties-lambda-alias-versionweight.html",
      "Properties": {
        "FunctionVersion": {
          "Documentation": "http://docs.aws.amazon.com/AWSCloudFormation/latest/UserGuide/aws-properties-lambda-alias-versionweight.html#cfn-lambda-alias-versionweight-functionversion",
          "PrimitiveType": "String",
          "Required": true,
          "UpdateType": "Mutable"
        },
        "FunctionWeight": {
          "Documentation": "http://docs.aws.amazon.com/AWSCloudFormation/latest/UserGuide/aws-properties-lambda-alias-versionweight.html#cfn-lambda-alias-versionweight-functionweight",
          "PrimitiveType": "Double",
          "Required": true,
          "UpdateType": "Mutable"
        }
      }
    }
  },
  "ResourceType": {
    "AWS::Lambda::Alias": {
      "Documentation": "http://docs.aws.amazon.com/AWSCloudFormation/latest/UserGuide/aws-resource-lambda-alias.html",
      "Properties": {
        "Description": {
          "Documentation": "http://docs.aws.amazon.com/AWSCloudFormation/latest/UserGuide/aws-resource-lambda-alias.html#cfn-lambda-alias-description",
          "PrimitiveType": "String",
          "Required": false,
          "UpdateType": "Mutable"
        },
        "FunctionName": {
          "Documentation": "http://docs.aws.amazon.com/AWSCloudFormation/latest/UserGuide/aws-resource-lambda-alias.html#cfn-lambda-alias-functionname",
          "PrimitiveType": "String",
          "Required": true,
          "UpdateType": "Immutable"
        },
        "FunctionVersion": {
          "Documentation": "http://docs.aws.amazon.com/AWSCloudFormation/latest/UserGuide/aws-resource-lambda-alias.html#cfn-lambda-alias-functionversion",
          "PrimitiveType": "String",
          "Required": true,
          "UpdateType": "Mutable"
        },
        "Name": {
          "Documentation": "http://docs.aws.amazon.com/AWSCloudFormation/latest/UserGuide/aws-resource-lambda-alias.html#cfn-lambda-alias-name",
          "PrimitiveType": "String",
          "Required": true,
          "UpdateType": "Immutable"
        },
        "RoutingConfig": {
          "Documentation": "http://docs.aws.amazon.com/AWSCloudFormation/latest/UserGuide/aws-resource-lambda-alias.html#cfn-lambda-alias-routingconfig",
          "Required": false,
          "Type": "AliasRoutingConfiguration",
          "UpdateType": "Mutable"
        }
      }
    }
  },
  "ResourceSpecificationVersion": "3.0.0"
}