{
  "PropertyTypes": {
    "AWS::Logs::MetricFilter.MetricTransformation": {
      "Documentation": "http://docs.aws.amazon.com/AWSCloudFormation/latest/UserGuide/aws-properties-logs-metricfilter-metrictransformation.html",
      "Properties": {
        "DefaultValue": {
          "Documentation": "http://docs.aws.amazon.com/AWSCloudFormation/latest/UserGuide/aws-properties-logs-metricfilter-metrictransformation.html#cfn-cwl-metricfilter-metrictransformation-defaultvalue",
          "PrimitiveType": "Double",
          "Required": false,
          "UpdateType": "Mutable"
        },
        "MetricName": {
          "Documentation": "http://docs.aws.amazon.com/AWSCloudFormation/latest/UserGuide/aws-properties-logs-metricfilter-metrictransformation.html#cfn-cwl-metricfilter-metrictransformation-metricname",
          "PrimitiveType": "String",
          "Required": true,
          "UpdateType": "Mutable"
        },
        "MetricNamespace": {
          "Documentation": "http://docs.aws.amazon.com/AWSCloudFormation/latest/UserGuide/aws-properties-logs-metricfilter-metrictransformation.html#cfn-cwl-metricfilter-metrictransformation-metricnamespace",
          "PrimitiveType": "String",
          "Required": true,
          "UpdateType": "Mutable"
        },
        "MetricValue": {
          "Documentation": "http://docs.aws.amazon.com/AWSCloudFormation/latest/UserGuide/aws-properties-logs-metricfilter-metrictransformation.html#cfn-cwl-metricfilter-metrictransformation-metricvalue",
          "PrimitiveType": "String",
          "Required": true,
          "UpdateType": "Mutable"
        }
      }
    }
  },
  "ResourceType": {
    "AWS::Logs::MetricFilter": {
      "Documentation": "http://docs.aws.amazon.com/AWSCloudFormation/latest/UserGuide/aws-resource-logs-metricfilter.html",
      "Properties": {
        "FilterPattern": {
          "Documentation": "http://docs.aws.amazon.com/AWSCloudFormation/latest/UserGuide/aws-resource-logs-metricfilter.html#cfn-cwl-metricfilter-filterpattern",
          "PrimitiveType": "String",
          "Required": true,
          "UpdateType": "Mutable"
        },
        "LogGroupName": {
          "Documentation": "http://docs.aws.amazon.com/AWSCloudFormation/latest/UserGuide/aws-resource-logs-metricfilter.html#cfn-cwl-metricfilter-loggroupname",
          "PrimitiveType": "String",
          "Required": true,
          "UpdateType": "Immutable"
        },
        "MetricTransformations": {
          "Documentation": "http://docs.aws.amazon.com/AWSCloudFormation/latest/UserGuide/aws-resource-logs-metricfilter.html#cfn-cwl-metricfilter-metrictransformations",
          "DuplicatesAllowed": false,
          "ItemType": "MetricTransformation",
          "Required": true,
          "Type": "List",
          "UpdateType": "Mutable"
        }
      }
    }
  },
  "ResourceSpecificationVersion": "3.0.0"
}