{
  "PropertyTypes": {
    "Tag": {
      "Documentation": "http://docs.aws.amazon.com/AWSCloudFormation/latest/UserGuide/aws-properties-neptune-dbsubnetgroup-tag.html",
      "Properties": {
        "Value": {
          "Required": true,
          "Documentation": "http://docs.aws.amazon.com/AWSCloudFormation/latest/UserGuide/aws-properties-neptune-dbsubnetgroup-tag.html#cfn-neptune-dbsubnetgroup-tag-value",
          "PrimitiveType": "String",
          "UpdateType": "Mutable"
        },
        "Key": {
          "Required": true,
          "Documentation": "http://docs.aws.amazon.com/AWSCloudFormation/latest/UserGuide/aws-properties-neptune-dbsubnetgroup-tag.html#cfn-neptune-dbsubnetgroup-tag-key",
          "PrimitiveType": "String",
          "UpdateType": "Mutable"
        }
      }
    }
  },
  "ResourceType": {
    "AWS::Neptune::DBSubnetGroup": {
      "Documentation": "http://docs.aws.amazon.com/AWSCloudFormation/latest/UserGuide/aws-resource-neptune-dbsubnetgroup.html",
      "Properties": {
        "DBSubnetGroupName": {
          "Required": false,
          "Documentation": "http://docs.aws.amazon.com/AWSCloudFormation/latest/UserGuide/aws-resource-neptune-dbsubnetgroup.html#cfn-neptune-dbsubnetgroup-dbsubnetgroupname",
          "PrimitiveType": "String",
          "UpdateType": "Immutable"
        },
        "DBSubnetGroupDescription": {
          "Required": true,
          "Documentation": "http://docs.aws.amazon.com/AWSCloudFormation/latest/UserGuide/aws-resource-neptune-dbsubnetgroup.html#cfn-neptune-dbsubnetgroup-dbsubnetgroupdescription",
          "PrimitiveType": "String",
          "UpdateType": "Mutable"
        },
        "SubnetIds": {
          "PrimitiveItemType": "String",
          "Type": "List",
          "Required": true,
          "Documentation": "http://docs.aws.amazon.com/AWSCloudFormation/latest/UserGuide/aws-resource-neptune-dbsubnetgroup.html#cfn-neptune-dbsubnetgroup-subnetids",
          "UpdateType": "Mutable"
        },
        "Tags": {
          "Type": "List",
          "Required": false,
          "Documentation": "http://docs.aws.amazon.com/AWSCloudFormation/latest/UserGuide/aws-resource-neptune-dbsubnetgroup.html#cfn-neptune-dbsubnetgroup-tags",
          "ItemType": "Tag",
          "UpdateType": "Mutable"
        }
      }
    }
  },
  "ResourceSpecificationVersion": "3.0.0"
}