{
  "PropertyTypes": {
    "AWS::OpsWorks::Stack.ChefConfiguration": {
      "Documentation": "http://docs.aws.amazon.com/AWSCloudFormation/latest/UserGuide/aws-properties-opsworks-stack-chefconfiguration.html",
      "Properties": {
        "BerkshelfVersion": {
          "Documentation": "http://docs.aws.amazon.com/AWSCloudFormation/latest/UserGuide/aws-properties-opsworks-stack-chefconfiguration.html#cfn-opsworks-chefconfiguration-berkshelfversion",
          "PrimitiveType": "String",
          "Required": false,
          "UpdateType": "Mutable"
        },
        "ManageBerkshelf": {
          "Documentation": "http://docs.aws.amazon.com/AWSCloudFormation/latest/UserGuide/aws-properties-opsworks-stack-chefconfiguration.html#cfn-opsworks-chefconfiguration-berkshelfversion",
          "PrimitiveType": "Boolean",
          "Required": false,
          "UpdateType": "Mutable"
        }
      }
    },
    "AWS::OpsWorks::Stack.ElasticIp": {
      "Documentation": "http://docs.aws.amazon.com/AWSCloudFormation/latest/UserGuide/aws-properties-opsworks-stack-elasticip.html",
      "Properties": {
        "Ip": {
          "Documentation": "http://docs.aws.amazon.com/AWSCloudFormation/latest/UserGuide/aws-properties-opsworks-stack-elasticip.html#cfn-opsworks-stack-elasticip-ip",
          "PrimitiveType": "String",
          "Required": true,
          "UpdateType": "Mutable"
        },
        "Name": {
          "Documentation": "http://docs.aws.amazon.com/AWSCloudFormation/latest/UserGuide/aws-properties-opsworks-stack-elasticip.html#cfn-opsworks-stack-elasticip-name",
          "PrimitiveType": "String",
          "Required": false,
          "UpdateType": "Mutable"
        }
      }
    },
    "AWS::OpsWorks::Stack.RdsDbInstance": {
      "Documentation": "http://docs.aws.amazon.com/AWSCloudFormation/latest/UserGuide/aws-properties-opsworks-stack-rdsdbinstance.html",
      "Properties": {
        "DbPassword": {
          "Documentation": "http://docs.aws.amazon.com/AWSCloudFormation/latest/UserGuide/aws-properties-opsworks-stack-rdsdbinstance.html#cfn-opsworks-stack-rdsdbinstance-dbpassword",
          "PrimitiveType": "String",
          "Required": true,
          "UpdateType": "Mutable"
        },
        "DbUser": {
          "Documentation": "http://docs.aws.amazon.com/AWSCloudFormation/latest/UserGuide/aws-properties-opsworks-stack-rdsdbinstance.html#cfn-opsworks-stack-rdsdbinstance-dbuser",
          "PrimitiveType": "String",
          "Required": true,
          "UpdateType": "Mutable"
        },
        "RdsDbInstanceArn": {
          "Documentation": "http://docs.aws.amazon.com/AWSCloudFormation/latest/UserGuide/aws-properties-opsworks-stack-rdsdbinstance.html#cfn-opsworks-stack-rdsdbinstance-rdsdbinstancearn",
          "PrimitiveType": "String",
          "Required": true,
          "UpdateType": "Mutable"
        }
      }
    },
    "AWS::OpsWorks::Stack.Source": {
      "Documentation": "http://docs.aws.amazon.com/AWSCloudFormation/latest/UserGuide/aws-properties-opsworks-stack-source.html",
      "Properties": {
        "Password": {
          "Documentation": "http://docs.aws.amazon.com/AWSCloudFormation/latest/UserGuide/aws-properties-opsworks-stack-source.html#cfn-opsworks-custcookbooksource-password",
          "PrimitiveType": "String",
          "Required": false,
          "UpdateType": "Mutable"
        },
        "Revision": {
          "Documentation": "http://docs.aws.amazon.com/AWSCloudFormation/latest/UserGuide/aws-properties-opsworks-stack-source.html#cfn-opsworks-custcookbooksource-revision",
          "PrimitiveType": "String",
          "Required": false,
          "UpdateType": "Mutable"
        },
        "SshKey": {
          "Documentation": "http://docs.aws.amazon.com/AWSCloudFormation/latest/UserGuide/aws-properties-opsworks-stack-source.html#cfn-opsworks-custcookbooksource-sshkey",
          "PrimitiveType": "String",
          "Required": false,
          "UpdateType": "Mutable"
        },
        "Type": {
          "Documentation": "http://docs.aws.amazon.com/AWSCloudFormation/latest/UserGuide/aws-properties-opsworks-stack-source.html#cfn-opsworks-custcookbooksource-type",
          "PrimitiveType": "String",
          "Required": false,
          "UpdateType": "Mutable"
        },
        "Url": {
          "Documentation": "http://docs.aws.amazon.com/AWSCloudFormation/latest/UserGuide/aws-properties-opsworks-stack-source.html#cfn-opsworks-custcookbooksource-url",
          "PrimitiveType": "String",
          "Required": false,
          "UpdateType": "Mutable"
        },
        "Username": {
          "Documentation": "http://docs.aws.amazon.com/AWSCloudFormation/latest/UserGuide/aws-properties-opsworks-stack-source.html#cfn-opsworks-custcookbooksource-username",
          "PrimitiveType": "String",
          "Required": false,
          "UpdateType": "Mutable"
        }
      }
    },
    "AWS::OpsWorks::Stack.StackConfigurationManager": {
      "Documentation": "http://docs.aws.amazon.com/AWSCloudFormation/latest/UserGuide/aws-properties-opsworks-stack-stackconfigmanager.html",
      "Properties": {
        "Name": {
          "Documentation": "http://docs.aws.amazon.com/AWSCloudFormation/latest/UserGuide/aws-properties-opsworks-stack-stackconfigmanager.html#cfn-opsworks-configmanager-name",
          "PrimitiveType": "String",
          "Required": false,
          "UpdateType": "Mutable"
        },
        "Version": {
          "Documentation": "http://docs.aws.amazon.com/AWSCloudFormation/latest/UserGuide/aws-properties-opsworks-stack-stackconfigmanager.html#cfn-opsworks-configmanager-version",
          "PrimitiveType": "String",
          "Required": false,
          "UpdateType": "Mutable"
        }
      }
    },
    "Tag": {
      "Documentation": "http://docs.aws.amazon.com/AWSCloudFormation/latest/UserGuide/aws-properties-resource-tags.html",
      "Properties": {
        "Key": {
          "Documentation": "http://docs.aws.amazon.com/AWSCloudFormation/latest/UserGuide/aws-properties-resource-tags.html#cfn-resource-tags-key",
          "PrimitiveType": "String",
          "Required": true,
          "UpdateType": "Mutable"
        },
        "Value": {
          "Documentation": "http://docs.aws.amazon.com/AWSCloudFormation/latest/UserGuide/aws-properties-resource-tags.html#cfn-resource-tags-value",
          "PrimitiveType": "String",
          "Required": true,
          "UpdateType": "Mutable"
        }
      }
    }
  },
  "ResourceType": {
    "AWS::OpsWorks::Stack": {
      "Documentation": "http://docs.aws.amazon.com/AWSCloudFormation/latest/UserGuide/aws-resource-opsworks-stack.html",
      "Properties": {
        "AgentVersion": {
          "Documentation": "http://docs.aws.amazon.com/AWSCloudFormation/latest/UserGuide/aws-resource-opsworks-stack.html#cfn-opsworks-stack-agentversion",
          "PrimitiveType": "String",
          "Required": false,
          "UpdateType": "Mutable"
        },
        "Attributes": {
          "Documentation": "http://docs.aws.amazon.com/AWSCloudFormation/latest/UserGuide/aws-resource-opsworks-stack.html#cfn-opsworks-stack-attributes",
          "DuplicatesAllowed": false,
          "PrimitiveItemType": "String",
          "Required": false,
          "Type": "Map",
          "UpdateType": "Mutable"
        },
        "ChefConfiguration": {
          "Documentation": "http://docs.aws.amazon.com/AWSCloudFormation/latest/UserGuide/aws-resource-opsworks-stack.html#cfn-opsworks-stack-chefconfiguration",
          "Required": false,
          "Type": "ChefConfiguration",
          "UpdateType": "Mutable"
        },
        "CloneAppIds": {
          "Documentation": "http://docs.aws.amazon.com/AWSCloudFormation/latest/UserGuide/aws-resource-opsworks-stack.html#cfn-opsworks-stack-cloneappids",
          "DuplicatesAllowed": false,
          "PrimitiveItemType": "String",
          "Required": false,
          "Type": "List",
          "UpdateType": "Immutable"
        },
        "ClonePermissions": {
          "Documentation": "http://docs.aws.amazon.com/AWSCloudFormation/latest/UserGuide/aws-resource-opsworks-stack.html#cfn-opsworks-stack-clonepermissions",
          "PrimitiveType": "Boolean",
          "Required": false,
          "UpdateType": "Immutable"
        },
        "ConfigurationManager": {
          "Documentation": "http://docs.aws.amazon.com/AWSCloudFormation/latest/UserGuide/aws-resource-opsworks-stack.html#cfn-opsworks-stack-configmanager",
          "Required": false,
          "Type": "StackConfigurationManager",
          "UpdateType": "Mutable"
        },
        "CustomCookbooksSource": {
          "Documentation": "http://docs.aws.amazon.com/AWSCloudFormation/latest/UserGuide/aws-resource-opsworks-stack.html#cfn-opsworks-stack-custcookbooksource",
          "Required": false,
          "Type": "Source",
          "UpdateType": "Mutable"
        },
        "CustomJson": {
          "Documentation": "http://docs.aws.amazon.com/AWSCloudFormation/latest/UserGuide/aws-resource-opsworks-stack.html#cfn-opsworks-stack-custjson",
          "PrimitiveType": "Json",
          "Required": false,
          "UpdateType": "Mutable"
        },
        "DefaultAvailabilityZone": {
          "Documentation": "http://docs.aws.amazon.com/AWSCloudFormation/latest/UserGuide/aws-resource-opsworks-stack.html#cfn-opsworks-stack-defaultaz",
          "PrimitiveType": "String",
          "Required": false,
          "UpdateType": "Mutable"
        },
        "DefaultInstanceProfileArn": {
          "Documentation": "http://docs.aws.amazon.com/AWSCloudFormation/latest/UserGuide/aws-resource-opsworks-stack.html#cfn-opsworks-stack-defaultinstanceprof",
          "PrimitiveType": "String",
          "Required": true,
          "UpdateType": "Mutable"
        },
        "DefaultOs": {
          "Documentation": "http://docs.aws.amazon.com/AWSCloudFormation/latest/UserGuide/aws-resource-opsworks-stack.html#cfn-opsworks-stack-defaultos",
          "PrimitiveType": "String",
          "Required": false,
          "UpdateType": "Mutable"
        },
        "DefaultRootDeviceType": {
          "Documentation": "http://docs.aws.amazon.com/AWSCloudFormation/latest/UserGuide/aws-resource-opsworks-stack.html#cfn-opsworks-stack-defaultrootdevicetype",
          "PrimitiveType": "String",
          "Required": false,
          "UpdateType": "Mutable"
        },
        "DefaultSshKeyName": {
          "Documentation": "http://docs.aws.amazon.com/AWSCloudFormation/latest/UserGuide/aws-resource-opsworks-stack.html#cfn-opsworks-stack-defaultsshkeyname",
          "PrimitiveType": "String",
          "Required": false,
          "UpdateType": "Mutable"
        },
        "DefaultSubnetId": {
          "Documentation": "http://docs.aws.amazon.com/AWSCloudFormation/latest/UserGuide/aws-resource-opsworks-stack.html#defaultsubnet",
          "PrimitiveType": "String",
          "Required": false,
          "UpdateType": "Mutable"
        },
        "EcsClusterArn": {
          "Documentation": "http://docs.aws.amazon.com/AWSCloudFormation/latest/UserGuide/aws-resource-opsworks-stack.html#cfn-opsworks-stack-ecsclusterarn",
          "PrimitiveType": "String",
          "Required": false,
          "UpdateType": "Mutable"
        },
        "ElasticIps": {
          "Documentation": "http://docs.aws.amazon.com/AWSCloudFormation/latest/UserGuide/aws-resource-opsworks-stack.html#cfn-opsworks-stack-elasticips",
          "DuplicatesAllowed": false,
          "ItemType": "ElasticIp",
          "Required": false,
          "Type": "List",
          "UpdateType": "Mutable"
        },
        "HostnameTheme": {
          "Documentation": "http://docs.aws.amazon.com/AWSCloudFormation/latest/UserGuide/aws-resource-opsworks-stack.html#cfn-opsworks-stack-hostnametheme",
          "PrimitiveType": "String",
          "Required": false,
          "UpdateType": "Mutable"
        },
        "Name": {
          "Documentation": "http://docs.aws.amazon.com/AWSCloudFormation/latest/UserGuide/aws-resource-opsworks-stack.html#cfn-opsworks-stack-name",
          "PrimitiveType": "String",
          "Required": true,
          "UpdateType": "Mutable"
        },
        "RdsDbInstances": {
          "Documentation": "http://docs.aws.amazon.com/AWSCloudFormation/latest/UserGuide/aws-resource-opsworks-stack.html#cfn-opsworks-stack-rdsdbinstances",
          "DuplicatesAllowed": false,
          "ItemType": "RdsDbInstance",
          "Required": false,
          "Type": "List",
          "UpdateType": "Mutable"
        },
        "ServiceRoleArn": {
          "Documentation": "http://docs.aws.amazon.com/AWSCloudFormation/latest/UserGuide/aws-resource-opsworks-stack.html#cfn-opsworks-stack-servicerolearn",
          "PrimitiveType": "String",
          "Required": true,
          "UpdateType": "Immutable"
        },
        "SourceStackId": {
          "Documentation": "http://docs.aws.amazon.com/AWSCloudFormation/latest/UserGuide/aws-resource-opsworks-stack.html#cfn-opsworks-stack-sourcestackid",
          "PrimitiveType": "String",
          "Required": false,
          "UpdateType": "Immutable"
        },
        "Tags": {
          "Documentation": "http://docs.aws.amazon.com/AWSCloudFormation/latest/UserGuide/aws-resource-opsworks-stack.html#cfn-opsworks-stack-tags",
          "DuplicatesAllowed": true,
          "ItemType": "Tag",
          "Required": false,
          "Type": "List",
          "UpdateType": "Mutable"
        },
        "UseCustomCookbooks": {
          "Documentation": "http://docs.aws.amazon.com/AWSCloudFormation/latest/UserGuide/aws-resource-opsworks-stack.html#usecustcookbooks",
          "PrimitiveType": "Boolean",
          "Required": false,
          "UpdateType": "Mutable"
        },
        "UseOpsworksSecurityGroups": {
          "Documentation": "http://docs.aws.amazon.com/AWSCloudFormation/latest/UserGuide/aws-resource-opsworks-stack.html#cfn-opsworks-stack-useopsworkssecuritygroups",
          "PrimitiveType": "Boolean",
          "Required": false,
          "UpdateType": "Mutable"
        },
        "VpcId": {
          "Documentation": "http://docs.aws.amazon.com/AWSCloudFormation/latest/UserGuide/aws-resource-opsworks-stack.html#cfn-opsworks-stack-vpcid",
          "PrimitiveType": "String",
          "Required": false,
          "UpdateType": "Immutable"
        }
      }
    }
  },
  "ResourceSpecificationVersion": "3.0.0"
}