{
  "PropertyTypes": {
    "AWS::OpsWorksCM::Server.EngineAttribute": {
      "Documentation": "http://docs.aws.amazon.com/AWSCloudFormation/latest/UserGuide/aws-properties-opsworkscm-server-engineattribute.html",
      "Properties": {
        "Value": {
          "Required": false,
          "Documentation": "http://docs.aws.amazon.com/AWSCloudFormation/latest/UserGuide/aws-properties-opsworkscm-server-engineattribute.html#cfn-opsworkscm-server-engineattribute-value",
          "PrimitiveType": "String",
          "UpdateType": "Mutable"
        },
        "Name": {
          "Required": false,
          "Documentation": "http://docs.aws.amazon.com/AWSCloudFormation/latest/UserGuide/aws-properties-opsworkscm-server-engineattribute.html#cfn-opsworkscm-server-engineattribute-name",
          "PrimitiveType": "String",
          "UpdateType": "Mutable"
        }
      }
    }
  },
  "ResourceType": {
    "AWS::OpsWorksCM::Server": {
      "Documentation": "http://docs.aws.amazon.com/AWSCloudFormation/latest/UserGuide/aws-resource-opsworkscm-server.html",
      "Attributes": {
        "Endpoint": {
          "PrimitiveType": "String"
        },
        "Arn": {
          "PrimitiveType": "String"
        }
      },
      "Properties": {
        "KeyPair": {
          "Required": false,
          "Documentation": "http://docs.aws.amazon.com/AWSCloudFormation/latest/UserGuide/aws-resource-opsworkscm-server.html#cfn-opsworkscm-server-keypair",
          "PrimitiveType": "String",
          "UpdateType": "Immutable"
        },
        "EngineVersion": {
          "Required": false,
          "Documentation": "http://docs.aws.amazon.com/AWSCloudFormation/latest/UserGuide/aws-resource-opsworkscm-server.html#cfn-opsworkscm-server-engineversion",
          "PrimitiveType": "String",
          "UpdateType": "Immutable"
        },
        "ServiceRoleArn": {
          "Required": true,
          "Documentation": "http://docs.aws.amazon.com/AWSCloudFormation/latest/UserGuide/aws-resource-opsworkscm-server.html#cfn-opsworkscm-server-servicerolearn",
          "PrimitiveType": "String",
          "UpdateType": "Immutable"
        },
        "DisableAutomatedBackup": {
          "Required": false,
          "Documentation": "http://docs.aws.amazon.com/AWSCloudFormation/latest/UserGuide/aws-resource-opsworkscm-server.html#cfn-opsworkscm-server-disableautomatedbackup",
          "PrimitiveType": "Boolean",
          "UpdateType": "Mutable"
        },
        "BackupId": {
          "Required": false,
          "Documentation": "http://docs.aws.amazon.com/AWSCloudFormation/latest/UserGuide/aws-resource-opsworkscm-server.html#cfn-opsworkscm-server-backupid",
          "PrimitiveType": "String",
          "UpdateType": "Immutable"
        },
        "EngineModel": {
          "Required": false,
          "Documentation": "http://docs.aws.amazon.com/AWSCloudFormation/latest/UserGuide/aws-resource-opsworkscm-server.html#cfn-opsworkscm-server-enginemodel",
          "PrimitiveType": "String",
          "UpdateType": "Immutable"
        },
        "PreferredMaintenanceWindow": {
          "Required": false,
          "Documentation": "http://docs.aws.amazon.com/AWSCloudFormation/latest/UserGuide/aws-resource-opsworkscm-server.html#cfn-opsworkscm-server-preferredmaintenancewindow",
          "PrimitiveType": "String",
          "UpdateType": "Mutable"
        },
        "AssociatePublicIpAddress": {
          "Required": false,
          "Documentation": "http://docs.aws.amazon.com/AWSCloudFormation/latest/UserGuide/aws-resource-opsworkscm-server.html#cfn-opsworkscm-server-associatepublicipaddress",
          "PrimitiveType": "Boolean",
          "UpdateType": "Immutable"
        },
        "InstanceProfileArn": {
          "Required": true,
          "Documentation": "http://docs.aws.amazon.com/AWSCloudFormation/latest/UserGuide/aws-resource-opsworkscm-server.html#cfn-opsworkscm-server-instanceprofilearn",
          "PrimitiveType": "String",
          "UpdateType": "Immutable"
        },
        "PreferredBackupWindow": {
          "Required": false,
          "Documentation": "http://docs.aws.amazon.com/AWSCloudFormation/latest/UserGuide/aws-resource-opsworkscm-server.html#cfn-opsworkscm-server-preferredbackupwindow",
          "PrimitiveType": "String",
          "UpdateType": "Mutable"
        },
        "SecurityGroupIds": {
          "PrimitiveItemType": "String",
          "Type": "List",
          "Required": false,
          "Documentation": "http://docs.aws.amazon.com/AWSCloudFormation/latest/UserGuide/aws-resource-opsworkscm-server.html#cfn-opsworkscm-server-securitygroupids",
          "UpdateType": "Immutable"
        },
        "SubnetIds": {
          "PrimitiveItemType": "String",
          "Type": "List",
          "Required": false,
          "Documentation": "http://docs.aws.amazon.com/AWSCloudFormation/latest/UserGuide/aws-resource-opsworkscm-server.html#cfn-opsworkscm-server-subnetids",
          "UpdateType": "Immutable"
        },
        "ServerName": {
          "Required": false,
          "Documentation": "http://docs.aws.amazon.com/AWSCloudFormation/latest/UserGuide/aws-resource-opsworkscm-server.html#cfn-opsworkscm-server-servername",
          "PrimitiveType": "String",
          "UpdateType": "Immutable"
        },
        "EngineAttributes": {
          "Type": "List",
          "Required": false,
          "Documentation": "http://docs.aws.amazon.com/AWSCloudFormation/latest/UserGuide/aws-resource-opsworkscm-server.html#cfn-opsworkscm-server-engineattributes",
          "ItemType": "EngineAttribute",
          "UpdateType": "Mutable"
        },
        "BackupRetentionCount": {
          "Required": false,
          "Documentation": "http://docs.aws.amazon.com/AWSCloudFormation/latest/UserGuide/aws-resource-opsworkscm-server.html#cfn-opsworkscm-server-backupretentioncount",
          "PrimitiveType": "Integer",
          "UpdateType": "Mutable"
        },
        "InstanceType": {
          "Required": true,
          "Documentation": "http://docs.aws.amazon.com/AWSCloudFormation/latest/UserGuide/aws-resource-opsworkscm-server.html#cfn-opsworkscm-server-instancetype",
          "PrimitiveType": "String",
          "UpdateType": "Immutable"
        },
        "Engine": {
          "Required": false,
          "Documentation": "http://docs.aws.amazon.com/AWSCloudFormation/latest/UserGuide/aws-resource-opsworkscm-server.html#cfn-opsworkscm-server-engine",
          "PrimitiveType": "String",
          "UpdateType": "Immutable"
        }
      }
    }
  },
  "ResourceSpecificationVersion": "3.0.0"
}