{
  "PropertyTypes": {
    "AWS::OpsWorks::Layer.AutoScalingThresholds": {
      "Documentation": "http://docs.aws.amazon.com/AWSCloudFormation/latest/UserGuide/aws-properties-opsworks-layer-loadbasedautoscaling-autoscalingthresholds.html",
      "Properties": {
        "CpuThreshold": {
          "Documentation": "http://docs.aws.amazon.com/AWSCloudFormation/latest/UserGuide/aws-properties-opsworks-layer-loadbasedautoscaling-autoscalingthresholds.html#cfn-opsworks-layer-loadbasedautoscaling-autoscalingthresholds-cputhreshold",
          "PrimitiveType": "Double",
          "Required": false,
          "UpdateType": "Mutable"
        },
        "IgnoreMetricsTime": {
          "Documentation": "http://docs.aws.amazon.com/AWSCloudFormation/latest/UserGuide/aws-properties-opsworks-layer-loadbasedautoscaling-autoscalingthresholds.html#cfn-opsworks-layer-loadbasedautoscaling-autoscalingthresholds-ignoremetricstime",
          "PrimitiveType": "Integer",
          "Required": false,
          "UpdateType": "Mutable"
        },
        "InstanceCount": {
          "Documentation": "http://docs.aws.amazon.com/AWSCloudFormation/latest/UserGuide/aws-properties-opsworks-layer-loadbasedautoscaling-autoscalingthresholds.html#cfn-opsworks-layer-loadbasedautoscaling-autoscalingthresholds-instancecount",
          "PrimitiveType": "Integer",
          "Required": false,
          "UpdateType": "Mutable"
        },
        "LoadThreshold": {
          "Documentation": "http://docs.aws.amazon.com/AWSCloudFormation/latest/UserGuide/aws-properties-opsworks-layer-loadbasedautoscaling-autoscalingthresholds.html#cfn-opsworks-layer-loadbasedautoscaling-autoscalingthresholds-loadthreshold",
          "PrimitiveType": "Double",
          "Required": false,
          "UpdateType": "Mutable"
        },
        "MemoryThreshold": {
          "Documentation": "http://docs.aws.amazon.com/AWSCloudFormation/latest/UserGuide/aws-properties-opsworks-layer-loadbasedautoscaling-autoscalingthresholds.html#cfn-opsworks-layer-loadbasedautoscaling-autoscalingthresholds-memorythreshold",
          "PrimitiveType": "Double",
          "Required": false,
          "UpdateType": "Mutable"
        },
        "ThresholdsWaitTime": {
          "Documentation": "http://docs.aws.amazon.com/AWSCloudFormation/latest/UserGuide/aws-properties-opsworks-layer-loadbasedautoscaling-autoscalingthresholds.html#cfn-opsworks-layer-loadbasedautoscaling-autoscalingthresholds-thresholdwaittime",
          "PrimitiveType": "Integer",
          "Required": false,
          "UpdateType": "Mutable"
        }
      }
    },
    "AWS::OpsWorks::Layer.LifecycleEventConfiguration": {
      "Documentation": "http://docs.aws.amazon.com/AWSCloudFormation/latest/UserGuide/aws-properties-opsworks-layer-lifecycleeventconfiguration.html",
      "Properties": {
        "ShutdownEventConfiguration": {
          "Documentation": "http://docs.aws.amazon.com/AWSCloudFormation/latest/UserGuide/aws-properties-opsworks-layer-lifecycleeventconfiguration.html#cfn-opsworks-layer-lifecycleconfiguration-shutdowneventconfiguration",
          "Required": false,
          "Type": "ShutdownEventConfiguration",
          "UpdateType": "Mutable"
        }
      }
    },
    "AWS::OpsWorks::Layer.LoadBasedAutoScaling": {
      "Documentation": "http://docs.aws.amazon.com/AWSCloudFormation/latest/UserGuide/aws-properties-opsworks-layer-loadbasedautoscaling.html",
      "Properties": {
        "DownScaling": {
          "Documentation": "http://docs.aws.amazon.com/AWSCloudFormation/latest/UserGuide/aws-properties-opsworks-layer-loadbasedautoscaling.html#cfn-opsworks-layer-loadbasedautoscaling-downscaling",
          "Required": false,
          "Type": "AutoScalingThresholds",
          "UpdateType": "Mutable"
        },
        "Enable": {
          "Documentation": "http://docs.aws.amazon.com/AWSCloudFormation/latest/UserGuide/aws-properties-opsworks-layer-loadbasedautoscaling.html#cfn-opsworks-layer-loadbasedautoscaling-enable",
          "PrimitiveType": "Boolean",
          "Required": false,
          "UpdateType": "Mutable"
        },
        "UpScaling": {
          "Documentation": "http://docs.aws.amazon.com/AWSCloudFormation/latest/UserGuide/aws-properties-opsworks-layer-loadbasedautoscaling.html#cfn-opsworks-layer-loadbasedautoscaling-upscaling",
          "Required": false,
          "Type": "AutoScalingThresholds",
          "UpdateType": "Mutable"
        }
      }
    },
    "AWS::OpsWorks::Layer.Recipes": {
      "Documentation": "http://docs.aws.amazon.com/AWSCloudFormation/latest/UserGuide/aws-properties-opsworks-layer-recipes.html",
      "Properties": {
        "Configure": {
          "Documentation": "http://docs.aws.amazon.com/AWSCloudFormation/latest/UserGuide/aws-properties-opsworks-layer-recipes.html#cfn-opsworks-layer-customrecipes-configure",
          "DuplicatesAllowed": false,
          "PrimitiveItemType": "String",
          "Required": false,
          "Type": "List",
          "UpdateType": "Mutable"
        },
        "Deploy": {
          "Documentation": "http://docs.aws.amazon.com/AWSCloudFormation/latest/UserGuide/aws-properties-opsworks-layer-recipes.html#cfn-opsworks-layer-customrecipes-deploy",
          "DuplicatesAllowed": false,
          "PrimitiveItemType": "String",
          "Required": false,
          "Type": "List",
          "UpdateType": "Mutable"
        },
        "Setup": {
          "Documentation": "http://docs.aws.amazon.com/AWSCloudFormation/latest/UserGuide/aws-properties-opsworks-layer-recipes.html#cfn-opsworks-layer-customrecipes-setup",
          "DuplicatesAllowed": false,
          "PrimitiveItemType": "String",
          "Required": false,
          "Type": "List",
          "UpdateType": "Mutable"
        },
        "Shutdown": {
          "Documentation": "http://docs.aws.amazon.com/AWSCloudFormation/latest/UserGuide/aws-properties-opsworks-layer-recipes.html#cfn-opsworks-layer-customrecipes-shutdown",
          "DuplicatesAllowed": false,
          "PrimitiveItemType": "String",
          "Required": false,
          "Type": "List",
          "UpdateType": "Mutable"
        },
        "Undeploy": {
          "Documentation": "http://docs.aws.amazon.com/AWSCloudFormation/latest/UserGuide/aws-properties-opsworks-layer-recipes.html#cfn-opsworks-layer-customrecipes-undeploy",
          "DuplicatesAllowed": false,
          "PrimitiveItemType": "String",
          "Required": false,
          "Type": "List",
          "UpdateType": "Mutable"
        }
      }
    },
    "AWS::OpsWorks::Layer.ShutdownEventConfiguration": {
      "Documentation": "http://docs.aws.amazon.com/AWSCloudFormation/latest/UserGuide/aws-properties-opsworks-layer-lifecycleeventconfiguration-shutdowneventconfiguration.html",
      "Properties": {
        "DelayUntilElbConnectionsDrained": {
          "Documentation": "http://docs.aws.amazon.com/AWSCloudFormation/latest/UserGuide/aws-properties-opsworks-layer-lifecycleeventconfiguration-shutdowneventconfiguration.html#cfn-opsworks-layer-lifecycleconfiguration-shutdowneventconfiguration-delayuntilelbconnectionsdrained",
          "PrimitiveType": "Boolean",
          "Required": false,
          "UpdateType": "Mutable"
        },
        "ExecutionTimeout": {
          "Documentation": "http://docs.aws.amazon.com/AWSCloudFormation/latest/UserGuide/aws-properties-opsworks-layer-lifecycleeventconfiguration-shutdowneventconfiguration.html#cfn-opsworks-layer-lifecycleconfiguration-shutdowneventconfiguration-executiontimeout",
          "PrimitiveType": "Integer",
          "Required": false,
          "UpdateType": "Mutable"
        }
      }
    },
    "AWS::OpsWorks::Layer.VolumeConfiguration": {
      "Documentation": "http://docs.aws.amazon.com/AWSCloudFormation/latest/UserGuide/aws-properties-opsworks-layer-volumeconfiguration.html",
      "Properties": {
        "Encrypted": {
          "Documentation": "http://docs.aws.amazon.com/AWSCloudFormation/latest/UserGuide/aws-properties-opsworks-layer-volumeconfiguration.html#cfn-opsworks-layer-volumeconfiguration-encrypted",
          "PrimitiveType": "Boolean",
          "Required": false,
          "UpdateType": "Mutable"
        },
        "Iops": {
          "Documentation": "http://docs.aws.amazon.com/AWSCloudFormation/latest/UserGuide/aws-properties-opsworks-layer-volumeconfiguration.html#cfn-opsworks-layer-volconfig-iops",
          "PrimitiveType": "Integer",
          "Required": false,
          "UpdateType": "Mutable"
        },
        "MountPoint": {
          "Documentation": "http://docs.aws.amazon.com/AWSCloudFormation/latest/UserGuide/aws-properties-opsworks-layer-volumeconfiguration.html#cfn-opsworks-layer-volconfig-mountpoint",
          "PrimitiveType": "String",
          "Required": false,
          "UpdateType": "Mutable"
        },
        "NumberOfDisks": {
          "Documentation": "http://docs.aws.amazon.com/AWSCloudFormation/latest/UserGuide/aws-properties-opsworks-layer-volumeconfiguration.html#cfn-opsworks-layer-volconfig-numberofdisks",
          "PrimitiveType": "Integer",
          "Required": false,
          "UpdateType": "Mutable"
        },
        "RaidLevel": {
          "Documentation": "http://docs.aws.amazon.com/AWSCloudFormation/latest/UserGuide/aws-properties-opsworks-layer-volumeconfiguration.html#cfn-opsworks-layer-volconfig-raidlevel",
          "PrimitiveType": "Integer",
          "Required": false,
          "UpdateType": "Mutable"
        },
        "Size": {
          "Documentation": "http://docs.aws.amazon.com/AWSCloudFormation/latest/UserGuide/aws-properties-opsworks-layer-volumeconfiguration.html#cfn-opsworks-layer-volconfig-size",
          "PrimitiveType": "Integer",
          "Required": false,
          "UpdateType": "Mutable"
        },
        "VolumeType": {
          "Documentation": "http://docs.aws.amazon.com/AWSCloudFormation/latest/UserGuide/aws-properties-opsworks-layer-volumeconfiguration.html#cfn-opsworks-layer-volconfig-volumetype",
          "PrimitiveType": "String",
          "Required": false,
          "UpdateType": "Mutable"
        }
      }
    },
    "Tag": {
      "Documentation": "http://docs.aws.amazon.com/AWSCloudFormation/latest/UserGuide/aws-properties-resource-tags.html",
      "Properties": {
        "Key": {
          "Documentation": "http://docs.aws.amazon.com/AWSCloudFormation/latest/UserGuide/aws-properties-resource-tags.html#cfn-resource-tags-key",
          "PrimitiveType": "String",
          "Required": true,
          "UpdateType": "Mutable"
        },
        "Value": {
          "Documentation": "http://docs.aws.amazon.com/AWSCloudFormation/latest/UserGuide/aws-properties-resource-tags.html#cfn-resource-tags-value",
          "PrimitiveType": "String",
          "Required": true,
          "UpdateType": "Mutable"
        }
      }
    }
  },
  "ResourceType": {
    "AWS::OpsWorks::Layer": {
      "Documentation": "http://docs.aws.amazon.com/AWSCloudFormation/latest/UserGuide/aws-resource-opsworks-layer.html",
      "Properties": {
        "Attributes": {
          "Documentation": "http://docs.aws.amazon.com/AWSCloudFormation/latest/UserGuide/aws-resource-opsworks-layer.html#cfn-opsworks-layer-attributes",
          "DuplicatesAllowed": false,
          "PrimitiveItemType": "String",
          "Required": false,
          "Type": "Map",
          "UpdateType": "Mutable"
        },
        "AutoAssignElasticIps": {
          "Documentation": "http://docs.aws.amazon.com/AWSCloudFormation/latest/UserGuide/aws-resource-opsworks-layer.html#cfn-opsworks-layer-autoassignelasticips",
          "PrimitiveType": "Boolean",
          "Required": true,
          "UpdateType": "Mutable"
        },
        "AutoAssignPublicIps": {
          "Documentation": "http://docs.aws.amazon.com/AWSCloudFormation/latest/UserGuide/aws-resource-opsworks-layer.html#cfn-opsworks-layer-autoassignpublicips",
          "PrimitiveType": "Boolean",
          "Required": true,
          "UpdateType": "Mutable"
        },
        "CustomInstanceProfileArn": {
          "Documentation": "http://docs.aws.amazon.com/AWSCloudFormation/latest/UserGuide/aws-resource-opsworks-layer.html#cfn-opsworks-layer-custominstanceprofilearn",
          "PrimitiveType": "String",
          "Required": false,
          "UpdateType": "Mutable"
        },
        "CustomJson": {
          "Documentation": "http://docs.aws.amazon.com/AWSCloudFormation/latest/UserGuide/aws-resource-opsworks-layer.html#cfn-opsworks-layer-customjson",
          "PrimitiveType": "Json",
          "Required": false,
          "UpdateType": "Mutable"
        },
        "CustomRecipes": {
          "Documentation": "http://docs.aws.amazon.com/AWSCloudFormation/latest/UserGuide/aws-resource-opsworks-layer.html#cfn-opsworks-layer-customrecipes",
          "Required": false,
          "Type": "Recipes",
          "UpdateType": "Mutable"
        },
        "CustomSecurityGroupIds": {
          "Documentation": "http://docs.aws.amazon.com/AWSCloudFormation/latest/UserGuide/aws-resource-opsworks-layer.html#cfn-opsworks-layer-customsecuritygroupids",
          "DuplicatesAllowed": true,
          "PrimitiveItemType": "String",
          "Required": false,
          "Type": "List",
          "UpdateType": "Mutable"
        },
        "EnableAutoHealing": {
          "Documentation": "http://docs.aws.amazon.com/AWSCloudFormation/latest/UserGuide/aws-resource-opsworks-layer.html#cfn-opsworks-layer-enableautohealing",
          "PrimitiveType": "Boolean",
          "Required": true,
          "UpdateType": "Mutable"
        },
        "InstallUpdatesOnBoot": {
          "Documentation": "http://docs.aws.amazon.com/AWSCloudFormation/latest/UserGuide/aws-resource-opsworks-layer.html#cfn-opsworks-layer-installupdatesonboot",
          "PrimitiveType": "Boolean",
          "Required": false,
          "UpdateType": "Mutable"
        },
        "LifecycleEventConfiguration": {
          "Documentation": "http://docs.aws.amazon.com/AWSCloudFormation/latest/UserGuide/aws-resource-opsworks-layer.html#cfn-opsworks-layer-lifecycleeventconfiguration",
          "Required": false,
          "Type": "LifecycleEventConfiguration",
          "UpdateType": "Mutable"
        },
        "LoadBasedAutoScaling": {
          "Documentation": "http://docs.aws.amazon.com/AWSCloudFormation/latest/UserGuide/aws-resource-opsworks-layer.html#cfn-opsworks-layer-loadbasedautoscaling",
          "Required": false,
          "Type": "LoadBasedAutoScaling",
          "UpdateType": "Mutable"
        },
        "Name": {
          "Documentation": "http://docs.aws.amazon.com/AWSCloudFormation/latest/UserGuide/aws-resource-opsworks-layer.html#cfn-opsworks-layer-name",
          "PrimitiveType": "String",
          "Required": true,
          "UpdateType": "Mutable"
        },
        "Packages": {
          "Documentation": "http://docs.aws.amazon.com/AWSCloudFormation/latest/UserGuide/aws-resource-opsworks-layer.html#cfn-opsworks-layer-packages",
          "DuplicatesAllowed": true,
          "PrimitiveItemType": "String",
          "Required": false,
          "Type": "List",
          "UpdateType": "Mutable"
        },
        "Shortname": {
          "Documentation": "http://docs.aws.amazon.com/AWSCloudFormation/latest/UserGuide/aws-resource-opsworks-layer.html#cfn-opsworks-layer-shortname",
          "PrimitiveType": "String",
          "Required": true,
          "UpdateType": "Mutable"
        },
        "StackId": {
          "Documentation": "http://docs.aws.amazon.com/AWSCloudFormation/latest/UserGuide/aws-resource-opsworks-layer.html#cfn-opsworks-layer-stackid",
          "PrimitiveType": "String",
          "Required": true,
          "UpdateType": "Immutable"
        },
        "Tags": {
          "Documentation": "http://docs.aws.amazon.com/AWSCloudFormation/latest/UserGuide/aws-resource-opsworks-layer.html#cfn-opsworks-layer-tags",
          "DuplicatesAllowed": true,
          "ItemType": "Tag",
          "Required": false,
          "Type": "List",
          "UpdateType": "Mutable"
        },
        "Type": {
          "Documentation": "http://docs.aws.amazon.com/AWSCloudFormation/latest/UserGuide/aws-resource-opsworks-layer.html#cfn-opsworks-layer-type",
          "PrimitiveType": "String",
          "Required": true,
          "UpdateType": "Immutable"
        },
        "UseEbsOptimizedInstances": {
          "Documentation": "http://docs.aws.amazon.com/AWSCloudFormation/latest/UserGuide/aws-resource-opsworks-layer.html#cfn-opsworks-layer-useebsoptimizedinstances",
          "PrimitiveType": "Boolean",
          "Required": false,
          "UpdateType": "Mutable"
        },
        "VolumeConfigurations": {
          "Documentation": "http://docs.aws.amazon.com/AWSCloudFormation/latest/UserGuide/aws-resource-opsworks-layer.html#cfn-opsworks-layer-volumeconfigurations",
          "DuplicatesAllowed": true,
          "ItemType": "VolumeConfiguration",
          "Required": false,
          "Type": "List",
          "UpdateType": "Mutable"
        }
      }
    }
  },
  "ResourceSpecificationVersion": "3.0.0"
}