{
  "ResourceType": {
    "AWS::OpsWorks::UserProfile": {
      "Attributes": {
        "SshUsername": {
          "PrimitiveType": "String"
        }
      },
      "Documentation": "http://docs.aws.amazon.com/AWSCloudFormation/latest/UserGuide/aws-resource-opsworks-userprofile.html",
      "Properties": {
        "AllowSelfManagement": {
          "Documentation": "http://docs.aws.amazon.com/AWSCloudFormation/latest/UserGuide/aws-resource-opsworks-userprofile.html#cfn-opsworks-userprofile-allowselfmanagement",
          "PrimitiveType": "Boolean",
          "Required": false,
          "UpdateType": "Mutable"
        },
        "IamUserArn": {
          "Documentation": "http://docs.aws.amazon.com/AWSCloudFormation/latest/UserGuide/aws-resource-opsworks-userprofile.html#cfn-opsworks-userprofile-iamuserarn",
          "PrimitiveType": "String",
          "Required": true,
          "UpdateType": "Immutable"
        },
        "SshPublicKey": {
          "Documentation": "http://docs.aws.amazon.com/AWSCloudFormation/latest/UserGuide/aws-resource-opsworks-userprofile.html#cfn-opsworks-userprofile-sshpublickey",
          "PrimitiveType": "String",
          "Required": false,
          "UpdateType": "Mutable"
        },
        "SshUsername": {
          "Documentation": "http://docs.aws.amazon.com/AWSCloudFormation/latest/UserGuide/aws-resource-opsworks-userprofile.html#cfn-opsworks-userprofile-sshusername",
          "PrimitiveType": "String",
          "Required": false,
          "UpdateType": "Mutable"
        }
      }
    }
  },
  "ResourceSpecificationVersion": "3.0.0"
}