{
  "PropertyTypes": {
    "AWS::RDS::DBInstance.ProcessorFeature": {
      "Documentation": "http://docs.aws.amazon.com/AWSCloudFormation/latest/UserGuide/aws-properties-rds-dbinstance-processorfeature.html",
      "Properties": {
        "Name": {
          "Documentation": "http://docs.aws.amazon.com/AWSCloudFormation/latest/UserGuide/aws-properties-rds-dbinstance-processorfeature.html#cfn-rds-dbinstance-processorfeature-name",
          "PrimitiveType": "String",
          "Required": false,
          "UpdateType": "Mutable"
        },
        "Value": {
          "Documentation": "http://docs.aws.amazon.com/AWSCloudFormation/latest/UserGuide/aws-properties-rds-dbinstance-processorfeature.html#cfn-rds-dbinstance-processorfeature-value",
          "PrimitiveType": "String",
          "Required": false,
          "UpdateType": "Mutable"
        }
      }
    },
    "Tag": {
      "Documentation": "http://docs.aws.amazon.com/AWSCloudFormation/latest/UserGuide/aws-properties-resource-tags.html",
      "Properties": {
        "Key": {
          "Documentation": "http://docs.aws.amazon.com/AWSCloudFormation/latest/UserGuide/aws-properties-resource-tags.html#cfn-resource-tags-key",
          "PrimitiveType": "String",
          "Required": true,
          "UpdateType": "Mutable"
        },
        "Value": {
          "Documentation": "http://docs.aws.amazon.com/AWSCloudFormation/latest/UserGuide/aws-properties-resource-tags.html#cfn-resource-tags-value",
          "PrimitiveType": "String",
          "Required": true,
          "UpdateType": "Mutable"
        }
      }
    }
  },
  "ResourceType": {
    "AWS::RDS::DBInstance": {
      "Attributes": {
        "Endpoint.Address": {
          "PrimitiveType": "String"
        },
        "Endpoint.Port": {
          "PrimitiveType": "String"
        }
      },
      "Documentation": "http://docs.aws.amazon.com/AWSCloudFormation/latest/UserGuide/aws-properties-rds-database-instance.html",
      "Properties": {
        "AllocatedStorage": {
          "Documentation": "http://docs.aws.amazon.com/AWSCloudFormation/latest/UserGuide/aws-properties-rds-database-instance.html#cfn-rds-dbinstance-allocatedstorage",
          "PrimitiveType": "String",
          "Required": false,
          "UpdateType": "Mutable"
        },
        "AllowMajorVersionUpgrade": {
          "Documentation": "http://docs.aws.amazon.com/AWSCloudFormation/latest/UserGuide/aws-properties-rds-database-instance.html#cfn-rds-dbinstance-allowmajorversionupgrade",
          "PrimitiveType": "Boolean",
          "Required": false,
          "UpdateType": "Mutable"
        },
        "AutoMinorVersionUpgrade": {
          "Documentation": "http://docs.aws.amazon.com/AWSCloudFormation/latest/UserGuide/aws-properties-rds-database-instance.html#cfn-rds-dbinstance-autominorversionupgrade",
          "PrimitiveType": "Boolean",
          "Required": false,
          "UpdateType": "Conditional"
        },
        "AvailabilityZone": {
          "Documentation": "http://docs.aws.amazon.com/AWSCloudFormation/latest/UserGuide/aws-properties-rds-database-instance.html#cfn-rds-dbinstance-availabilityzone",
          "PrimitiveType": "String",
          "Required": false,
          "UpdateType": "Immutable"
        },
        "BackupRetentionPeriod": {
          "Documentation": "http://docs.aws.amazon.com/AWSCloudFormation/latest/UserGuide/aws-properties-rds-database-instance.html#cfn-rds-dbinstance-backupretentionperiod",
          "PrimitiveType": "String",
          "Required": false,
          "UpdateType": "Conditional"
        },
        "CharacterSetName": {
          "Documentation": "http://docs.aws.amazon.com/AWSCloudFormation/latest/UserGuide/aws-properties-rds-database-instance.html#cfn-rds-dbinstance-charactersetname",
          "PrimitiveType": "String",
          "Required": false,
          "UpdateType": "Immutable"
        },
        "CopyTagsToSnapshot": {
          "Documentation": "http://docs.aws.amazon.com/AWSCloudFormation/latest/UserGuide/aws-properties-rds-database-instance.html#cfn-rds-dbinstance-copytagstosnapshot",
          "PrimitiveType": "Boolean",
          "Required": false,
          "UpdateType": "Mutable"
        },
        "DBClusterIdentifier": {
          "Documentation": "http://docs.aws.amazon.com/AWSCloudFormation/latest/UserGuide/aws-properties-rds-database-instance.html#cfn-rds-dbinstance-dbclusteridentifier",
          "PrimitiveType": "String",
          "Required": false,
          "UpdateType": "Immutable"
        },
        "DBInstanceClass": {
          "Documentation": "http://docs.aws.amazon.com/AWSCloudFormation/latest/UserGuide/aws-properties-rds-database-instance.html#cfn-rds-dbinstance-dbinstanceclass",
          "PrimitiveType": "String",
          "Required": true,
          "UpdateType": "Mutable"
        },
        "DBInstanceIdentifier": {
          "Documentation": "http://docs.aws.amazon.com/AWSCloudFormation/latest/UserGuide/aws-properties-rds-database-instance.html#cfn-rds-dbinstance-dbinstanceidentifier",
          "PrimitiveType": "String",
          "Required": false,
          "UpdateType": "Immutable"
        },
        "DBName": {
          "Documentation": "http://docs.aws.amazon.com/AWSCloudFormation/latest/UserGuide/aws-properties-rds-database-instance.html#cfn-rds-dbinstance-dbname",
          "PrimitiveType": "String",
          "Required": false,
          "UpdateType": "Immutable"
        },
        "DBParameterGroupName": {
          "Documentation": "http://docs.aws.amazon.com/AWSCloudFormation/latest/UserGuide/aws-properties-rds-database-instance.html#cfn-rds-dbinstance-dbparametergroupname",
          "PrimitiveType": "String",
          "Required": false,
          "UpdateType": "Conditional"
        },
        "DBSecurityGroups": {
          "Documentation": "http://docs.aws.amazon.com/AWSCloudFormation/latest/UserGuide/aws-properties-rds-database-instance.html#cfn-rds-dbinstance-dbsecuritygroups",
          "DuplicatesAllowed": true,
          "PrimitiveItemType": "String",
          "Required": false,
          "Type": "List",
          "UpdateType": "Mutable"
        },
        "DBSnapshotIdentifier": {
          "Documentation": "http://docs.aws.amazon.com/AWSCloudFormation/latest/UserGuide/aws-properties-rds-database-instance.html#cfn-rds-dbinstance-dbsnapshotidentifier",
          "PrimitiveType": "String",
          "Required": false,
          "UpdateType": "Immutable"
        },
        "DBSubnetGroupName": {
          "Documentation": "http://docs.aws.amazon.com/AWSCloudFormation/latest/UserGuide/aws-properties-rds-database-instance.html#cfn-rds-dbinstance-dbsubnetgroupname",
          "PrimitiveType": "String",
          "Required": false,
          "UpdateType": "Immutable"
        },
        "DeleteAutomatedBackups": {
          "Documentation": "http://docs.aws.amazon.com/AWSCloudFormation/latest/UserGuide/aws-properties-rds-database-instance.html#cfn-rds-dbinstance-deleteautomatedbackups",
          "PrimitiveType": "Boolean",
          "Required": false,
          "UpdateType": "Mutable"
        },
        "DeletionProtection": {
          "Documentation": "http://docs.aws.amazon.com/AWSCloudFormation/latest/UserGuide/aws-properties-rds-database-instance.html#cfn-rds-dbinstance-deletionprotection",
          "PrimitiveType": "Boolean",
          "Required": false,
          "UpdateType": "Mutable"
        },
        "Domain": {
          "Documentation": "http://docs.aws.amazon.com/AWSCloudFormation/latest/UserGuide/aws-properties-rds-database-instance.html#cfn-rds-dbinstance-domain",
          "PrimitiveType": "String",
          "Required": false,
          "UpdateType": "Mutable"
        },
        "DomainIAMRoleName": {
          "Documentation": "http://docs.aws.amazon.com/AWSCloudFormation/latest/UserGuide/aws-properties-rds-database-instance.html#cfn-rds-dbinstance-domainiamrolename",
          "PrimitiveType": "String",
          "Required": false,
          "UpdateType": "Mutable"
        },
        "EnableCloudwatchLogsExports": {
          "Documentation": "http://docs.aws.amazon.com/AWSCloudFormation/latest/UserGuide/aws-properties-rds-database-instance.html#cfn-rds-dbinstance-enablecloudwatchlogsexports",
          "DuplicatesAllowed": false,
          "PrimitiveItemType": "String",
          "Required": false,
          "Type": "List",
          "UpdateType": "Mutable"
        },
        "EnableIAMDatabaseAuthentication": {
          "Documentation": "http://docs.aws.amazon.com/AWSCloudFormation/latest/UserGuide/aws-properties-rds-database-instance.html#cfn-rds-dbinstance-enableiamdatabaseauthentication",
          "PrimitiveType": "Boolean",
          "Required": false,
          "UpdateType": "Mutable"
        },
        "EnablePerformanceInsights": {
          "Documentation": "http://docs.aws.amazon.com/AWSCloudFormation/latest/UserGuide/aws-properties-rds-database-instance.html#cfn-rds-dbinstance-enableperformanceinsights",
          "PrimitiveType": "Boolean",
          "Required": false,
          "UpdateType": "Mutable"
        },
        "Engine": {
          "Documentation": "http://docs.aws.amazon.com/AWSCloudFormation/latest/UserGuide/aws-properties-rds-database-instance.html#cfn-rds-dbinstance-engine",
          "PrimitiveType": "String",
          "Required": false,
          "UpdateType": "Immutable"
        },
        "EngineVersion": {
          "Documentation": "http://docs.aws.amazon.com/AWSCloudFormation/latest/UserGuide/aws-properties-rds-database-instance.html#cfn-rds-dbinstance-engineversion",
          "PrimitiveType": "String",
          "Required": false,
          "UpdateType": "Conditional"
        },
        "Iops": {
          "Documentation": "http://docs.aws.amazon.com/AWSCloudFormation/latest/UserGuide/aws-properties-rds-database-instance.html#cfn-rds-dbinstance-iops",
          "PrimitiveType": "Integer",
          "Required": false,
          "UpdateType": "Mutable"
        },
        "KmsKeyId": {
          "Documentation": "http://docs.aws.amazon.com/AWSCloudFormation/latest/UserGuide/aws-properties-rds-database-instance.html#cfn-rds-dbinstance-kmskeyid",
          "PrimitiveType": "String",
          "Required": false,
          "UpdateType": "Immutable"
        },
        "LicenseModel": {
          "Documentation": "http://docs.aws.amazon.com/AWSCloudFormation/latest/UserGuide/aws-properties-rds-database-instance.html#cfn-rds-dbinstance-licensemodel",
          "PrimitiveType": "String",
          "Required": false,
          "UpdateType": "Mutable"
        },
        "MasterUserPassword": {
          "Documentation": "http://docs.aws.amazon.com/AWSCloudFormation/latest/UserGuide/aws-properties-rds-database-instance.html#cfn-rds-dbinstance-masteruserpassword",
          "PrimitiveType": "String",
          "Required": false,
          "UpdateType": "Mutable"
        },
        "MasterUsername": {
          "Documentation": "http://docs.aws.amazon.com/AWSCloudFormation/latest/UserGuide/aws-properties-rds-database-instance.html#cfn-rds-dbinstance-masterusername",
          "PrimitiveType": "String",
          "Required": false,
          "UpdateType": "Immutable"
        },
        "MonitoringInterval": {
          "Documentation": "http://docs.aws.amazon.com/AWSCloudFormation/latest/UserGuide/aws-properties-rds-database-instance.html#cfn-rds-dbinstance-monitoringinterval",
          "PrimitiveType": "Integer",
          "Required": false,
          "UpdateType": "Conditional"
        },
        "MonitoringRoleArn": {
          "Documentation": "http://docs.aws.amazon.com/AWSCloudFormation/latest/UserGuide/aws-properties-rds-database-instance.html#cfn-rds-dbinstance-monitoringrolearn",
          "PrimitiveType": "String",
          "Required": false,
          "UpdateType": "Mutable"
        },
        "MultiAZ": {
          "Documentation": "http://docs.aws.amazon.com/AWSCloudFormation/latest/UserGuide/aws-properties-rds-database-instance.html#cfn-rds-dbinstance-multiaz",
          "PrimitiveType": "Boolean",
          "Required": false,
          "UpdateType": "Mutable"
        },
        "OptionGroupName": {
          "Documentation": "http://docs.aws.amazon.com/AWSCloudFormation/latest/UserGuide/aws-properties-rds-database-instance.html#cfn-rds-dbinstance-optiongroupname",
          "PrimitiveType": "String",
          "Required": false,
          "UpdateType": "Mutable"
        },
        "PerformanceInsightsKMSKeyId": {
          "Documentation": "http://docs.aws.amazon.com/AWSCloudFormation/latest/UserGuide/aws-properties-rds-database-instance.html#cfn-rds-dbinstance-performanceinsightskmskeyid",
          "PrimitiveType": "String",
          "Required": false,
          "UpdateType": "Conditional"
        },
        "PerformanceInsightsRetentionPeriod": {
          "Documentation": "http://docs.aws.amazon.com/AWSCloudFormation/latest/UserGuide/aws-properties-rds-database-instance.html#cfn-rds-dbinstance-performanceinsightsretentionperiod",
          "PrimitiveType": "Integer",
          "Required": false,
          "UpdateType": "Mutable"
        },
        "Port": {
          "Documentation": "http://docs.aws.amazon.com/AWSCloudFormation/latest/UserGuide/aws-properties-rds-database-instance.html#cfn-rds-dbinstance-port",
          "PrimitiveType": "String",
          "Required": false,
          "UpdateType": "Immutable"
        },
        "PreferredBackupWindow": {
          "Documentation": "http://docs.aws.amazon.com/AWSCloudFormation/latest/UserGuide/aws-properties-rds-database-instance.html#cfn-rds-dbinstance-preferredbackupwindow",
          "PrimitiveType": "String",
          "Required": false,
          "UpdateType": "Mutable"
        },
        "PreferredMaintenanceWindow": {
          "Documentation": "http://docs.aws.amazon.com/AWSCloudFormation/latest/UserGuide/aws-properties-rds-database-instance.html#cfn-rds-dbinstance-preferredmaintenancewindow",
          "PrimitiveType": "String",
          "Required": false,
          "UpdateType": "Conditional"
        },
        "ProcessorFeatures": {
          "Documentation": "http://docs.aws.amazon.com/AWSCloudFormation/latest/UserGuide/aws-properties-rds-database-instance.html#cfn-rds-dbinstance-processorfeatures",
          "DuplicatesAllowed": false,
          "ItemType": "ProcessorFeature",
          "Required": false,
          "Type": "List",
          "UpdateType": "Mutable"
        },
        "PromotionTier": {
          "Documentation": "http://docs.aws.amazon.com/AWSCloudFormation/latest/UserGuide/aws-properties-rds-database-instance.html#cfn-rds-dbinstance-promotiontier",
          "PrimitiveType": "Integer",
          "Required": false,
          "UpdateType": "Mutable"
        },
        "PubliclyAccessible": {
          "Documentation": "http://docs.aws.amazon.com/AWSCloudFormation/latest/UserGuide/aws-properties-rds-database-instance.html#cfn-rds-dbinstance-publiclyaccessible",
          "PrimitiveType": "Boolean",
          "Required": false,
          "UpdateType": "Immutable"
        },
        "SourceDBInstanceIdentifier": {
          "Documentation": "http://docs.aws.amazon.com/AWSCloudFormation/latest/UserGuide/aws-properties-rds-database-instance.html#cfn-rds-dbinstance-sourcedbinstanceidentifier",
          "PrimitiveType": "String",
          "Required": false,
          "UpdateType": "Immutable"
        },
        "SourceRegion": {
          "Documentation": "http://docs.aws.amazon.com/AWSCloudFormation/latest/UserGuide/aws-properties-rds-database-instance.html#cfn-rds-dbinstance-sourceregion",
          "PrimitiveType": "String",
          "Required": false,
          "UpdateType": "Immutable"
        },
        "StorageEncrypted": {
          "Documentation": "http://docs.aws.amazon.com/AWSCloudFormation/latest/UserGuide/aws-properties-rds-database-instance.html#cfn-rds-dbinstance-storageencrypted",
          "PrimitiveType": "Boolean",
          "Required": false,
          "UpdateType": "Immutable"
        },
        "StorageType": {
          "Documentation": "http://docs.aws.amazon.com/AWSCloudFormation/latest/UserGuide/aws-properties-rds-database-instance.html#cfn-rds-dbinstance-storagetype",
          "PrimitiveType": "String",
          "Required": false,
          "UpdateType": "Conditional"
        },
        "Tags": {
          "Documentation": "http://docs.aws.amazon.com/AWSCloudFormation/latest/UserGuide/aws-properties-rds-database-instance.html#cfn-rds-dbinstance-tags",
          "DuplicatesAllowed": true,
          "ItemType": "Tag",
          "Required": false,
          "Type": "List",
          "UpdateType": "Mutable"
        },
        "Timezone": {
          "Documentation": "http://docs.aws.amazon.com/AWSCloudFormation/latest/UserGuide/aws-properties-rds-database-instance.html#cfn-rds-dbinstance-timezone",
          "PrimitiveType": "String",
          "Required": false,
          "UpdateType": "Immutable"
        },
        "UseDefaultProcessorFeatures": {
          "Documentation": "http://docs.aws.amazon.com/AWSCloudFormation/latest/UserGuide/aws-properties-rds-database-instance.html#cfn-rds-dbinstance-usedefaultprocessorfeatures",
          "PrimitiveType": "Boolean",
          "Required": false,
          "UpdateType": "Mutable"
        },
        "VPCSecurityGroups": {
          "Documentation": "http://docs.aws.amazon.com/AWSCloudFormation/latest/UserGuide/aws-properties-rds-database-instance.html#cfn-rds-dbinstance-vpcsecuritygroups",
          "DuplicatesAllowed": true,
          "PrimitiveItemType": "String",
          "Required": false,
          "Type": "List",
          "UpdateType": "Mutable"
        }
      }
    }
  },
  "ResourceSpecificationVersion": "3.0.0"
}