{
  "ResourceType": {
    "AWS::RDS::DBSecurityGroupIngress": {
      "Documentation": "http://docs.aws.amazon.com/AWSCloudFormation/latest/UserGuide/aws-resource-rds-security-group-ingress.html",
      "Properties": {
        "CIDRIP": {
          "Documentation": "http://docs.aws.amazon.com/AWSCloudFormation/latest/UserGuide/aws-resource-rds-security-group-ingress.html#cfn-rds-securitygroup-ingress-cidrip",
          "PrimitiveType": "String",
          "Required": false,
          "UpdateType": "Mutable"
        },
        "DBSecurityGroupName": {
          "Documentation": "http://docs.aws.amazon.com/AWSCloudFormation/latest/UserGuide/aws-resource-rds-security-group-ingress.html#cfn-rds-securitygroup-ingress-dbsecuritygroupname",
          "PrimitiveType": "String",
          "Required": true,
          "UpdateType": "Mutable"
        },
        "EC2SecurityGroupId": {
          "Documentation": "http://docs.aws.amazon.com/AWSCloudFormation/latest/UserGuide/aws-resource-rds-security-group-ingress.html#cfn-rds-securitygroup-ingress-ec2securitygroupid",
          "PrimitiveType": "String",
          "Required": false,
          "UpdateType": "Mutable"
        },
        "EC2SecurityGroupName": {
          "Documentation": "http://docs.aws.amazon.com/AWSCloudFormation/latest/UserGuide/aws-resource-rds-security-group-ingress.html#cfn-rds-securitygroup-ingress-ec2securitygroupname",
          "PrimitiveType": "String",
          "Required": false,
          "UpdateType": "Mutable"
        },
        "EC2SecurityGroupOwnerId": {
          "Documentation": "http://docs.aws.amazon.com/AWSCloudFormation/latest/UserGuide/aws-resource-rds-security-group-ingress.html#cfn-rds-securitygroup-ingress-ec2securitygroupownerid",
          "PrimitiveType": "String",
          "Required": false,
          "UpdateType": "Mutable"
        }
      }
    }
  },
  "ResourceSpecificationVersion": "3.0.0"
}