{
  "PropertyTypes": {
    "AWS::RDS::OptionGroup.OptionConfiguration": {
      "Documentation": "http://docs.aws.amazon.com/AWSCloudFormation/latest/UserGuide/aws-properties-rds-optiongroup-optionconfigurations.html",
      "Properties": {
        "DBSecurityGroupMemberships": {
          "Documentation": "http://docs.aws.amazon.com/AWSCloudFormation/latest/UserGuide/aws-properties-rds-optiongroup-optionconfigurations.html#cfn-rds-optiongroup-optionconfigurations-dbsecuritygroupmemberships",
          "DuplicatesAllowed": true,
          "PrimitiveItemType": "String",
          "Required": false,
          "Type": "List",
          "UpdateType": "Mutable"
        },
        "OptionName": {
          "Documentation": "http://docs.aws.amazon.com/AWSCloudFormation/latest/UserGuide/aws-properties-rds-optiongroup-optionconfigurations.html#cfn-rds-optiongroup-optionconfigurations-optionname",
          "PrimitiveType": "String",
          "Required": true,
          "UpdateType": "Mutable"
        },
        "OptionSettings": {
          "Documentation": "http://docs.aws.amazon.com/AWSCloudFormation/latest/UserGuide/aws-properties-rds-optiongroup-optionconfigurations.html#cfn-rds-optiongroup-optionconfigurations-optionsettings",
          "DuplicatesAllowed": false,
          "ItemType": "OptionSetting",
          "Required": false,
          "Type": "List",
          "UpdateType": "Mutable"
        },
        "OptionVersion": {
          "Documentation": "http://docs.aws.amazon.com/AWSCloudFormation/latest/UserGuide/aws-properties-rds-optiongroup-optionconfigurations.html#cfn-rds-optiongroup-optionconfiguration-optionversion",
          "PrimitiveType": "String",
          "Required": false,
          "UpdateType": "Mutable"
        },
        "Port": {
          "Documentation": "http://docs.aws.amazon.com/AWSCloudFormation/latest/UserGuide/aws-properties-rds-optiongroup-optionconfigurations.html#cfn-rds-optiongroup-optionconfigurations-port",
          "PrimitiveType": "Integer",
          "Required": false,
          "UpdateType": "Mutable"
        },
        "VpcSecurityGroupMemberships": {
          "Documentation": "http://docs.aws.amazon.com/AWSCloudFormation/latest/UserGuide/aws-properties-rds-optiongroup-optionconfigurations.html#cfn-rds-optiongroup-optionconfigurations-vpcsecuritygroupmemberships",
          "DuplicatesAllowed": true,
          "PrimitiveItemType": "String",
          "Required": false,
          "Type": "List",
          "UpdateType": "Mutable"
        }
      }
    },
    "AWS::RDS::OptionGroup.OptionSetting": {
      "Documentation": "http://docs.aws.amazon.com/AWSCloudFormation/latest/UserGuide/aws-properties-rds-optiongroup-optionconfigurations-optionsettings.html",
      "Properties": {
        "Name": {
          "Documentation": "http://docs.aws.amazon.com/AWSCloudFormation/latest/UserGuide/aws-properties-rds-optiongroup-optionconfigurations-optionsettings.html#cfn-rds-optiongroup-optionconfigurations-optionsettings-name",
          "PrimitiveType": "String",
          "Required": false,
          "UpdateType": "Mutable"
        },
        "Value": {
          "Documentation": "http://docs.aws.amazon.com/AWSCloudFormation/latest/UserGuide/aws-properties-rds-optiongroup-optionconfigurations-optionsettings.html#cfn-rds-optiongroup-optionconfigurations-optionsettings-value",
          "PrimitiveType": "String",
          "Required": false,
          "UpdateType": "Mutable"
        }
      }
    },
    "Tag": {
      "Documentation": "http://docs.aws.amazon.com/AWSCloudFormation/latest/UserGuide/aws-properties-resource-tags.html",
      "Properties": {
        "Key": {
          "Documentation": "http://docs.aws.amazon.com/AWSCloudFormation/latest/UserGuide/aws-properties-resource-tags.html#cfn-resource-tags-key",
          "PrimitiveType": "String",
          "Required": true,
          "UpdateType": "Mutable"
        },
        "Value": {
          "Documentation": "http://docs.aws.amazon.com/AWSCloudFormation/latest/UserGuide/aws-properties-resource-tags.html#cfn-resource-tags-value",
          "PrimitiveType": "String",
          "Required": true,
          "UpdateType": "Mutable"
        }
      }
    }
  },
  "ResourceType": {
    "AWS::RDS::OptionGroup": {
      "Documentation": "http://docs.aws.amazon.com/AWSCloudFormation/latest/UserGuide/aws-resource-rds-optiongroup.html",
      "Properties": {
        "EngineName": {
          "Documentation": "http://docs.aws.amazon.com/AWSCloudFormation/latest/UserGuide/aws-resource-rds-optiongroup.html#cfn-rds-optiongroup-enginename",
          "PrimitiveType": "String",
          "Required": true,
          "UpdateType": "Immutable"
        },
        "MajorEngineVersion": {
          "Documentation": "http://docs.aws.amazon.com/AWSCloudFormation/latest/UserGuide/aws-resource-rds-optiongroup.html#cfn-rds-optiongroup-majorengineversion",
          "PrimitiveType": "String",
          "Required": true,
          "UpdateType": "Immutable"
        },
        "OptionConfigurations": {
          "Documentation": "http://docs.aws.amazon.com/AWSCloudFormation/latest/UserGuide/aws-resource-rds-optiongroup.html#cfn-rds-optiongroup-optionconfigurations",
          "DuplicatesAllowed": true,
          "ItemType": "OptionConfiguration",
          "Required": true,
          "Type": "List",
          "UpdateType": "Immutable"
        },
        "OptionGroupDescription": {
          "Documentation": "http://docs.aws.amazon.com/AWSCloudFormation/latest/UserGuide/aws-resource-rds-optiongroup.html#cfn-rds-optiongroup-optiongroupdescription",
          "PrimitiveType": "String",
          "Required": true,
          "UpdateType": "Immutable"
        },
        "Tags": {
          "Documentation": "http://docs.aws.amazon.com/AWSCloudFormation/latest/UserGuide/aws-resource-rds-optiongroup.html#cfn-rds-optiongroup-tags",
          "DuplicatesAllowed": true,
          "ItemType": "Tag",
          "Required": false,
          "Type": "List",
          "UpdateType": "Mutable"
        }
      }
    }
  },
  "ResourceSpecificationVersion": "3.0.0"
}