{
  "PropertyTypes": {
    "AWS::Redshift::ClusterParameterGroup.Parameter": {
      "Documentation": "http://docs.aws.amazon.com/AWSCloudFormation/latest/UserGuide/aws-property-redshift-clusterparametergroup-parameter.html",
      "Properties": {
        "ParameterName": {
          "Documentation": "http://docs.aws.amazon.com/AWSCloudFormation/latest/UserGuide/aws-property-redshift-clusterparametergroup-parameter.html#cfn-redshift-clusterparametergroup-parameter-parametername",
          "PrimitiveType": "String",
          "Required": true,
          "UpdateType": "Mutable"
        },
        "ParameterValue": {
          "Documentation": "http://docs.aws.amazon.com/AWSCloudFormation/latest/UserGuide/aws-property-redshift-clusterparametergroup-parameter.html#cfn-redshift-clusterparametergroup-parameter-parametervalue",
          "PrimitiveType": "String",
          "Required": true,
          "UpdateType": "Mutable"
        }
      }
    },
    "Tag": {
      "Documentation": "http://docs.aws.amazon.com/AWSCloudFormation/latest/UserGuide/aws-properties-resource-tags.html",
      "Properties": {
        "Key": {
          "Documentation": "http://docs.aws.amazon.com/AWSCloudFormation/latest/UserGuide/aws-properties-resource-tags.html#cfn-resource-tags-key",
          "PrimitiveType": "String",
          "Required": true,
          "UpdateType": "Mutable"
        },
        "Value": {
          "Documentation": "http://docs.aws.amazon.com/AWSCloudFormation/latest/UserGuide/aws-properties-resource-tags.html#cfn-resource-tags-value",
          "PrimitiveType": "String",
          "Required": true,
          "UpdateType": "Mutable"
        }
      }
    }
  },
  "ResourceType": {
    "AWS::Redshift::ClusterParameterGroup": {
      "Documentation": "http://docs.aws.amazon.com/AWSCloudFormation/latest/UserGuide/aws-resource-redshift-clusterparametergroup.html",
      "Properties": {
        "Description": {
          "Documentation": "http://docs.aws.amazon.com/AWSCloudFormation/latest/UserGuide/aws-resource-redshift-clusterparametergroup.html#cfn-redshift-clusterparametergroup-description",
          "PrimitiveType": "String",
          "Required": true,
          "UpdateType": "Immutable"
        },
        "ParameterGroupFamily": {
          "Documentation": "http://docs.aws.amazon.com/AWSCloudFormation/latest/UserGuide/aws-resource-redshift-clusterparametergroup.html#cfn-redshift-clusterparametergroup-parametergroupfamily",
          "PrimitiveType": "String",
          "Required": true,
          "UpdateType": "Immutable"
        },
        "Parameters": {
          "Documentation": "http://docs.aws.amazon.com/AWSCloudFormation/latest/UserGuide/aws-resource-redshift-clusterparametergroup.html#cfn-redshift-clusterparametergroup-parameters",
          "DuplicatesAllowed": true,
          "ItemType": "Parameter",
          "Required": false,
          "Type": "List",
          "UpdateType": "Mutable"
        },
        "Tags": {
          "Documentation": "http://docs.aws.amazon.com/AWSCloudFormation/latest/UserGuide/aws-resource-redshift-clusterparametergroup.html#cfn-redshift-clusterparametergroup-tags",
          "DuplicatesAllowed": true,
          "ItemType": "Tag",
          "Required": false,
          "Type": "List",
          "UpdateType": "Mutable"
        }
      }
    }
  },
  "ResourceSpecificationVersion": "3.0.0"
}