{
  "ResourceType": {
    "AWS::Redshift::ClusterSecurityGroupIngress": {
      "Documentation": "http://docs.aws.amazon.com/AWSCloudFormation/latest/UserGuide/aws-resource-redshift-clustersecuritygroupingress.html",
      "Properties": {
        "CIDRIP": {
          "Documentation": "http://docs.aws.amazon.com/AWSCloudFormation/latest/UserGuide/aws-resource-redshift-clustersecuritygroupingress.html#cfn-redshift-clustersecuritygroupingress-cidrip",
          "PrimitiveType": "String",
          "Required": false,
          "UpdateType": "Immutable"
        },
        "ClusterSecurityGroupName": {
          "Documentation": "http://docs.aws.amazon.com/AWSCloudFormation/latest/UserGuide/aws-resource-redshift-clustersecuritygroupingress.html#cfn-redshift-clustersecuritygroupingress-clustersecuritygroupname",
          "PrimitiveType": "String",
          "Required": true,
          "UpdateType": "Immutable"
        },
        "EC2SecurityGroupName": {
          "Documentation": "http://docs.aws.amazon.com/AWSCloudFormation/latest/UserGuide/aws-resource-redshift-clustersecuritygroupingress.html#cfn-redshift-clustersecuritygroupingress-ec2securitygroupname",
          "PrimitiveType": "String",
          "Required": false,
          "UpdateType": "Immutable"
        },
        "EC2SecurityGroupOwnerId": {
          "Documentation": "http://docs.aws.amazon.com/AWSCloudFormation/latest/UserGuide/aws-resource-redshift-clustersecuritygroupingress.html#cfn-redshift-clustersecuritygroupingress-ec2securitygroupownerid",
          "PrimitiveType": "String",
          "Required": false,
          "UpdateType": "Immutable"
        }
      }
    }
  },
  "ResourceSpecificationVersion": "3.0.0"
}