{
  "PropertyTypes": {
    "AWS::RoboMaker::RobotApplication.SourceConfig": {
      "Documentation": "http://docs.aws.amazon.com/AWSCloudFormation/latest/UserGuide/aws-properties-robomaker-robotapplication-sourceconfig.html",
      "Properties": {
        "S3Bucket": {
          "Required": true,
          "Documentation": "http://docs.aws.amazon.com/AWSCloudFormation/latest/UserGuide/aws-properties-robomaker-robotapplication-sourceconfig.html#cfn-robomaker-robotapplication-sourceconfig-s3bucket",
          "PrimitiveType": "String",
          "UpdateType": "Mutable"
        },
        "Architecture": {
          "Required": true,
          "Documentation": "http://docs.aws.amazon.com/AWSCloudFormation/latest/UserGuide/aws-properties-robomaker-robotapplication-sourceconfig.html#cfn-robomaker-robotapplication-sourceconfig-architecture",
          "PrimitiveType": "String",
          "UpdateType": "Mutable"
        },
        "S3Key": {
          "Required": true,
          "Documentation": "http://docs.aws.amazon.com/AWSCloudFormation/latest/UserGuide/aws-properties-robomaker-robotapplication-sourceconfig.html#cfn-robomaker-robotapplication-sourceconfig-s3key",
          "PrimitiveType": "String",
          "UpdateType": "Mutable"
        }
      }
    },
    "AWS::RoboMaker::RobotApplication.RobotSoftwareSuite": {
      "Documentation": "http://docs.aws.amazon.com/AWSCloudFormation/latest/UserGuide/aws-properties-robomaker-robotapplication-robotsoftwaresuite.html",
      "Properties": {
        "Version": {
          "Required": true,
          "Documentation": "http://docs.aws.amazon.com/AWSCloudFormation/latest/UserGuide/aws-properties-robomaker-robotapplication-robotsoftwaresuite.html#cfn-robomaker-robotapplication-robotsoftwaresuite-version",
          "PrimitiveType": "String",
          "UpdateType": "Mutable"
        },
        "Name": {
          "Required": true,
          "Documentation": "http://docs.aws.amazon.com/AWSCloudFormation/latest/UserGuide/aws-properties-robomaker-robotapplication-robotsoftwaresuite.html#cfn-robomaker-robotapplication-robotsoftwaresuite-name",
          "PrimitiveType": "String",
          "UpdateType": "Mutable"
        }
      }
    }
  },
  "ResourceType": {
    "AWS::RoboMaker::RobotApplication": {
      "Documentation": "http://docs.aws.amazon.com/AWSCloudFormation/latest/UserGuide/aws-resource-robomaker-robotapplication.html",
      "Attributes": {
        "CurrentRevisionId": {
          "PrimitiveType": "String"
        },
        "Arn": {
          "PrimitiveType": "String"
        }
      },
      "Properties": {
        "CurrentRevisionId": {
          "Required": false,
          "Documentation": "http://docs.aws.amazon.com/AWSCloudFormation/latest/UserGuide/aws-resource-robomaker-robotapplication.html#cfn-robomaker-robotapplication-currentrevisionid",
          "PrimitiveType": "String",
          "UpdateType": "Mutable"
        },
        "RobotSoftwareSuite": {
          "Type": "RobotSoftwareSuite",
          "Required": true,
          "Documentation": "http://docs.aws.amazon.com/AWSCloudFormation/latest/UserGuide/aws-resource-robomaker-robotapplication.html#cfn-robomaker-robotapplication-robotsoftwaresuite",
          "UpdateType": "Immutable"
        },
        "Sources": {
          "Type": "List",
          "Required": true,
          "Documentation": "http://docs.aws.amazon.com/AWSCloudFormation/latest/UserGuide/aws-resource-robomaker-robotapplication.html#cfn-robomaker-robotapplication-sources",
          "ItemType": "SourceConfig",
          "UpdateType": "Mutable"
        },
        "Tags": {
          "Required": false,
          "Documentation": "http://docs.aws.amazon.com/AWSCloudFormation/latest/UserGuide/aws-resource-robomaker-robotapplication.html#cfn-robomaker-robotapplication-tags",
          "PrimitiveType": "Json",
          "UpdateType": "Mutable"
        },
        "Name": {
          "Required": false,
          "Documentation": "http://docs.aws.amazon.com/AWSCloudFormation/latest/UserGuide/aws-resource-robomaker-robotapplication.html#cfn-robomaker-robotapplication-name",
          "PrimitiveType": "String",
          "UpdateType": "Immutable"
        }
      }
    }
  },
  "ResourceSpecificationVersion": "3.0.0"
}