{
  "ResourceType": {
    "AWS::RoboMaker::SimulationApplicationVersion": {
      "Documentation": "http://docs.aws.amazon.com/AWSCloudFormation/latest/UserGuide/aws-resource-robomaker-simulationapplicationversion.html",
      "Properties": {
        "CurrentRevisionId": {
          "Required": false,
          "Documentation": "http://docs.aws.amazon.com/AWSCloudFormation/latest/UserGuide/aws-resource-robomaker-simulationapplicationversion.html#cfn-robomaker-simulationapplicationversion-currentrevisionid",
          "PrimitiveType": "String",
          "UpdateType": "Immutable"
        },
        "Application": {
          "Required": true,
          "Documentation": "http://docs.aws.amazon.com/AWSCloudFormation/latest/UserGuide/aws-resource-robomaker-simulationapplicationversion.html#cfn-robomaker-simulationapplicationversion-application",
          "PrimitiveType": "String",
          "UpdateType": "Immutable"
        }
      }
    }
  },
  "ResourceSpecificationVersion": "3.0.0"
}