{
  "PropertyTypes": {
    "AWS::RoboMaker::SimulationApplication.RenderingEngine": {
      "Documentation": "http://docs.aws.amazon.com/AWSCloudFormation/latest/UserGuide/aws-properties-robomaker-simulationapplication-renderingengine.html",
      "Properties": {
        "Version": {
          "Required": true,
          "Documentation": "http://docs.aws.amazon.com/AWSCloudFormation/latest/UserGuide/aws-properties-robomaker-simulationapplication-renderingengine.html#cfn-robomaker-simulationapplication-renderingengine-version",
          "PrimitiveType": "String",
          "UpdateType": "Mutable"
        },
        "Name": {
          "Required": true,
          "Documentation": "http://docs.aws.amazon.com/AWSCloudFormation/latest/UserGuide/aws-properties-robomaker-simulationapplication-renderingengine.html#cfn-robomaker-simulationapplication-renderingengine-name",
          "PrimitiveType": "String",
          "UpdateType": "Mutable"
        }
      }
    },
    "AWS::RoboMaker::SimulationApplication.RobotSoftwareSuite": {
      "Documentation": "http://docs.aws.amazon.com/AWSCloudFormation/latest/UserGuide/aws-properties-robomaker-simulationapplication-robotsoftwaresuite.html",
      "Properties": {
        "Version": {
          "Required": true,
          "Documentation": "http://docs.aws.amazon.com/AWSCloudFormation/latest/UserGuide/aws-properties-robomaker-simulationapplication-robotsoftwaresuite.html#cfn-robomaker-simulationapplication-robotsoftwaresuite-version",
          "PrimitiveType": "String",
          "UpdateType": "Mutable"
        },
        "Name": {
          "Required": true,
          "Documentation": "http://docs.aws.amazon.com/AWSCloudFormation/latest/UserGuide/aws-properties-robomaker-simulationapplication-robotsoftwaresuite.html#cfn-robomaker-simulationapplication-robotsoftwaresuite-name",
          "PrimitiveType": "String",
          "UpdateType": "Mutable"
        }
      }
    },
    "AWS::RoboMaker::SimulationApplication.SimulationSoftwareSuite": {
      "Documentation": "http://docs.aws.amazon.com/AWSCloudFormation/latest/UserGuide/aws-properties-robomaker-simulationapplication-simulationsoftwaresuite.html",
      "Properties": {
        "Version": {
          "Required": true,
          "Documentation": "http://docs.aws.amazon.com/AWSCloudFormation/latest/UserGuide/aws-properties-robomaker-simulationapplication-simulationsoftwaresuite.html#cfn-robomaker-simulationapplication-simulationsoftwaresuite-version",
          "PrimitiveType": "String",
          "UpdateType": "Mutable"
        },
        "Name": {
          "Required": true,
          "Documentation": "http://docs.aws.amazon.com/AWSCloudFormation/latest/UserGuide/aws-properties-robomaker-simulationapplication-simulationsoftwaresuite.html#cfn-robomaker-simulationapplication-simulationsoftwaresuite-name",
          "PrimitiveType": "String",
          "UpdateType": "Mutable"
        }
      }
    },
    "AWS::RoboMaker::SimulationApplication.SourceConfig": {
      "Documentation": "http://docs.aws.amazon.com/AWSCloudFormation/latest/UserGuide/aws-properties-robomaker-simulationapplication-sourceconfig.html",
      "Properties": {
        "S3Bucket": {
          "Required": true,
          "Documentation": "http://docs.aws.amazon.com/AWSCloudFormation/latest/UserGuide/aws-properties-robomaker-simulationapplication-sourceconfig.html#cfn-robomaker-simulationapplication-sourceconfig-s3bucket",
          "PrimitiveType": "String",
          "UpdateType": "Mutable"
        },
        "Architecture": {
          "Required": true,
          "Documentation": "http://docs.aws.amazon.com/AWSCloudFormation/latest/UserGuide/aws-properties-robomaker-simulationapplication-sourceconfig.html#cfn-robomaker-simulationapplication-sourceconfig-architecture",
          "PrimitiveType": "String",
          "UpdateType": "Mutable"
        },
        "S3Key": {
          "Required": true,
          "Documentation": "http://docs.aws.amazon.com/AWSCloudFormation/latest/UserGuide/aws-properties-robomaker-simulationapplication-sourceconfig.html#cfn-robomaker-simulationapplication-sourceconfig-s3key",
          "PrimitiveType": "String",
          "UpdateType": "Mutable"
        }
      }
    }
  },
  "ResourceType": {
    "AWS::RoboMaker::SimulationApplication": {
      "Documentation": "http://docs.aws.amazon.com/AWSCloudFormation/latest/UserGuide/aws-resource-robomaker-simulationapplication.html",
      "Attributes": {
        "CurrentRevisionId": {
          "PrimitiveType": "String"
        },
        "Arn": {
          "PrimitiveType": "String"
        }
      },
      "Properties": {
        "RenderingEngine": {
          "Type": "RenderingEngine",
          "Required": true,
          "Documentation": "http://docs.aws.amazon.com/AWSCloudFormation/latest/UserGuide/aws-resource-robomaker-simulationapplication.html#cfn-robomaker-simulationapplication-renderingengine",
          "UpdateType": "Immutable"
        },
        "SimulationSoftwareSuite": {
          "Type": "SimulationSoftwareSuite",
          "Required": true,
          "Documentation": "http://docs.aws.amazon.com/AWSCloudFormation/latest/UserGuide/aws-resource-robomaker-simulationapplication.html#cfn-robomaker-simulationapplication-simulationsoftwaresuite",
          "UpdateType": "Immutable"
        },
        "CurrentRevisionId": {
          "Required": false,
          "Documentation": "http://docs.aws.amazon.com/AWSCloudFormation/latest/UserGuide/aws-resource-robomaker-simulationapplication.html#cfn-robomaker-simulationapplication-currentrevisionid",
          "PrimitiveType": "String",
          "UpdateType": "Mutable"
        },
        "RobotSoftwareSuite": {
          "Type": "RobotSoftwareSuite",
          "Required": true,
          "Documentation": "http://docs.aws.amazon.com/AWSCloudFormation/latest/UserGuide/aws-resource-robomaker-simulationapplication.html#cfn-robomaker-simulationapplication-robotsoftwaresuite",
          "UpdateType": "Immutable"
        },
        "Sources": {
          "Type": "List",
          "Required": true,
          "Documentation": "http://docs.aws.amazon.com/AWSCloudFormation/latest/UserGuide/aws-resource-robomaker-simulationapplication.html#cfn-robomaker-simulationapplication-sources",
          "ItemType": "SourceConfig",
          "UpdateType": "Mutable"
        },
        "Tags": {
          "Required": false,
          "Documentation": "http://docs.aws.amazon.com/AWSCloudFormation/latest/UserGuide/aws-resource-robomaker-simulationapplication.html#cfn-robomaker-simulationapplication-tags",
          "PrimitiveType": "Json",
          "UpdateType": "Mutable"
        },
        "Name": {
          "Required": false,
          "Documentation": "http://docs.aws.amazon.com/AWSCloudFormation/latest/UserGuide/aws-resource-robomaker-simulationapplication.html#cfn-robomaker-simulationapplication-name",
          "PrimitiveType": "String",
          "UpdateType": "Immutable"
        }
      }
    }
  },
  "ResourceSpecificationVersion": "3.0.0"
}