{
  "ResourceType": {
    "AWS::RoboMaker::Robot": {
      "Documentation": "http://docs.aws.amazon.com/AWSCloudFormation/latest/UserGuide/aws-resource-robomaker-robot.html",
      "Properties": {
        "Fleet": {
          "Required": false,
          "Documentation": "http://docs.aws.amazon.com/AWSCloudFormation/latest/UserGuide/aws-resource-robomaker-robot.html#cfn-robomaker-robot-fleet",
          "PrimitiveType": "String",
          "UpdateType": "Immutable"
        },
        "Architecture": {
          "Required": true,
          "Documentation": "http://docs.aws.amazon.com/AWSCloudFormation/latest/UserGuide/aws-resource-robomaker-robot.html#cfn-robomaker-robot-architecture",
          "PrimitiveType": "String",
          "UpdateType": "Immutable"
        },
        "GreengrassGroupId": {
          "Required": true,
          "Documentation": "http://docs.aws.amazon.com/AWSCloudFormation/latest/UserGuide/aws-resource-robomaker-robot.html#cfn-robomaker-robot-greengrassgroupid",
          "PrimitiveType": "String",
          "UpdateType": "Immutable"
        },
        "Tags": {
          "Required": false,
          "Documentation": "http://docs.aws.amazon.com/AWSCloudFormation/latest/UserGuide/aws-resource-robomaker-robot.html#cfn-robomaker-robot-tags",
          "PrimitiveType": "Json",
          "UpdateType": "Mutable"
        },
        "Name": {
          "Required": false,
          "Documentation": "http://docs.aws.amazon.com/AWSCloudFormation/latest/UserGuide/aws-resource-robomaker-robot.html#cfn-robomaker-robot-name",
          "PrimitiveType": "String",
          "UpdateType": "Immutable"
        }
      }
    }
  },
  "ResourceSpecificationVersion": "3.0.0"
}