{
  "ResourceType": {
    "AWS::RoboMaker::Fleet": {
      "Documentation": "http://docs.aws.amazon.com/AWSCloudFormation/latest/UserGuide/aws-resource-robomaker-fleet.html",
      "Attributes": {
        "Arn": {
          "PrimitiveType": "String"
        }
      },
      "Properties": {
        "Tags": {
          "Required": false,
          "Documentation": "http://docs.aws.amazon.com/AWSCloudFormation/latest/UserGuide/aws-resource-robomaker-fleet.html#cfn-robomaker-fleet-tags",
          "PrimitiveType": "Json",
          "UpdateType": "Mutable"
        },
        "Name": {
          "Required": false,
          "Documentation": "http://docs.aws.amazon.com/AWSCloudFormation/latest/UserGuide/aws-resource-robomaker-fleet.html#cfn-robomaker-fleet-name",
          "PrimitiveType": "String",
          "UpdateType": "Immutable"
        }
      }
    }
  },
  "ResourceSpecificationVersion": "3.0.0"
}