{
  "PropertyTypes": {
    "AWS::Route53Resolver::ResolverRule.TargetAddress": {
      "Documentation": "http://docs.aws.amazon.com/AWSCloudFormation/latest/UserGuide/aws-properties-route53resolver-resolverrule-targetaddress.html",
      "Properties": {
        "Ip": {
          "Required": true,
          "Documentation": "http://docs.aws.amazon.com/AWSCloudFormation/latest/UserGuide/aws-properties-route53resolver-resolverrule-targetaddress.html#cfn-route53resolver-resolverrule-targetaddress-ip",
          "PrimitiveType": "String",
          "UpdateType": "Mutable"
        },
        "Port": {
          "Required": true,
          "Documentation": "http://docs.aws.amazon.com/AWSCloudFormation/latest/UserGuide/aws-properties-route53resolver-resolverrule-targetaddress.html#cfn-route53resolver-resolverrule-targetaddress-port",
          "PrimitiveType": "String",
          "UpdateType": "Mutable"
        }
      }
    },
    "Tag": {
      "Documentation": "http://docs.aws.amazon.com/AWSCloudFormation/latest/UserGuide/aws-properties-route53resolver-resolverrule-tag.html",
      "Properties": {
        "Value": {
          "Required": true,
          "Documentation": "http://docs.aws.amazon.com/AWSCloudFormation/latest/UserGuide/aws-properties-route53resolver-resolverrule-tag.html#cfn-route53resolver-resolverrule-tag-value",
          "PrimitiveType": "String",
          "UpdateType": "Mutable"
        },
        "Key": {
          "Required": true,
          "Documentation": "http://docs.aws.amazon.com/AWSCloudFormation/latest/UserGuide/aws-properties-route53resolver-resolverrule-tag.html#cfn-route53resolver-resolverrule-tag-key",
          "PrimitiveType": "String",
          "UpdateType": "Mutable"
        }
      }
    }
  },
  "ResourceType": {
    "AWS::Route53Resolver::ResolverRule": {
      "Documentation": "http://docs.aws.amazon.com/AWSCloudFormation/latest/UserGuide/aws-resource-route53resolver-resolverrule.html",
      "Attributes": {
        "ResolverEndpointId": {
          "PrimitiveType": "String"
        },
        "DomainName": {
          "PrimitiveType": "String"
        },
        "ResolverRuleId": {
          "PrimitiveType": "String"
        },
        "Arn": {
          "PrimitiveType": "String"
        },
        "TargetIps": {
          "PrimitiveType": "String"
        },
        "Name": {
          "PrimitiveType": "String"
        }
      },
      "Properties": {
        "ResolverEndpointId": {
          "Required": false,
          "Documentation": "http://docs.aws.amazon.com/AWSCloudFormation/latest/UserGuide/aws-resource-route53resolver-resolverrule.html#cfn-route53resolver-resolverrule-resolverendpointid",
          "PrimitiveType": "String",
          "UpdateType": "Mutable"
        },
        "DomainName": {
          "Required": true,
          "Documentation": "http://docs.aws.amazon.com/AWSCloudFormation/latest/UserGuide/aws-resource-route53resolver-resolverrule.html#cfn-route53resolver-resolverrule-domainname",
          "PrimitiveType": "String",
          "UpdateType": "Immutable"
        },
        "RuleType": {
          "Required": true,
          "Documentation": "http://docs.aws.amazon.com/AWSCloudFormation/latest/UserGuide/aws-resource-route53resolver-resolverrule.html#cfn-route53resolver-resolverrule-ruletype",
          "PrimitiveType": "String",
          "UpdateType": "Immutable"
        },
        "TargetIps": {
          "Type": "List",
          "Required": false,
          "Documentation": "http://docs.aws.amazon.com/AWSCloudFormation/latest/UserGuide/aws-resource-route53resolver-resolverrule.html#cfn-route53resolver-resolverrule-targetips",
          "ItemType": "TargetAddress",
          "UpdateType": "Mutable"
        },
        "Tags": {
          "Type": "List",
          "Required": false,
          "Documentation": "http://docs.aws.amazon.com/AWSCloudFormation/latest/UserGuide/aws-resource-route53resolver-resolverrule.html#cfn-route53resolver-resolverrule-tags",
          "ItemType": "Tag",
          "UpdateType": "Mutable"
        },
        "Name": {
          "Required": false,
          "Documentation": "http://docs.aws.amazon.com/AWSCloudFormation/latest/UserGuide/aws-resource-route53resolver-resolverrule.html#cfn-route53resolver-resolverrule-name",
          "PrimitiveType": "String",
          "UpdateType": "Mutable"
        }
      }
    }
  },
  "ResourceSpecificationVersion": "3.0.0"
}