{
  "PropertyTypes": {
    "AWS::Route53::HealthCheck.AlarmIdentifier": {
      "Documentation": "http://docs.aws.amazon.com/AWSCloudFormation/latest/UserGuide/aws-properties-route53-healthcheck-alarmidentifier.html",
      "Properties": {
        "Name": {
          "Documentation": "http://docs.aws.amazon.com/AWSCloudFormation/latest/UserGuide/aws-properties-route53-healthcheck-alarmidentifier.html#cfn-route53-healthcheck-alarmidentifier-name",
          "PrimitiveType": "String",
          "Required": true,
          "UpdateType": "Mutable"
        },
        "Region": {
          "Documentation": "http://docs.aws.amazon.com/AWSCloudFormation/latest/UserGuide/aws-properties-route53-healthcheck-alarmidentifier.html#cfn-route53-healthcheck-alarmidentifier-region",
          "PrimitiveType": "String",
          "Required": true,
          "UpdateType": "Mutable"
        }
      }
    },
    "AWS::Route53::HealthCheck.HealthCheckConfig": {
      "Documentation": "http://docs.aws.amazon.com/AWSCloudFormation/latest/UserGuide/aws-properties-route53-healthcheck-healthcheckconfig.html",
      "Properties": {
        "AlarmIdentifier": {
          "Documentation": "http://docs.aws.amazon.com/AWSCloudFormation/latest/UserGuide/aws-properties-route53-healthcheck-healthcheckconfig.html#cfn-route53-healthcheck-healthcheckconfig-alarmidentifier",
          "Required": false,
          "Type": "AlarmIdentifier",
          "UpdateType": "Mutable"
        },
        "ChildHealthChecks": {
          "Documentation": "http://docs.aws.amazon.com/AWSCloudFormation/latest/UserGuide/aws-properties-route53-healthcheck-healthcheckconfig.html#cfn-route53-healthcheck-healthcheckconfig-childhealthchecks",
          "DuplicatesAllowed": false,
          "PrimitiveItemType": "String",
          "Required": false,
          "Type": "List",
          "UpdateType": "Mutable"
        },
        "EnableSNI": {
          "Documentation": "http://docs.aws.amazon.com/AWSCloudFormation/latest/UserGuide/aws-properties-route53-healthcheck-healthcheckconfig.html#cfn-route53-healthcheck-healthcheckconfig-enablesni",
          "PrimitiveType": "Boolean",
          "Required": false,
          "UpdateType": "Mutable"
        },
        "FailureThreshold": {
          "Documentation": "http://docs.aws.amazon.com/AWSCloudFormation/latest/UserGuide/aws-properties-route53-healthcheck-healthcheckconfig.html#cfn-route53-healthcheck-healthcheckconfig-failurethreshold",
          "PrimitiveType": "Integer",
          "Required": false,
          "UpdateType": "Mutable"
        },
        "FullyQualifiedDomainName": {
          "Documentation": "http://docs.aws.amazon.com/AWSCloudFormation/latest/UserGuide/aws-properties-route53-healthcheck-healthcheckconfig.html#cfn-route53-healthcheck-healthcheckconfig-fullyqualifieddomainname",
          "PrimitiveType": "String",
          "Required": false,
          "UpdateType": "Mutable"
        },
        "HealthThreshold": {
          "Documentation": "http://docs.aws.amazon.com/AWSCloudFormation/latest/UserGuide/aws-properties-route53-healthcheck-healthcheckconfig.html#cfn-route53-healthcheck-healthcheckconfig-healththreshold",
          "PrimitiveType": "Integer",
          "Required": false,
          "UpdateType": "Mutable"
        },
        "IPAddress": {
          "Documentation": "http://docs.aws.amazon.com/AWSCloudFormation/latest/UserGuide/aws-properties-route53-healthcheck-healthcheckconfig.html#cfn-route53-healthcheck-healthcheckconfig-ipaddress",
          "PrimitiveType": "String",
          "Required": false,
          "UpdateType": "Mutable"
        },
        "InsufficientDataHealthStatus": {
          "Documentation": "http://docs.aws.amazon.com/AWSCloudFormation/latest/UserGuide/aws-properties-route53-healthcheck-healthcheckconfig.html#cfn-route53-healthcheck-healthcheckconfig-insufficientdatahealthstatus",
          "PrimitiveType": "String",
          "Required": false,
          "UpdateType": "Mutable"
        },
        "Inverted": {
          "Documentation": "http://docs.aws.amazon.com/AWSCloudFormation/latest/UserGuide/aws-properties-route53-healthcheck-healthcheckconfig.html#cfn-route53-healthcheck-healthcheckconfig-inverted",
          "PrimitiveType": "Boolean",
          "Required": false,
          "UpdateType": "Mutable"
        },
        "MeasureLatency": {
          "Documentation": "http://docs.aws.amazon.com/AWSCloudFormation/latest/UserGuide/aws-properties-route53-healthcheck-healthcheckconfig.html#cfn-route53-healthcheck-healthcheckconfig-measurelatency",
          "PrimitiveType": "Boolean",
          "Required": false,
          "UpdateType": "Immutable"
        },
        "Port": {
          "Documentation": "http://docs.aws.amazon.com/AWSCloudFormation/latest/UserGuide/aws-properties-route53-healthcheck-healthcheckconfig.html#cfn-route53-healthcheck-healthcheckconfig-port",
          "PrimitiveType": "Integer",
          "Required": false,
          "UpdateType": "Mutable"
        },
        "Regions": {
          "Documentation": "http://docs.aws.amazon.com/AWSCloudFormation/latest/UserGuide/aws-properties-route53-healthcheck-healthcheckconfig.html#cfn-route53-healthcheck-healthcheckconfig-regions",
          "DuplicatesAllowed": false,
          "PrimitiveItemType": "String",
          "Required": false,
          "Type": "List",
          "UpdateType": "Mutable"
        },
        "RequestInterval": {
          "Documentation": "http://docs.aws.amazon.com/AWSCloudFormation/latest/UserGuide/aws-properties-route53-healthcheck-healthcheckconfig.html#cfn-route53-healthcheck-healthcheckconfig-requestinterval",
          "PrimitiveType": "Integer",
          "Required": false,
          "UpdateType": "Immutable"
        },
        "ResourcePath": {
          "Documentation": "http://docs.aws.amazon.com/AWSCloudFormation/latest/UserGuide/aws-properties-route53-healthcheck-healthcheckconfig.html#cfn-route53-healthcheck-healthcheckconfig-resourcepath",
          "PrimitiveType": "String",
          "Required": false,
          "UpdateType": "Mutable"
        },
        "SearchString": {
          "Documentation": "http://docs.aws.amazon.com/AWSCloudFormation/latest/UserGuide/aws-properties-route53-healthcheck-healthcheckconfig.html#cfn-route53-healthcheck-healthcheckconfig-searchstring",
          "PrimitiveType": "String",
          "Required": false,
          "UpdateType": "Mutable"
        },
        "Type": {
          "Documentation": "http://docs.aws.amazon.com/AWSCloudFormation/latest/UserGuide/aws-properties-route53-healthcheck-healthcheckconfig.html#cfn-route53-healthcheck-healthcheckconfig-type",
          "PrimitiveType": "String",
          "Required": true,
          "UpdateType": "Immutable"
        }
      }
    },
    "AWS::Route53::HealthCheck.HealthCheckTag": {
      "Documentation": "http://docs.aws.amazon.com/AWSCloudFormation/latest/UserGuide/aws-properties-route53-healthcheck-healthchecktag.html",
      "Properties": {
        "Key": {
          "Documentation": "http://docs.aws.amazon.com/AWSCloudFormation/latest/UserGuide/aws-properties-route53-healthcheck-healthchecktag.html#cfn-route53-healthchecktags-key",
          "PrimitiveType": "String",
          "Required": true,
          "UpdateType": "Mutable"
        },
        "Value": {
          "Documentation": "http://docs.aws.amazon.com/AWSCloudFormation/latest/UserGuide/aws-properties-route53-healthcheck-healthchecktag.html#cfn-route53-healthchecktags-value",
          "PrimitiveType": "String",
          "Required": true,
          "UpdateType": "Mutable"
        }
      }
    }
  },
  "ResourceType": {
    "AWS::Route53::HealthCheck": {
      "Documentation": "http://docs.aws.amazon.com/AWSCloudFormation/latest/UserGuide/aws-resource-route53-healthcheck.html",
      "Properties": {
        "HealthCheckConfig": {
          "Documentation": "http://docs.aws.amazon.com/AWSCloudFormation/latest/UserGuide/aws-resource-route53-healthcheck.html#cfn-route53-healthcheck-healthcheckconfig",
          "Required": true,
          "Type": "HealthCheckConfig",
          "UpdateType": "Mutable"
        },
        "HealthCheckTags": {
          "Documentation": "http://docs.aws.amazon.com/AWSCloudFormation/latest/UserGuide/aws-resource-route53-healthcheck.html#cfn-route53-healthcheck-healthchecktags",
          "DuplicatesAllowed": true,
          "ItemType": "HealthCheckTag",
          "Required": false,
          "Type": "List",
          "UpdateType": "Mutable"
        }
      }
    }
  },
  "ResourceSpecificationVersion": "3.0.0"
}