{
  "PropertyTypes": {
    "AWS::Route53Resolver::ResolverEndpoint.IpAddressRequest": {
      "Documentation": "http://docs.aws.amazon.com/AWSCloudFormation/latest/UserGuide/aws-properties-route53resolver-resolverendpoint-ipaddressrequest.html",
      "Properties": {
        "Ip": {
          "Required": false,
          "Documentation": "http://docs.aws.amazon.com/AWSCloudFormation/latest/UserGuide/aws-properties-route53resolver-resolverendpoint-ipaddressrequest.html#cfn-route53resolver-resolverendpoint-ipaddressrequest-ip",
          "PrimitiveType": "String",
          "UpdateType": "Mutable"
        },
        "SubnetId": {
          "Required": true,
          "Documentation": "http://docs.aws.amazon.com/AWSCloudFormation/latest/UserGuide/aws-properties-route53resolver-resolverendpoint-ipaddressrequest.html#cfn-route53resolver-resolverendpoint-ipaddressrequest-subnetid",
          "PrimitiveType": "String",
          "UpdateType": "Mutable"
        }
      }
    },
    "Tag": {
      "Documentation": "http://docs.aws.amazon.com/AWSCloudFormation/latest/UserGuide/aws-properties-route53resolver-resolverendpoint-tag.html",
      "Properties": {
        "Value": {
          "Required": true,
          "Documentation": "http://docs.aws.amazon.com/AWSCloudFormation/latest/UserGuide/aws-properties-route53resolver-resolverendpoint-tag.html#cfn-route53resolver-resolverendpoint-tag-value",
          "PrimitiveType": "String",
          "UpdateType": "Mutable"
        },
        "Key": {
          "Required": true,
          "Documentation": "http://docs.aws.amazon.com/AWSCloudFormation/latest/UserGuide/aws-properties-route53resolver-resolverendpoint-tag.html#cfn-route53resolver-resolverendpoint-tag-key",
          "PrimitiveType": "String",
          "UpdateType": "Mutable"
        }
      }
    }
  },
  "ResourceType": {
    "AWS::Route53Resolver::ResolverEndpoint": {
      "Documentation": "http://docs.aws.amazon.com/AWSCloudFormation/latest/UserGuide/aws-resource-route53resolver-resolverendpoint.html",
      "Attributes": {
        "ResolverEndpointId": {
          "PrimitiveType": "String"
        },
        "IpAddressCount": {
          "PrimitiveType": "String"
        },
        "Arn": {
          "PrimitiveType": "String"
        },
        "Direction": {
          "PrimitiveType": "String"
        },
        "HostVPCId": {
          "PrimitiveType": "String"
        },
        "Name": {
          "PrimitiveType": "String"
        }
      },
      "Properties": {
        "IpAddresses": {
          "Type": "List",
          "Required": true,
          "Documentation": "http://docs.aws.amazon.com/AWSCloudFormation/latest/UserGuide/aws-resource-route53resolver-resolverendpoint.html#cfn-route53resolver-resolverendpoint-ipaddresses",
          "ItemType": "IpAddressRequest",
          "UpdateType": "Mutable"
        },
        "Direction": {
          "Required": true,
          "Documentation": "http://docs.aws.amazon.com/AWSCloudFormation/latest/UserGuide/aws-resource-route53resolver-resolverendpoint.html#cfn-route53resolver-resolverendpoint-direction",
          "PrimitiveType": "String",
          "UpdateType": "Immutable"
        },
        "SecurityGroupIds": {
          "PrimitiveItemType": "String",
          "Type": "List",
          "Required": true,
          "Documentation": "http://docs.aws.amazon.com/AWSCloudFormation/latest/UserGuide/aws-resource-route53resolver-resolverendpoint.html#cfn-route53resolver-resolverendpoint-securitygroupids",
          "UpdateType": "Immutable"
        },
        "Tags": {
          "Type": "List",
          "Required": false,
          "Documentation": "http://docs.aws.amazon.com/AWSCloudFormation/latest/UserGuide/aws-resource-route53resolver-resolverendpoint.html#cfn-route53resolver-resolverendpoint-tags",
          "ItemType": "Tag",
          "UpdateType": "Mutable"
        },
        "Name": {
          "Required": false,
          "Documentation": "http://docs.aws.amazon.com/AWSCloudFormation/latest/UserGuide/aws-resource-route53resolver-resolverendpoint.html#cfn-route53resolver-resolverendpoint-name",
          "PrimitiveType": "String",
          "UpdateType": "Mutable"
        }
      }
    }
  },
  "ResourceSpecificationVersion": "3.0.0"
}