{
  "ResourceType": {
    "AWS::Route53Resolver::ResolverRuleAssociation": {
      "Documentation": "http://docs.aws.amazon.com/AWSCloudFormation/latest/UserGuide/aws-resource-route53resolver-resolverruleassociation.html",
      "Attributes": {
        "VPCId": {
          "PrimitiveType": "String"
        },
        "ResolverRuleId": {
          "PrimitiveType": "String"
        },
        "ResolverRuleAssociationId": {
          "PrimitiveType": "String"
        },
        "Name": {
          "PrimitiveType": "String"
        }
      },
      "Properties": {
        "VPCId": {
          "Required": true,
          "Documentation": "http://docs.aws.amazon.com/AWSCloudFormation/latest/UserGuide/aws-resource-route53resolver-resolverruleassociation.html#cfn-route53resolver-resolverruleassociation-vpcid",
          "PrimitiveType": "String",
          "UpdateType": "Immutable"
        },
        "ResolverRuleId": {
          "Required": true,
          "Documentation": "http://docs.aws.amazon.com/AWSCloudFormation/latest/UserGuide/aws-resource-route53resolver-resolverruleassociation.html#cfn-route53resolver-resolverruleassociation-resolverruleid",
          "PrimitiveType": "String",
          "UpdateType": "Immutable"
        },
        "Name": {
          "Required": false,
          "Documentation": "http://docs.aws.amazon.com/AWSCloudFormation/latest/UserGuide/aws-resource-route53resolver-resolverruleassociation.html#cfn-route53resolver-resolverruleassociation-name",
          "PrimitiveType": "String",
          "UpdateType": "Immutable"
        }
      }
    }
  },
  "ResourceSpecificationVersion": "3.0.0"
}