{
  "PropertyTypes": {
    "AWS::Route53::HostedZone.HostedZoneConfig": {
      "Documentation": "http://docs.aws.amazon.com/AWSCloudFormation/latest/UserGuide/aws-properties-route53-hostedzone-hostedzoneconfig.html",
      "Properties": {
        "Comment": {
          "Documentation": "http://docs.aws.amazon.com/AWSCloudFormation/latest/UserGuide/aws-properties-route53-hostedzone-hostedzoneconfig.html#cfn-route53-hostedzone-hostedzoneconfig-comment",
          "PrimitiveType": "String",
          "Required": false,
          "UpdateType": "Mutable"
        }
      }
    },
    "AWS::Route53::HostedZone.HostedZoneTag": {
      "Documentation": "http://docs.aws.amazon.com/AWSCloudFormation/latest/UserGuide/aws-properties-route53-hostedzone-hostedzonetags.html",
      "Properties": {
        "Key": {
          "Documentation": "http://docs.aws.amazon.com/AWSCloudFormation/latest/UserGuide/aws-properties-route53-hostedzone-hostedzonetags.html#cfn-route53-hostedzonetags-key",
          "PrimitiveType": "String",
          "Required": true,
          "UpdateType": "Mutable"
        },
        "Value": {
          "Documentation": "http://docs.aws.amazon.com/AWSCloudFormation/latest/UserGuide/aws-properties-route53-hostedzone-hostedzonetags.html#cfn-route53-hostedzonetags-value",
          "PrimitiveType": "String",
          "Required": true,
          "UpdateType": "Mutable"
        }
      }
    },
    "AWS::Route53::HostedZone.QueryLoggingConfig": {
      "Documentation": "http://docs.aws.amazon.com/AWSCloudFormation/latest/UserGuide/aws-properties-route53-hostedzone-queryloggingconfig.html",
      "Properties": {
        "CloudWatchLogsLogGroupArn": {
          "Documentation": "http://docs.aws.amazon.com/AWSCloudFormation/latest/UserGuide/aws-properties-route53-hostedzone-queryloggingconfig.html#cfn-route53-hostedzone-queryloggingconfig-cloudwatchlogsloggrouparn",
          "PrimitiveType": "String",
          "Required": true,
          "UpdateType": "Mutable"
        }
      }
    },
    "AWS::Route53::HostedZone.VPC": {
      "Documentation": "http://docs.aws.amazon.com/AWSCloudFormation/latest/UserGuide/aws-resource-route53-hostedzone-hostedzonevpcs.html",
      "Properties": {
        "VPCId": {
          "Documentation": "http://docs.aws.amazon.com/AWSCloudFormation/latest/UserGuide/aws-resource-route53-hostedzone-hostedzonevpcs.html#cfn-route53-hostedzone-hostedzonevpcs-vpcid",
          "PrimitiveType": "String",
          "Required": true,
          "UpdateType": "Mutable"
        },
        "VPCRegion": {
          "Documentation": "http://docs.aws.amazon.com/AWSCloudFormation/latest/UserGuide/aws-resource-route53-hostedzone-hostedzonevpcs.html#cfn-route53-hostedzone-hostedzonevpcs-vpcregion",
          "PrimitiveType": "String",
          "Required": true,
          "UpdateType": "Mutable"
        }
      }
    }
  },
  "ResourceType": {
    "AWS::Route53::HostedZone": {
      "Attributes": {
        "NameServers": {
          "PrimitiveItemType": "String",
          "Type": "List"
        }
      },
      "Documentation": "http://docs.aws.amazon.com/AWSCloudFormation/latest/UserGuide/aws-resource-route53-hostedzone.html",
      "Properties": {
        "HostedZoneConfig": {
          "Documentation": "http://docs.aws.amazon.com/AWSCloudFormation/latest/UserGuide/aws-resource-route53-hostedzone.html#cfn-route53-hostedzone-hostedzoneconfig",
          "Required": false,
          "Type": "HostedZoneConfig",
          "UpdateType": "Mutable"
        },
        "HostedZoneTags": {
          "Documentation": "http://docs.aws.amazon.com/AWSCloudFormation/latest/UserGuide/aws-resource-route53-hostedzone.html#cfn-route53-hostedzone-hostedzonetags",
          "DuplicatesAllowed": true,
          "ItemType": "HostedZoneTag",
          "Required": false,
          "Type": "List",
          "UpdateType": "Mutable"
        },
        "Name": {
          "Documentation": "http://docs.aws.amazon.com/AWSCloudFormation/latest/UserGuide/aws-resource-route53-hostedzone.html#cfn-route53-hostedzone-name",
          "PrimitiveType": "String",
          "Required": true,
          "UpdateType": "Immutable"
        },
        "QueryLoggingConfig": {
          "Documentation": "http://docs.aws.amazon.com/AWSCloudFormation/latest/UserGuide/aws-resource-route53-hostedzone.html#cfn-route53-hostedzone-queryloggingconfig",
          "Required": false,
          "Type": "QueryLoggingConfig",
          "UpdateType": "Mutable"
        },
        "VPCs": {
          "Documentation": "http://docs.aws.amazon.com/AWSCloudFormation/latest/UserGuide/aws-resource-route53-hostedzone.html#cfn-route53-hostedzone-vpcs",
          "DuplicatesAllowed": true,
          "ItemType": "VPC",
          "Required": false,
          "Type": "List",
          "UpdateType": "Conditional"
        }
      }
    }
  },
  "ResourceSpecificationVersion": "3.0.0"
}