{
  "ResourceType": {
    "AWS::S3::BucketPolicy": {
      "Documentation": "http://docs.aws.amazon.com/AWSCloudFormation/latest/UserGuide/aws-properties-s3-policy.html",
      "Properties": {
        "Bucket": {
          "Documentation": "http://docs.aws.amazon.com/AWSCloudFormation/latest/UserGuide/aws-properties-s3-policy.html#aws-properties-s3-policy-bucket",
          "PrimitiveType": "String",
          "Required": true,
          "UpdateType": "Immutable"
        },
        "PolicyDocument": {
          "Documentation": "http://docs.aws.amazon.com/AWSCloudFormation/latest/UserGuide/aws-properties-s3-policy.html#aws-properties-s3-policy-policydocument",
          "PrimitiveType": "Json",
          "Required": true,
          "UpdateType": "Mutable"
        }
      }
    }
  },
  "ResourceSpecificationVersion": "3.0.0"
}