{
  "PropertyTypes": {
    "Tag": {
      "Documentation": "http://docs.aws.amazon.com/AWSCloudFormation/latest/UserGuide/aws-properties-sagemaker-notebookinstance-tag.html",
      "Properties": {
        "Value": {
          "Required": false,
          "Documentation": "http://docs.aws.amazon.com/AWSCloudFormation/latest/UserGuide/aws-properties-sagemaker-notebookinstance-tag.html#cfn-sagemaker-notebookinstance-tag-value",
          "PrimitiveType": "String",
          "UpdateType": "Mutable"
        },
        "Key": {
          "Required": false,
          "Documentation": "http://docs.aws.amazon.com/AWSCloudFormation/latest/UserGuide/aws-properties-sagemaker-notebookinstance-tag.html#cfn-sagemaker-notebookinstance-tag-key",
          "PrimitiveType": "String",
          "UpdateType": "Mutable"
        }
      }
    }
  },
  "ResourceType": {
    "AWS::SageMaker::NotebookInstance": {
      "Documentation": "http://docs.aws.amazon.com/AWSCloudFormation/latest/UserGuide/aws-resource-sagemaker-notebookinstance.html",
      "Attributes": {
        "NotebookInstanceName": {
          "PrimitiveType": "String"
        }
      },
      "Properties": {
        "RootAccess": {
          "Required": false,
          "Documentation": "http://docs.aws.amazon.com/AWSCloudFormation/latest/UserGuide/aws-resource-sagemaker-notebookinstance.html#cfn-sagemaker-notebookinstance-rootaccess",
          "PrimitiveType": "String",
          "UpdateType": "Immutable"
        },
        "KmsKeyId": {
          "Required": false,
          "Documentation": "http://docs.aws.amazon.com/AWSCloudFormation/latest/UserGuide/aws-resource-sagemaker-notebookinstance.html#cfn-sagemaker-notebookinstance-kmskeyid",
          "PrimitiveType": "String",
          "UpdateType": "Immutable"
        },
        "VolumeSizeInGB": {
          "Required": false,
          "Documentation": "http://docs.aws.amazon.com/AWSCloudFormation/latest/UserGuide/aws-resource-sagemaker-notebookinstance.html#cfn-sagemaker-notebookinstance-volumesizeingb",
          "PrimitiveType": "Integer",
          "UpdateType": "Mutable"
        },
        "DirectInternetAccess": {
          "Required": false,
          "Documentation": "http://docs.aws.amazon.com/AWSCloudFormation/latest/UserGuide/aws-resource-sagemaker-notebookinstance.html#cfn-sagemaker-notebookinstance-directinternetaccess",
          "PrimitiveType": "String",
          "UpdateType": "Immutable"
        },
        "SubnetId": {
          "Required": false,
          "Documentation": "http://docs.aws.amazon.com/AWSCloudFormation/latest/UserGuide/aws-resource-sagemaker-notebookinstance.html#cfn-sagemaker-notebookinstance-subnetid",
          "PrimitiveType": "String",
          "UpdateType": "Immutable"
        },
        "NotebookInstanceName": {
          "Required": false,
          "Documentation": "http://docs.aws.amazon.com/AWSCloudFormation/latest/UserGuide/aws-resource-sagemaker-notebookinstance.html#cfn-sagemaker-notebookinstance-notebookinstancename",
          "PrimitiveType": "String",
          "UpdateType": "Immutable"
        },
        "InstanceType": {
          "Required": true,
          "Documentation": "http://docs.aws.amazon.com/AWSCloudFormation/latest/UserGuide/aws-resource-sagemaker-notebookinstance.html#cfn-sagemaker-notebookinstance-instancetype",
          "PrimitiveType": "String",
          "UpdateType": "Mutable"
        },
        "LifecycleConfigName": {
          "Required": false,
          "Documentation": "http://docs.aws.amazon.com/AWSCloudFormation/latest/UserGuide/aws-resource-sagemaker-notebookinstance.html#cfn-sagemaker-notebookinstance-lifecycleconfigname",
          "PrimitiveType": "String",
          "UpdateType": "Mutable"
        },
        "SecurityGroupIds": {
          "PrimitiveItemType": "String",
          "Type": "List",
          "Required": false,
          "Documentation": "http://docs.aws.amazon.com/AWSCloudFormation/latest/UserGuide/aws-resource-sagemaker-notebookinstance.html#cfn-sagemaker-notebookinstance-securitygroupids",
          "UpdateType": "Immutable"
        },
        "RoleArn": {
          "Required": true,
          "Documentation": "http://docs.aws.amazon.com/AWSCloudFormation/latest/UserGuide/aws-resource-sagemaker-notebookinstance.html#cfn-sagemaker-notebookinstance-rolearn",
          "PrimitiveType": "String",
          "UpdateType": "Mutable"
        },
        "Tags": {
          "Type": "List",
          "Required": false,
          "Documentation": "http://docs.aws.amazon.com/AWSCloudFormation/latest/UserGuide/aws-resource-sagemaker-notebookinstance.html#cfn-sagemaker-notebookinstance-tags",
          "ItemType": "Tag",
          "UpdateType": "Mutable"
        }
      }
    }
  },
  "ResourceSpecificationVersion": "3.0.0"
}