{
  "PropertyTypes": {
    "AWS::SageMaker::NotebookInstanceLifecycleConfig.NotebookInstanceLifecycleHook": {
      "Documentation": "http://docs.aws.amazon.com/AWSCloudFormation/latest/UserGuide/aws-properties-sagemaker-notebookinstancelifecycleconfig-notebookinstancelifecyclehook.html",
      "Properties": {
        "Content": {
          "Required": false,
          "Documentation": "http://docs.aws.amazon.com/AWSCloudFormation/latest/UserGuide/aws-properties-sagemaker-notebookinstancelifecycleconfig-notebookinstancelifecyclehook.html#cfn-sagemaker-notebookinstancelifecycleconfig-notebookinstancelifecyclehook-content",
          "PrimitiveType": "String",
          "UpdateType": "Mutable"
        }
      }
    }
  },
  "ResourceType": {
    "AWS::SageMaker::NotebookInstanceLifecycleConfig": {
      "Documentation": "http://docs.aws.amazon.com/AWSCloudFormation/latest/UserGuide/aws-resource-sagemaker-notebookinstancelifecycleconfig.html",
      "Attributes": {
        "NotebookInstanceLifecycleConfigName": {
          "PrimitiveType": "String"
        }
      },
      "Properties": {
        "OnStart": {
          "Type": "List",
          "Required": false,
          "Documentation": "http://docs.aws.amazon.com/AWSCloudFormation/latest/UserGuide/aws-resource-sagemaker-notebookinstancelifecycleconfig.html#cfn-sagemaker-notebookinstancelifecycleconfig-onstart",
          "ItemType": "NotebookInstanceLifecycleHook",
          "UpdateType": "Mutable"
        },
        "NotebookInstanceLifecycleConfigName": {
          "Required": false,
          "Documentation": "http://docs.aws.amazon.com/AWSCloudFormation/latest/UserGuide/aws-resource-sagemaker-notebookinstancelifecycleconfig.html#cfn-sagemaker-notebookinstancelifecycleconfig-notebookinstancelifecycleconfigname",
          "PrimitiveType": "String",
          "UpdateType": "Immutable"
        },
        "OnCreate": {
          "Type": "List",
          "Required": false,
          "Documentation": "http://docs.aws.amazon.com/AWSCloudFormation/latest/UserGuide/aws-resource-sagemaker-notebookinstancelifecycleconfig.html#cfn-sagemaker-notebookinstancelifecycleconfig-oncreate",
          "ItemType": "NotebookInstanceLifecycleHook",
          "UpdateType": "Mutable"
        }
      }
    }
  },
  "ResourceSpecificationVersion": "3.0.0"
}