{
  "PropertyTypes": {
    "AWS::SageMaker::Model.ContainerDefinition": {
      "Documentation": "http://docs.aws.amazon.com/AWSCloudFormation/latest/UserGuide/aws-properties-sagemaker-model-containerdefinition.html",
      "Properties": {
        "ContainerHostname": {
          "Required": false,
          "Documentation": "http://docs.aws.amazon.com/AWSCloudFormation/latest/UserGuide/aws-properties-sagemaker-model-containerdefinition.html#cfn-sagemaker-model-containerdefinition-containerhostname",
          "PrimitiveType": "String",
          "UpdateType": "Immutable"
        },
        "Environment": {
          "Required": false,
          "Documentation": "http://docs.aws.amazon.com/AWSCloudFormation/latest/UserGuide/aws-properties-sagemaker-model-containerdefinition.html#cfn-sagemaker-model-containerdefinition-environment",
          "PrimitiveType": "Json",
          "UpdateType": "Immutable"
        },
        "ModelDataUrl": {
          "Required": false,
          "Documentation": "http://docs.aws.amazon.com/AWSCloudFormation/latest/UserGuide/aws-properties-sagemaker-model-containerdefinition.html#cfn-sagemaker-model-containerdefinition-modeldataurl",
          "PrimitiveType": "String",
          "UpdateType": "Immutable"
        },
        "Image": {
          "Required": true,
          "Documentation": "http://docs.aws.amazon.com/AWSCloudFormation/latest/UserGuide/aws-properties-sagemaker-model-containerdefinition.html#cfn-sagemaker-model-containerdefinition-image",
          "PrimitiveType": "String",
          "UpdateType": "Immutable"
        }
      }
    },
    "AWS::SageMaker::Model.VpcConfig": {
      "Documentation": "http://docs.aws.amazon.com/AWSCloudFormation/latest/UserGuide/aws-properties-sagemaker-model-vpcconfig.html",
      "Properties": {
        "Subnets": {
          "PrimitiveItemType": "String",
          "Type": "List",
          "Required": true,
          "Documentation": "http://docs.aws.amazon.com/AWSCloudFormation/latest/UserGuide/aws-properties-sagemaker-model-vpcconfig.html#cfn-sagemaker-model-vpcconfig-subnets",
          "UpdateType": "Immutable"
        },
        "SecurityGroupIds": {
          "PrimitiveItemType": "String",
          "Type": "List",
          "Required": true,
          "Documentation": "http://docs.aws.amazon.com/AWSCloudFormation/latest/UserGuide/aws-properties-sagemaker-model-vpcconfig.html#cfn-sagemaker-model-vpcconfig-securitygroupids",
          "UpdateType": "Immutable"
        }
      }
    },
    "Tag": {
      "Documentation": "http://docs.aws.amazon.com/AWSCloudFormation/latest/UserGuide/aws-properties-sagemaker-model-tag.html",
      "Properties": {
        "Value": {
          "Required": false,
          "Documentation": "http://docs.aws.amazon.com/AWSCloudFormation/latest/UserGuide/aws-properties-sagemaker-model-tag.html#cfn-sagemaker-model-tag-value",
          "PrimitiveType": "String",
          "UpdateType": "Mutable"
        },
        "Key": {
          "Required": false,
          "Documentation": "http://docs.aws.amazon.com/AWSCloudFormation/latest/UserGuide/aws-properties-sagemaker-model-tag.html#cfn-sagemaker-model-tag-key",
          "PrimitiveType": "String",
          "UpdateType": "Mutable"
        }
      }
    }
  },
  "ResourceType": {
    "AWS::SageMaker::Model": {
      "Documentation": "http://docs.aws.amazon.com/AWSCloudFormation/latest/UserGuide/aws-resource-sagemaker-model.html",
      "Attributes": {
        "ModelName": {
          "PrimitiveType": "String"
        }
      },
      "Properties": {
        "ExecutionRoleArn": {
          "Required": true,
          "Documentation": "http://docs.aws.amazon.com/AWSCloudFormation/latest/UserGuide/aws-resource-sagemaker-model.html#cfn-sagemaker-model-executionrolearn",
          "PrimitiveType": "String",
          "UpdateType": "Immutable"
        },
        "PrimaryContainer": {
          "Type": "ContainerDefinition",
          "Required": false,
          "Documentation": "http://docs.aws.amazon.com/AWSCloudFormation/latest/UserGuide/aws-resource-sagemaker-model.html#cfn-sagemaker-model-primarycontainer",
          "UpdateType": "Immutable"
        },
        "ModelName": {
          "Required": false,
          "Documentation": "http://docs.aws.amazon.com/AWSCloudFormation/latest/UserGuide/aws-resource-sagemaker-model.html#cfn-sagemaker-model-modelname",
          "PrimitiveType": "String",
          "UpdateType": "Immutable"
        },
        "VpcConfig": {
          "Type": "VpcConfig",
          "Required": false,
          "Documentation": "http://docs.aws.amazon.com/AWSCloudFormation/latest/UserGuide/aws-resource-sagemaker-model.html#cfn-sagemaker-model-vpcconfig",
          "UpdateType": "Immutable"
        },
        "Containers": {
          "Type": "List",
          "Required": false,
          "Documentation": "http://docs.aws.amazon.com/AWSCloudFormation/latest/UserGuide/aws-resource-sagemaker-model.html#cfn-sagemaker-model-containers",
          "ItemType": "ContainerDefinition",
          "UpdateType": "Immutable"
        },
        "Tags": {
          "Type": "List",
          "Required": false,
          "Documentation": "http://docs.aws.amazon.com/AWSCloudFormation/latest/UserGuide/aws-resource-sagemaker-model.html#cfn-sagemaker-model-tags",
          "ItemType": "Tag",
          "UpdateType": "Mutable"
        }
      }
    }
  },
  "ResourceSpecificationVersion": "3.0.0"
}