{
  "PropertyTypes": {
    "AWS::SageMaker::EndpointConfig.ProductionVariant": {
      "Documentation": "http://docs.aws.amazon.com/AWSCloudFormation/latest/UserGuide/aws-properties-sagemaker-endpointconfig-productionvariant.html",
      "Properties": {
        "ModelName": {
          "Required": true,
          "Documentation": "http://docs.aws.amazon.com/AWSCloudFormation/latest/UserGuide/aws-properties-sagemaker-endpointconfig-productionvariant.html#cfn-sagemaker-endpointconfig-productionvariant-modelname",
          "PrimitiveType": "String",
          "UpdateType": "Immutable"
        },
        "VariantName": {
          "Required": true,
          "Documentation": "http://docs.aws.amazon.com/AWSCloudFormation/latest/UserGuide/aws-properties-sagemaker-endpointconfig-productionvariant.html#cfn-sagemaker-endpointconfig-productionvariant-variantname",
          "PrimitiveType": "String",
          "UpdateType": "Immutable"
        },
        "InitialInstanceCount": {
          "Required": true,
          "Documentation": "http://docs.aws.amazon.com/AWSCloudFormation/latest/UserGuide/aws-properties-sagemaker-endpointconfig-productionvariant.html#cfn-sagemaker-endpointconfig-productionvariant-initialinstancecount",
          "PrimitiveType": "Integer",
          "UpdateType": "Immutable"
        },
        "InstanceType": {
          "Required": true,
          "Documentation": "http://docs.aws.amazon.com/AWSCloudFormation/latest/UserGuide/aws-properties-sagemaker-endpointconfig-productionvariant.html#cfn-sagemaker-endpointconfig-productionvariant-instancetype",
          "PrimitiveType": "String",
          "UpdateType": "Immutable"
        },
        "AcceleratorType": {
          "Required": false,
          "Documentation": "http://docs.aws.amazon.com/AWSCloudFormation/latest/UserGuide/aws-properties-sagemaker-endpointconfig-productionvariant.html#cfn-sagemaker-endpointconfig-productionvariant-acceleratortype",
          "PrimitiveType": "String",
          "UpdateType": "Immutable"
        },
        "InitialVariantWeight": {
          "Required": true,
          "Documentation": "http://docs.aws.amazon.com/AWSCloudFormation/latest/UserGuide/aws-properties-sagemaker-endpointconfig-productionvariant.html#cfn-sagemaker-endpointconfig-productionvariant-initialvariantweight",
          "PrimitiveType": "Double",
          "UpdateType": "Immutable"
        }
      }
    },
    "Tag": {
      "Documentation": "http://docs.aws.amazon.com/AWSCloudFormation/latest/UserGuide/aws-properties-sagemaker-endpointconfig-tag.html",
      "Properties": {
        "Value": {
          "Required": false,
          "Documentation": "http://docs.aws.amazon.com/AWSCloudFormation/latest/UserGuide/aws-properties-sagemaker-endpointconfig-tag.html#cfn-sagemaker-endpointconfig-tag-value",
          "PrimitiveType": "String",
          "UpdateType": "Mutable"
        },
        "Key": {
          "Required": false,
          "Documentation": "http://docs.aws.amazon.com/AWSCloudFormation/latest/UserGuide/aws-properties-sagemaker-endpointconfig-tag.html#cfn-sagemaker-endpointconfig-tag-key",
          "PrimitiveType": "String",
          "UpdateType": "Mutable"
        }
      }
    }
  },
  "ResourceType": {
    "AWS::SageMaker::EndpointConfig": {
      "Documentation": "http://docs.aws.amazon.com/AWSCloudFormation/latest/UserGuide/aws-resource-sagemaker-endpointconfig.html",
      "Attributes": {
        "EndpointConfigName": {
          "PrimitiveType": "String"
        }
      },
      "Properties": {
        "ProductionVariants": {
          "Type": "List",
          "Required": true,
          "Documentation": "http://docs.aws.amazon.com/AWSCloudFormation/latest/UserGuide/aws-resource-sagemaker-endpointconfig.html#cfn-sagemaker-endpointconfig-productionvariants",
          "ItemType": "ProductionVariant",
          "UpdateType": "Immutable"
        },
        "KmsKeyId": {
          "Required": false,
          "Documentation": "http://docs.aws.amazon.com/AWSCloudFormation/latest/UserGuide/aws-resource-sagemaker-endpointconfig.html#cfn-sagemaker-endpointconfig-kmskeyid",
          "PrimitiveType": "String",
          "UpdateType": "Immutable"
        },
        "EndpointConfigName": {
          "Required": false,
          "Documentation": "http://docs.aws.amazon.com/AWSCloudFormation/latest/UserGuide/aws-resource-sagemaker-endpointconfig.html#cfn-sagemaker-endpointconfig-endpointconfigname",
          "PrimitiveType": "String",
          "UpdateType": "Immutable"
        },
        "Tags": {
          "Type": "List",
          "Required": false,
          "Documentation": "http://docs.aws.amazon.com/AWSCloudFormation/latest/UserGuide/aws-resource-sagemaker-endpointconfig.html#cfn-sagemaker-endpointconfig-tags",
          "ItemType": "Tag",
          "UpdateType": "Mutable"
        }
      }
    }
  },
  "ResourceSpecificationVersion": "3.0.0"
}