{
  "ResourceType": {
    "AWS::SecretsManager::ResourcePolicy": {
      "Documentation": "http://docs.aws.amazon.com/AWSCloudFormation/latest/UserGuide/aws-resource-secretsmanager-resourcepolicy.html",
      "Properties": {
        "SecretId": {
          "Required": true,
          "Documentation": "http://docs.aws.amazon.com/AWSCloudFormation/latest/UserGuide/aws-resource-secretsmanager-resourcepolicy.html#cfn-secretsmanager-resourcepolicy-secretid",
          "PrimitiveType": "String",
          "UpdateType": "Immutable"
        },
        "ResourcePolicy": {
          "Required": true,
          "Documentation": "http://docs.aws.amazon.com/AWSCloudFormation/latest/UserGuide/aws-resource-secretsmanager-resourcepolicy.html#cfn-secretsmanager-resourcepolicy-resourcepolicy",
          "PrimitiveType": "Json",
          "UpdateType": "Mutable"
        }
      }
    }
  },
  "ResourceSpecificationVersion": "3.0.0"
}