{
  "PropertyTypes": {
    "AWS::SecretsManager::RotationSchedule.RotationRules": {
      "Documentation": "http://docs.aws.amazon.com/AWSCloudFormation/latest/UserGuide/aws-properties-secretsmanager-rotationschedule-rotationrules.html",
      "Properties": {
        "AutomaticallyAfterDays": {
          "Required": false,
          "Documentation": "http://docs.aws.amazon.com/AWSCloudFormation/latest/UserGuide/aws-properties-secretsmanager-rotationschedule-rotationrules.html#cfn-secretsmanager-rotationschedule-rotationrules-automaticallyafterdays",
          "PrimitiveType": "Integer",
          "UpdateType": "Mutable"
        }
      }
    }
  },
  "ResourceType": {
    "AWS::SecretsManager::RotationSchedule": {
      "Documentation": "http://docs.aws.amazon.com/AWSCloudFormation/latest/UserGuide/aws-resource-secretsmanager-rotationschedule.html",
      "Properties": {
        "SecretId": {
          "Required": true,
          "Documentation": "http://docs.aws.amazon.com/AWSCloudFormation/latest/UserGuide/aws-resource-secretsmanager-rotationschedule.html#cfn-secretsmanager-rotationschedule-secretid",
          "PrimitiveType": "String",
          "UpdateType": "Immutable"
        },
        "RotationLambdaARN": {
          "Required": false,
          "Documentation": "http://docs.aws.amazon.com/AWSCloudFormation/latest/UserGuide/aws-resource-secretsmanager-rotationschedule.html#cfn-secretsmanager-rotationschedule-rotationlambdaarn",
          "PrimitiveType": "String",
          "UpdateType": "Mutable"
        },
        "RotationRules": {
          "Type": "RotationRules",
          "Required": false,
          "Documentation": "http://docs.aws.amazon.com/AWSCloudFormation/latest/UserGuide/aws-resource-secretsmanager-rotationschedule.html#cfn-secretsmanager-rotationschedule-rotationrules",
          "UpdateType": "Mutable"
        }
      }
    }
  },
  "ResourceSpecificationVersion": "3.0.0"
}