{
  "PropertyTypes": {
    "Tag": {
      "Documentation": "http://docs.aws.amazon.com/AWSCloudFormation/latest/UserGuide/aws-properties-secretsmanager-secret-tag.html",
      "Properties": {
        "Value": {
          "Required": true,
          "Documentation": "http://docs.aws.amazon.com/AWSCloudFormation/latest/UserGuide/aws-properties-secretsmanager-secret-tag.html#cfn-secretsmanager-secret-tag-value",
          "PrimitiveType": "String",
          "UpdateType": "Mutable"
        },
        "Key": {
          "Required": true,
          "Documentation": "http://docs.aws.amazon.com/AWSCloudFormation/latest/UserGuide/aws-properties-secretsmanager-secret-tag.html#cfn-secretsmanager-secret-tag-key",
          "PrimitiveType": "String",
          "UpdateType": "Mutable"
        }
      }
    },
    "AWS::SecretsManager::Secret.GenerateSecretString": {
      "Documentation": "http://docs.aws.amazon.com/AWSCloudFormation/latest/UserGuide/aws-properties-secretsmanager-secret-generatesecretstring.html",
      "Properties": {
        "ExcludeUppercase": {
          "Required": false,
          "Documentation": "http://docs.aws.amazon.com/AWSCloudFormation/latest/UserGuide/aws-properties-secretsmanager-secret-generatesecretstring.html#cfn-secretsmanager-secret-generatesecretstring-excludeuppercase",
          "PrimitiveType": "Boolean",
          "UpdateType": "Mutable"
        },
        "RequireEachIncludedType": {
          "Required": false,
          "Documentation": "http://docs.aws.amazon.com/AWSCloudFormation/latest/UserGuide/aws-properties-secretsmanager-secret-generatesecretstring.html#cfn-secretsmanager-secret-generatesecretstring-requireeachincludedtype",
          "PrimitiveType": "Boolean",
          "UpdateType": "Mutable"
        },
        "IncludeSpace": {
          "Required": false,
          "Documentation": "http://docs.aws.amazon.com/AWSCloudFormation/latest/UserGuide/aws-properties-secretsmanager-secret-generatesecretstring.html#cfn-secretsmanager-secret-generatesecretstring-includespace",
          "PrimitiveType": "Boolean",
          "UpdateType": "Mutable"
        },
        "ExcludeCharacters": {
          "Required": false,
          "Documentation": "http://docs.aws.amazon.com/AWSCloudFormation/latest/UserGuide/aws-properties-secretsmanager-secret-generatesecretstring.html#cfn-secretsmanager-secret-generatesecretstring-excludecharacters",
          "PrimitiveType": "String",
          "UpdateType": "Mutable"
        },
        "GenerateStringKey": {
          "Required": false,
          "Documentation": "http://docs.aws.amazon.com/AWSCloudFormation/latest/UserGuide/aws-properties-secretsmanager-secret-generatesecretstring.html#cfn-secretsmanager-secret-generatesecretstring-generatestringkey",
          "PrimitiveType": "String",
          "UpdateType": "Mutable"
        },
        "PasswordLength": {
          "Required": false,
          "Documentation": "http://docs.aws.amazon.com/AWSCloudFormation/latest/UserGuide/aws-properties-secretsmanager-secret-generatesecretstring.html#cfn-secretsmanager-secret-generatesecretstring-passwordlength",
          "PrimitiveType": "Integer",
          "UpdateType": "Mutable"
        },
        "ExcludePunctuation": {
          "Required": false,
          "Documentation": "http://docs.aws.amazon.com/AWSCloudFormation/latest/UserGuide/aws-properties-secretsmanager-secret-generatesecretstring.html#cfn-secretsmanager-secret-generatesecretstring-excludepunctuation",
          "PrimitiveType": "Boolean",
          "UpdateType": "Mutable"
        },
        "ExcludeLowercase": {
          "Required": false,
          "Documentation": "http://docs.aws.amazon.com/AWSCloudFormation/latest/UserGuide/aws-properties-secretsmanager-secret-generatesecretstring.html#cfn-secretsmanager-secret-generatesecretstring-excludelowercase",
          "PrimitiveType": "Boolean",
          "UpdateType": "Mutable"
        },
        "SecretStringTemplate": {
          "Required": false,
          "Documentation": "http://docs.aws.amazon.com/AWSCloudFormation/latest/UserGuide/aws-properties-secretsmanager-secret-generatesecretstring.html#cfn-secretsmanager-secret-generatesecretstring-secretstringtemplate",
          "PrimitiveType": "String",
          "UpdateType": "Mutable"
        },
        "ExcludeNumbers": {
          "Required": false,
          "Documentation": "http://docs.aws.amazon.com/AWSCloudFormation/latest/UserGuide/aws-properties-secretsmanager-secret-generatesecretstring.html#cfn-secretsmanager-secret-generatesecretstring-excludenumbers",
          "PrimitiveType": "Boolean",
          "UpdateType": "Mutable"
        }
      }
    }
  },
  "ResourceType": {
    "AWS::SecretsManager::Secret": {
      "Documentation": "http://docs.aws.amazon.com/AWSCloudFormation/latest/UserGuide/aws-resource-secretsmanager-secret.html",
      "Properties": {
        "Description": {
          "Required": false,
          "Documentation": "http://docs.aws.amazon.com/AWSCloudFormation/latest/UserGuide/aws-resource-secretsmanager-secret.html#cfn-secretsmanager-secret-description",
          "PrimitiveType": "String",
          "UpdateType": "Mutable"
        },
        "KmsKeyId": {
          "Required": false,
          "Documentation": "http://docs.aws.amazon.com/AWSCloudFormation/latest/UserGuide/aws-resource-secretsmanager-secret.html#cfn-secretsmanager-secret-kmskeyid",
          "PrimitiveType": "String",
          "UpdateType": "Mutable"
        },
        "SecretString": {
          "Required": false,
          "Documentation": "http://docs.aws.amazon.com/AWSCloudFormation/latest/UserGuide/aws-resource-secretsmanager-secret.html#cfn-secretsmanager-secret-secretstring",
          "PrimitiveType": "String",
          "UpdateType": "Mutable"
        },
        "GenerateSecretString": {
          "Type": "GenerateSecretString",
          "Required": false,
          "Documentation": "http://docs.aws.amazon.com/AWSCloudFormation/latest/UserGuide/aws-resource-secretsmanager-secret.html#cfn-secretsmanager-secret-generatesecretstring",
          "UpdateType": "Mutable"
        },
        "Tags": {
          "Type": "List",
          "Required": false,
          "Documentation": "http://docs.aws.amazon.com/AWSCloudFormation/latest/UserGuide/aws-resource-secretsmanager-secret.html#cfn-secretsmanager-secret-tags",
          "ItemType": "Tag",
          "UpdateType": "Mutable"
        },
        "Name": {
          "Required": false,
          "Documentation": "http://docs.aws.amazon.com/AWSCloudFormation/latest/UserGuide/aws-resource-secretsmanager-secret.html#cfn-secretsmanager-secret-name",
          "PrimitiveType": "String",
          "UpdateType": "Immutable"
        }
      }
    }
  },
  "ResourceSpecificationVersion": "3.0.0"
}