{
  "ResourceType": {
    "AWS::SecretsManager::SecretTargetAttachment": {
      "Documentation": "http://docs.aws.amazon.com/AWSCloudFormation/latest/UserGuide/aws-resource-secretsmanager-secrettargetattachment.html",
      "Properties": {
        "SecretId": {
          "Required": true,
          "Documentation": "http://docs.aws.amazon.com/AWSCloudFormation/latest/UserGuide/aws-resource-secretsmanager-secrettargetattachment.html#cfn-secretsmanager-secrettargetattachment-secretid",
          "PrimitiveType": "String",
          "UpdateType": "Mutable"
        },
        "TargetType": {
          "Required": true,
          "Documentation": "http://docs.aws.amazon.com/AWSCloudFormation/latest/UserGuide/aws-resource-secretsmanager-secrettargetattachment.html#cfn-secretsmanager-secrettargetattachment-targettype",
          "PrimitiveType": "String",
          "UpdateType": "Mutable"
        },
        "TargetId": {
          "Required": true,
          "Documentation": "http://docs.aws.amazon.com/AWSCloudFormation/latest/UserGuide/aws-resource-secretsmanager-secrettargetattachment.html#cfn-secretsmanager-secrettargetattachment-targetid",
          "PrimitiveType": "String",
          "UpdateType": "Mutable"
        }
      }
    }
  },
  "ResourceSpecificationVersion": "3.0.0"
}