{
  "ResourceType": {
    "AWS::ServiceDiscovery::Instance": {
      "Documentation": "http://docs.aws.amazon.com/AWSCloudFormation/latest/UserGuide/aws-resource-servicediscovery-instance.html",
      "Properties": {
        "InstanceAttributes": {
          "Required": true,
          "Documentation": "http://docs.aws.amazon.com/AWSCloudFormation/latest/UserGuide/aws-resource-servicediscovery-instance.html#cfn-servicediscovery-instance-instanceattributes",
          "PrimitiveType": "Map",
          "UpdateType": "Mutable"
        },
        "InstanceId": {
          "Required": false,
          "Documentation": "http://docs.aws.amazon.com/AWSCloudFormation/latest/UserGuide/aws-resource-servicediscovery-instance.html#cfn-servicediscovery-instance-instanceid",
          "PrimitiveType": "String",
          "UpdateType": "Immutable"
        },
        "ServiceId": {
          "Required": true,
          "Documentation": "http://docs.aws.amazon.com/AWSCloudFormation/latest/UserGuide/aws-resource-servicediscovery-instance.html#cfn-servicediscovery-instance-serviceid",
          "PrimitiveType": "String",
          "UpdateType": "Immutable"
        }
      }
    }
  },
  "ResourceSpecificationVersion": "3.0.0"
}