{
  "ResourceType": {
    "AWS::ServiceCatalog::TagOption": {
      "Documentation": "http://docs.aws.amazon.com/AWSCloudFormation/latest/UserGuide/aws-resource-servicecatalog-tagoption.html",
      "Properties": {
        "Active": {
          "Required": false,
          "Documentation": "http://docs.aws.amazon.com/AWSCloudFormation/latest/UserGuide/aws-resource-servicecatalog-tagoption.html#cfn-servicecatalog-tagoption-active",
          "PrimitiveType": "Boolean",
          "UpdateType": "Mutable"
        },
        "Value": {
          "Required": true,
          "Documentation": "http://docs.aws.amazon.com/AWSCloudFormation/latest/UserGuide/aws-resource-servicecatalog-tagoption.html#cfn-servicecatalog-tagoption-value",
          "PrimitiveType": "String",
          "UpdateType": "Immutable"
        },
        "Key": {
          "Required": true,
          "Documentation": "http://docs.aws.amazon.com/AWSCloudFormation/latest/UserGuide/aws-resource-servicecatalog-tagoption.html#cfn-servicecatalog-tagoption-key",
          "PrimitiveType": "String",
          "UpdateType": "Immutable"
        }
      }
    }
  },
  "ResourceSpecificationVersion": "3.0.0"
}