{
  "PropertyTypes": {
    "AWS::ServiceCatalog::CloudFormationProvisionedProduct.ProvisioningParameter": {
      "Documentation": "http://docs.aws.amazon.com/AWSCloudFormation/latest/UserGuide/aws-properties-servicecatalog-cloudformationprovisionedproduct-provisioningparameter.html",
      "Properties": {
        "Value": {
          "Required": false,
          "Documentation": "http://docs.aws.amazon.com/AWSCloudFormation/latest/UserGuide/aws-properties-servicecatalog-cloudformationprovisionedproduct-provisioningparameter.html#cfn-servicecatalog-cloudformationprovisionedproduct-provisioningparameter-value",
          "PrimitiveType": "String",
          "UpdateType": "Mutable"
        },
        "Key": {
          "Required": false,
          "Documentation": "http://docs.aws.amazon.com/AWSCloudFormation/latest/UserGuide/aws-properties-servicecatalog-cloudformationprovisionedproduct-provisioningparameter.html#cfn-servicecatalog-cloudformationprovisionedproduct-provisioningparameter-key",
          "PrimitiveType": "String",
          "UpdateType": "Mutable"
        }
      }
    },
    "Tag": {
      "Documentation": "http://docs.aws.amazon.com/AWSCloudFormation/latest/UserGuide/aws-properties-servicecatalog-cloudformationprovisionedproduct-tag.html",
      "Properties": {
        "Value": {
          "Required": true,
          "Documentation": "http://docs.aws.amazon.com/AWSCloudFormation/latest/UserGuide/aws-properties-servicecatalog-cloudformationprovisionedproduct-tag.html#cfn-servicecatalog-cloudformationprovisionedproduct-tag-value",
          "PrimitiveType": "String",
          "UpdateType": "Mutable"
        },
        "Key": {
          "Required": true,
          "Documentation": "http://docs.aws.amazon.com/AWSCloudFormation/latest/UserGuide/aws-properties-servicecatalog-cloudformationprovisionedproduct-tag.html#cfn-servicecatalog-cloudformationprovisionedproduct-tag-key",
          "PrimitiveType": "String",
          "UpdateType": "Mutable"
        }
      }
    }
  },
  "ResourceType": {
    "AWS::ServiceCatalog::CloudFormationProvisionedProduct": {
      "Documentation": "http://docs.aws.amazon.com/AWSCloudFormation/latest/UserGuide/aws-resource-servicecatalog-cloudformationprovisionedproduct.html",
      "Attributes": {
        "CloudformationStackArn": {
          "PrimitiveType": "String"
        },
        "RecordId": {
          "PrimitiveType": "String"
        }
      },
      "Properties": {
        "PathId": {
          "Required": false,
          "Documentation": "http://docs.aws.amazon.com/AWSCloudFormation/latest/UserGuide/aws-resource-servicecatalog-cloudformationprovisionedproduct.html#cfn-servicecatalog-cloudformationprovisionedproduct-pathid",
          "PrimitiveType": "String",
          "UpdateType": "Mutable"
        },
        "ProvisioningParameters": {
          "Type": "List",
          "Required": false,
          "Documentation": "http://docs.aws.amazon.com/AWSCloudFormation/latest/UserGuide/aws-resource-servicecatalog-cloudformationprovisionedproduct.html#cfn-servicecatalog-cloudformationprovisionedproduct-provisioningparameters",
          "ItemType": "ProvisioningParameter",
          "UpdateType": "Mutable"
        },
        "ProductName": {
          "Required": false,
          "Documentation": "http://docs.aws.amazon.com/AWSCloudFormation/latest/UserGuide/aws-resource-servicecatalog-cloudformationprovisionedproduct.html#cfn-servicecatalog-cloudformationprovisionedproduct-productname",
          "PrimitiveType": "String",
          "UpdateType": "Mutable"
        },
        "ProvisioningArtifactName": {
          "Required": false,
          "Documentation": "http://docs.aws.amazon.com/AWSCloudFormation/latest/UserGuide/aws-resource-servicecatalog-cloudformationprovisionedproduct.html#cfn-servicecatalog-cloudformationprovisionedproduct-provisioningartifactname",
          "PrimitiveType": "String",
          "UpdateType": "Mutable"
        },
        "NotificationArns": {
          "PrimitiveItemType": "String",
          "Type": "List",
          "Required": false,
          "Documentation": "http://docs.aws.amazon.com/AWSCloudFormation/latest/UserGuide/aws-resource-servicecatalog-cloudformationprovisionedproduct.html#cfn-servicecatalog-cloudformationprovisionedproduct-notificationarns",
          "UpdateType": "Immutable"
        },
        "AcceptLanguage": {
          "Required": false,
          "Documentation": "http://docs.aws.amazon.com/AWSCloudFormation/latest/UserGuide/aws-resource-servicecatalog-cloudformationprovisionedproduct.html#cfn-servicecatalog-cloudformationprovisionedproduct-acceptlanguage",
          "PrimitiveType": "String",
          "UpdateType": "Mutable"
        },
        "ProductId": {
          "Required": false,
          "Documentation": "http://docs.aws.amazon.com/AWSCloudFormation/latest/UserGuide/aws-resource-servicecatalog-cloudformationprovisionedproduct.html#cfn-servicecatalog-cloudformationprovisionedproduct-productid",
          "PrimitiveType": "String",
          "UpdateType": "Mutable"
        },
        "Tags": {
          "Type": "List",
          "Required": false,
          "Documentation": "http://docs.aws.amazon.com/AWSCloudFormation/latest/UserGuide/aws-resource-servicecatalog-cloudformationprovisionedproduct.html#cfn-servicecatalog-cloudformationprovisionedproduct-tags",
          "ItemType": "Tag",
          "UpdateType": "Mutable"
        },
        "ProvisionedProductName": {
          "Required": false,
          "Documentation": "http://docs.aws.amazon.com/AWSCloudFormation/latest/UserGuide/aws-resource-servicecatalog-cloudformationprovisionedproduct.html#cfn-servicecatalog-cloudformationprovisionedproduct-provisionedproductname",
          "PrimitiveType": "String",
          "UpdateType": "Immutable"
        },
        "ProvisioningArtifactId": {
          "Required": false,
          "Documentation": "http://docs.aws.amazon.com/AWSCloudFormation/latest/UserGuide/aws-resource-servicecatalog-cloudformationprovisionedproduct.html#cfn-servicecatalog-cloudformationprovisionedproduct-provisioningartifactid",
          "PrimitiveType": "String",
          "UpdateType": "Mutable"
        }
      }
    }
  },
  "ResourceSpecificationVersion": "3.0.0"
}