{
  "ResourceType": {
    "AWS::ServiceCatalog::LaunchRoleConstraint": {
      "Documentation": "http://docs.aws.amazon.com/AWSCloudFormation/latest/UserGuide/aws-resource-servicecatalog-launchroleconstraint.html",
      "Properties": {
        "Description": {
          "Required": false,
          "Documentation": "http://docs.aws.amazon.com/AWSCloudFormation/latest/UserGuide/aws-resource-servicecatalog-launchroleconstraint.html#cfn-servicecatalog-launchroleconstraint-description",
          "PrimitiveType": "String",
          "UpdateType": "Mutable"
        },
        "AcceptLanguage": {
          "Required": false,
          "Documentation": "http://docs.aws.amazon.com/AWSCloudFormation/latest/UserGuide/aws-resource-servicecatalog-launchroleconstraint.html#cfn-servicecatalog-launchroleconstraint-acceptlanguage",
          "PrimitiveType": "String",
          "UpdateType": "Mutable"
        },
        "PortfolioId": {
          "Required": true,
          "Documentation": "http://docs.aws.amazon.com/AWSCloudFormation/latest/UserGuide/aws-resource-servicecatalog-launchroleconstraint.html#cfn-servicecatalog-launchroleconstraint-portfolioid",
          "PrimitiveType": "String",
          "UpdateType": "Immutable"
        },
        "ProductId": {
          "Required": true,
          "Documentation": "http://docs.aws.amazon.com/AWSCloudFormation/latest/UserGuide/aws-resource-servicecatalog-launchroleconstraint.html#cfn-servicecatalog-launchroleconstraint-productid",
          "PrimitiveType": "String",
          "UpdateType": "Immutable"
        },
        "RoleArn": {
          "Required": true,
          "Documentation": "http://docs.aws.amazon.com/AWSCloudFormation/latest/UserGuide/aws-resource-servicecatalog-launchroleconstraint.html#cfn-servicecatalog-launchroleconstraint-rolearn",
          "PrimitiveType": "String",
          "UpdateType": "Immutable"
        }
      }
    }
  },
  "ResourceSpecificationVersion": "3.0.0"
}