{
  "ResourceType": {
    "AWS::ServiceCatalog::LaunchTemplateConstraint": {
      "Documentation": "http://docs.aws.amazon.com/AWSCloudFormation/latest/UserGuide/aws-resource-servicecatalog-launchtemplateconstraint.html",
      "Properties": {
        "Description": {
          "Required": false,
          "Documentation": "http://docs.aws.amazon.com/AWSCloudFormation/latest/UserGuide/aws-resource-servicecatalog-launchtemplateconstraint.html#cfn-servicecatalog-launchtemplateconstraint-description",
          "PrimitiveType": "String",
          "UpdateType": "Mutable"
        },
        "AcceptLanguage": {
          "Required": false,
          "Documentation": "http://docs.aws.amazon.com/AWSCloudFormation/latest/UserGuide/aws-resource-servicecatalog-launchtemplateconstraint.html#cfn-servicecatalog-launchtemplateconstraint-acceptlanguage",
          "PrimitiveType": "String",
          "UpdateType": "Mutable"
        },
        "PortfolioId": {
          "Required": true,
          "Documentation": "http://docs.aws.amazon.com/AWSCloudFormation/latest/UserGuide/aws-resource-servicecatalog-launchtemplateconstraint.html#cfn-servicecatalog-launchtemplateconstraint-portfolioid",
          "PrimitiveType": "String",
          "UpdateType": "Immutable"
        },
        "ProductId": {
          "Required": true,
          "Documentation": "http://docs.aws.amazon.com/AWSCloudFormation/latest/UserGuide/aws-resource-servicecatalog-launchtemplateconstraint.html#cfn-servicecatalog-launchtemplateconstraint-productid",
          "PrimitiveType": "String",
          "UpdateType": "Immutable"
        },
        "Rules": {
          "Required": true,
          "Documentation": "http://docs.aws.amazon.com/AWSCloudFormation/latest/UserGuide/aws-resource-servicecatalog-launchtemplateconstraint.html#cfn-servicecatalog-launchtemplateconstraint-rules",
          "PrimitiveType": "String",
          "UpdateType": "Immutable"
        }
      }
    }
  },
  "ResourceSpecificationVersion": "3.0.0"
}