{
  "PropertyTypes": {
    "AWS::ServiceCatalog::CloudFormationProduct.ProvisioningArtifactProperties": {
      "Documentation": "http://docs.aws.amazon.com/AWSCloudFormation/latest/UserGuide/aws-properties-servicecatalog-cloudformationproduct-provisioningartifactproperties.html",
      "Properties": {
        "Description": {
          "Required": false,
          "Documentation": "http://docs.aws.amazon.com/AWSCloudFormation/latest/UserGuide/aws-properties-servicecatalog-cloudformationproduct-provisioningartifactproperties.html#cfn-servicecatalog-cloudformationproduct-provisioningartifactproperties-description",
          "PrimitiveType": "String",
          "UpdateType": "Mutable"
        },
        "Info": {
          "Required": true,
          "Documentation": "http://docs.aws.amazon.com/AWSCloudFormation/latest/UserGuide/aws-properties-servicecatalog-cloudformationproduct-provisioningartifactproperties.html#cfn-servicecatalog-cloudformationproduct-provisioningartifactproperties-info",
          "PrimitiveType": "Json",
          "UpdateType": "Mutable"
        },
        "Name": {
          "Required": false,
          "Documentation": "http://docs.aws.amazon.com/AWSCloudFormation/latest/UserGuide/aws-properties-servicecatalog-cloudformationproduct-provisioningartifactproperties.html#cfn-servicecatalog-cloudformationproduct-provisioningartifactproperties-name",
          "PrimitiveType": "String",
          "UpdateType": "Mutable"
        }
      }
    },
    "Tag": {
      "Documentation": "http://docs.aws.amazon.com/AWSCloudFormation/latest/UserGuide/aws-properties-servicecatalog-cloudformationproduct-tag.html",
      "Properties": {
        "Value": {
          "Required": true,
          "Documentation": "http://docs.aws.amazon.com/AWSCloudFormation/latest/UserGuide/aws-properties-servicecatalog-cloudformationproduct-tag.html#cfn-servicecatalog-cloudformationproduct-tag-value",
          "PrimitiveType": "String",
          "UpdateType": "Mutable"
        },
        "Key": {
          "Required": true,
          "Documentation": "http://docs.aws.amazon.com/AWSCloudFormation/latest/UserGuide/aws-properties-servicecatalog-cloudformationproduct-tag.html#cfn-servicecatalog-cloudformationproduct-tag-key",
          "PrimitiveType": "String",
          "UpdateType": "Mutable"
        }
      }
    }
  },
  "ResourceType": {
    "AWS::ServiceCatalog::CloudFormationProduct": {
      "Documentation": "http://docs.aws.amazon.com/AWSCloudFormation/latest/UserGuide/aws-resource-servicecatalog-cloudformationproduct.html",
      "Attributes": {
        "ProductName": {
          "PrimitiveType": "String"
        },
        "ProvisioningArtifactIds": {
          "PrimitiveType": "String"
        },
        "ProvisioningArtifactNames": {
          "PrimitiveType": "String"
        }
      },
      "Properties": {
        "Owner": {
          "Required": true,
          "Documentation": "http://docs.aws.amazon.com/AWSCloudFormation/latest/UserGuide/aws-resource-servicecatalog-cloudformationproduct.html#cfn-servicecatalog-cloudformationproduct-owner",
          "PrimitiveType": "String",
          "UpdateType": "Mutable"
        },
        "SupportDescription": {
          "Required": false,
          "Documentation": "http://docs.aws.amazon.com/AWSCloudFormation/latest/UserGuide/aws-resource-servicecatalog-cloudformationproduct.html#cfn-servicecatalog-cloudformationproduct-supportdescription",
          "PrimitiveType": "String",
          "UpdateType": "Mutable"
        },
        "Description": {
          "Required": false,
          "Documentation": "http://docs.aws.amazon.com/AWSCloudFormation/latest/UserGuide/aws-resource-servicecatalog-cloudformationproduct.html#cfn-servicecatalog-cloudformationproduct-description",
          "PrimitiveType": "String",
          "UpdateType": "Mutable"
        },
        "Distributor": {
          "Required": false,
          "Documentation": "http://docs.aws.amazon.com/AWSCloudFormation/latest/UserGuide/aws-resource-servicecatalog-cloudformationproduct.html#cfn-servicecatalog-cloudformationproduct-distributor",
          "PrimitiveType": "String",
          "UpdateType": "Mutable"
        },
        "SupportEmail": {
          "Required": false,
          "Documentation": "http://docs.aws.amazon.com/AWSCloudFormation/latest/UserGuide/aws-resource-servicecatalog-cloudformationproduct.html#cfn-servicecatalog-cloudformationproduct-supportemail",
          "PrimitiveType": "String",
          "UpdateType": "Mutable"
        },
        "AcceptLanguage": {
          "Required": false,
          "Documentation": "http://docs.aws.amazon.com/AWSCloudFormation/latest/UserGuide/aws-resource-servicecatalog-cloudformationproduct.html#cfn-servicecatalog-cloudformationproduct-acceptlanguage",
          "PrimitiveType": "String",
          "UpdateType": "Mutable"
        },
        "SupportUrl": {
          "Required": false,
          "Documentation": "http://docs.aws.amazon.com/AWSCloudFormation/latest/UserGuide/aws-resource-servicecatalog-cloudformationproduct.html#cfn-servicecatalog-cloudformationproduct-supporturl",
          "PrimitiveType": "String",
          "UpdateType": "Mutable"
        },
        "Tags": {
          "Type": "List",
          "Required": false,
          "Documentation": "http://docs.aws.amazon.com/AWSCloudFormation/latest/UserGuide/aws-resource-servicecatalog-cloudformationproduct.html#cfn-servicecatalog-cloudformationproduct-tags",
          "ItemType": "Tag",
          "UpdateType": "Mutable"
        },
        "Name": {
          "Required": true,
          "Documentation": "http://docs.aws.amazon.com/AWSCloudFormation/latest/UserGuide/aws-resource-servicecatalog-cloudformationproduct.html#cfn-servicecatalog-cloudformationproduct-name",
          "PrimitiveType": "String",
          "UpdateType": "Mutable"
        },
        "ProvisioningArtifactParameters": {
          "Type": "List",
          "Required": true,
          "Documentation": "http://docs.aws.amazon.com/AWSCloudFormation/latest/UserGuide/aws-resource-servicecatalog-cloudformationproduct.html#cfn-servicecatalog-cloudformationproduct-provisioningartifactparameters",
          "ItemType": "ProvisioningArtifactProperties",
          "UpdateType": "Mutable"
        }
      }
    }
  },
  "ResourceSpecificationVersion": "3.0.0"
}