{
  "ResourceType": {
    "AWS::ServiceCatalog::PortfolioPrincipalAssociation": {
      "Documentation": "http://docs.aws.amazon.com/AWSCloudFormation/latest/UserGuide/aws-resource-servicecatalog-portfolioprincipalassociation.html",
      "Properties": {
        "PrincipalARN": {
          "Required": true,
          "Documentation": "http://docs.aws.amazon.com/AWSCloudFormation/latest/UserGuide/aws-resource-servicecatalog-portfolioprincipalassociation.html#cfn-servicecatalog-portfolioprincipalassociation-principalarn",
          "PrimitiveType": "String",
          "UpdateType": "Immutable"
        },
        "AcceptLanguage": {
          "Required": false,
          "Documentation": "http://docs.aws.amazon.com/AWSCloudFormation/latest/UserGuide/aws-resource-servicecatalog-portfolioprincipalassociation.html#cfn-servicecatalog-portfolioprincipalassociation-acceptlanguage",
          "PrimitiveType": "String",
          "UpdateType": "Immutable"
        },
        "PortfolioId": {
          "Required": true,
          "Documentation": "http://docs.aws.amazon.com/AWSCloudFormation/latest/UserGuide/aws-resource-servicecatalog-portfolioprincipalassociation.html#cfn-servicecatalog-portfolioprincipalassociation-portfolioid",
          "PrimitiveType": "String",
          "UpdateType": "Immutable"
        },
        "PrincipalType": {
          "Required": true,
          "Documentation": "http://docs.aws.amazon.com/AWSCloudFormation/latest/UserGuide/aws-resource-servicecatalog-portfolioprincipalassociation.html#cfn-servicecatalog-portfolioprincipalassociation-principaltype",
          "PrimitiveType": "String",
          "UpdateType": "Immutable"
        }
      }
    }
  },
  "ResourceSpecificationVersion": "3.0.0"
}