{
  "PropertyTypes": {
    "AWS::ServiceDiscovery::Service.DnsRecord": {
      "Documentation": "http://docs.aws.amazon.com/AWSCloudFormation/latest/UserGuide/aws-properties-servicediscovery-service-dnsrecord.html",
      "Properties": {
        "Type": {
          "Required": true,
          "Documentation": "http://docs.aws.amazon.com/AWSCloudFormation/latest/UserGuide/aws-properties-servicediscovery-service-dnsrecord.html#cfn-servicediscovery-service-dnsrecord-type",
          "PrimitiveType": "String",
          "UpdateType": "Mutable"
        },
        "TTL": {
          "Required": true,
          "Documentation": "http://docs.aws.amazon.com/AWSCloudFormation/latest/UserGuide/aws-properties-servicediscovery-service-dnsrecord.html#cfn-servicediscovery-service-dnsrecord-ttl",
          "PrimitiveType": "Double",
          "UpdateType": "Mutable"
        }
      }
    },
    "AWS::ServiceDiscovery::Service.HealthCheckCustomConfig": {
      "Documentation": "http://docs.aws.amazon.com/AWSCloudFormation/latest/UserGuide/aws-properties-servicediscovery-service-healthcheckcustomconfig.html",
      "Properties": {
        "FailureThreshold": {
          "Required": false,
          "Documentation": "http://docs.aws.amazon.com/AWSCloudFormation/latest/UserGuide/aws-properties-servicediscovery-service-healthcheckcustomconfig.html#cfn-servicediscovery-service-healthcheckcustomconfig-failurethreshold",
          "PrimitiveType": "Double",
          "UpdateType": "Mutable"
        }
      }
    },
    "AWS::ServiceDiscovery::Service.DnsConfig": {
      "Documentation": "http://docs.aws.amazon.com/AWSCloudFormation/latest/UserGuide/aws-properties-servicediscovery-service-dnsconfig.html",
      "Properties": {
        "DnsRecords": {
          "Type": "List",
          "Required": true,
          "Documentation": "http://docs.aws.amazon.com/AWSCloudFormation/latest/UserGuide/aws-properties-servicediscovery-service-dnsconfig.html#cfn-servicediscovery-service-dnsconfig-dnsrecords",
          "ItemType": "DnsRecord",
          "UpdateType": "Mutable"
        },
        "RoutingPolicy": {
          "Required": false,
          "Documentation": "http://docs.aws.amazon.com/AWSCloudFormation/latest/UserGuide/aws-properties-servicediscovery-service-dnsconfig.html#cfn-servicediscovery-service-dnsconfig-routingpolicy",
          "PrimitiveType": "String",
          "UpdateType": "Mutable"
        },
        "NamespaceId": {
          "Required": false,
          "Documentation": "http://docs.aws.amazon.com/AWSCloudFormation/latest/UserGuide/aws-properties-servicediscovery-service-dnsconfig.html#cfn-servicediscovery-service-dnsconfig-namespaceid",
          "PrimitiveType": "String",
          "UpdateType": "Immutable"
        }
      }
    },
    "AWS::ServiceDiscovery::Service.HealthCheckConfig": {
      "Documentation": "http://docs.aws.amazon.com/AWSCloudFormation/latest/UserGuide/aws-properties-servicediscovery-service-healthcheckconfig.html",
      "Properties": {
        "Type": {
          "Required": true,
          "Documentation": "http://docs.aws.amazon.com/AWSCloudFormation/latest/UserGuide/aws-properties-servicediscovery-service-healthcheckconfig.html#cfn-servicediscovery-service-healthcheckconfig-type",
          "PrimitiveType": "String",
          "UpdateType": "Mutable"
        },
        "ResourcePath": {
          "Required": false,
          "Documentation": "http://docs.aws.amazon.com/AWSCloudFormation/latest/UserGuide/aws-properties-servicediscovery-service-healthcheckconfig.html#cfn-servicediscovery-service-healthcheckconfig-resourcepath",
          "PrimitiveType": "String",
          "UpdateType": "Mutable"
        },
        "FailureThreshold": {
          "Required": false,
          "Documentation": "http://docs.aws.amazon.com/AWSCloudFormation/latest/UserGuide/aws-properties-servicediscovery-service-healthcheckconfig.html#cfn-servicediscovery-service-healthcheckconfig-failurethreshold",
          "PrimitiveType": "Double",
          "UpdateType": "Mutable"
        }
      }
    }
  },
  "ResourceType": {
    "AWS::ServiceDiscovery::Service": {
      "Documentation": "http://docs.aws.amazon.com/AWSCloudFormation/latest/UserGuide/aws-resource-servicediscovery-service.html",
      "Attributes": {
        "Id": {
          "PrimitiveType": "String"
        },
        "Arn": {
          "PrimitiveType": "String"
        },
        "Name": {
          "PrimitiveType": "String"
        }
      },
      "Properties": {
        "Description": {
          "Required": false,
          "Documentation": "http://docs.aws.amazon.com/AWSCloudFormation/latest/UserGuide/aws-resource-servicediscovery-service.html#cfn-servicediscovery-service-description",
          "PrimitiveType": "String",
          "UpdateType": "Mutable"
        },
        "HealthCheckCustomConfig": {
          "Type": "HealthCheckCustomConfig",
          "Required": false,
          "Documentation": "http://docs.aws.amazon.com/AWSCloudFormation/latest/UserGuide/aws-resource-servicediscovery-service.html#cfn-servicediscovery-service-healthcheckcustomconfig",
          "UpdateType": "Immutable"
        },
        "DnsConfig": {
          "Type": "DnsConfig",
          "Required": false,
          "Documentation": "http://docs.aws.amazon.com/AWSCloudFormation/latest/UserGuide/aws-resource-servicediscovery-service.html#cfn-servicediscovery-service-dnsconfig",
          "UpdateType": "Mutable"
        },
        "NamespaceId": {
          "Required": false,
          "Documentation": "http://docs.aws.amazon.com/AWSCloudFormation/latest/UserGuide/aws-resource-servicediscovery-service.html#cfn-servicediscovery-service-namespaceid",
          "PrimitiveType": "String",
          "UpdateType": "Immutable"
        },
        "HealthCheckConfig": {
          "Type": "HealthCheckConfig",
          "Required": false,
          "Documentation": "http://docs.aws.amazon.com/AWSCloudFormation/latest/UserGuide/aws-resource-servicediscovery-service.html#cfn-servicediscovery-service-healthcheckconfig",
          "UpdateType": "Mutable"
        },
        "Name": {
          "Required": false,
          "Documentation": "http://docs.aws.amazon.com/AWSCloudFormation/latest/UserGuide/aws-resource-servicediscovery-service.html#cfn-servicediscovery-service-name",
          "PrimitiveType": "String",
          "UpdateType": "Immutable"
        }
      }
    }
  },
  "ResourceSpecificationVersion": "3.0.0"
}