{
  "ResourceType": {
    "AWS::ServiceCatalog::TagOptionAssociation": {
      "Documentation": "http://docs.aws.amazon.com/AWSCloudFormation/latest/UserGuide/aws-resource-servicecatalog-tagoptionassociation.html",
      "Properties": {
        "TagOptionId": {
          "Required": true,
          "Documentation": "http://docs.aws.amazon.com/AWSCloudFormation/latest/UserGuide/aws-resource-servicecatalog-tagoptionassociation.html#cfn-servicecatalog-tagoptionassociation-tagoptionid",
          "PrimitiveType": "String",
          "UpdateType": "Immutable"
        },
        "ResourceId": {
          "Required": true,
          "Documentation": "http://docs.aws.amazon.com/AWSCloudFormation/latest/UserGuide/aws-resource-servicecatalog-tagoptionassociation.html#cfn-servicecatalog-tagoptionassociation-resourceid",
          "PrimitiveType": "String",
          "UpdateType": "Immutable"
        }
      }
    }
  },
  "ResourceSpecificationVersion": "3.0.0"
}