{
  "ResourceType": {
    "AWS::ServiceCatalog::LaunchNotificationConstraint": {
      "Documentation": "http://docs.aws.amazon.com/AWSCloudFormation/latest/UserGuide/aws-resource-servicecatalog-launchnotificationconstraint.html",
      "Properties": {
        "Description": {
          "Required": false,
          "Documentation": "http://docs.aws.amazon.com/AWSCloudFormation/latest/UserGuide/aws-resource-servicecatalog-launchnotificationconstraint.html#cfn-servicecatalog-launchnotificationconstraint-description",
          "PrimitiveType": "String",
          "UpdateType": "Mutable"
        },
        "NotificationArns": {
          "PrimitiveItemType": "String",
          "Type": "List",
          "Required": true,
          "Documentation": "http://docs.aws.amazon.com/AWSCloudFormation/latest/UserGuide/aws-resource-servicecatalog-launchnotificationconstraint.html#cfn-servicecatalog-launchnotificationconstraint-notificationarns",
          "UpdateType": "Immutable"
        },
        "AcceptLanguage": {
          "Required": false,
          "Documentation": "http://docs.aws.amazon.com/AWSCloudFormation/latest/UserGuide/aws-resource-servicecatalog-launchnotificationconstraint.html#cfn-servicecatalog-launchnotificationconstraint-acceptlanguage",
          "PrimitiveType": "String",
          "UpdateType": "Mutable"
        },
        "PortfolioId": {
          "Required": true,
          "Documentation": "http://docs.aws.amazon.com/AWSCloudFormation/latest/UserGuide/aws-resource-servicecatalog-launchnotificationconstraint.html#cfn-servicecatalog-launchnotificationconstraint-portfolioid",
          "PrimitiveType": "String",
          "UpdateType": "Immutable"
        },
        "ProductId": {
          "Required": true,
          "Documentation": "http://docs.aws.amazon.com/AWSCloudFormation/latest/UserGuide/aws-resource-servicecatalog-launchnotificationconstraint.html#cfn-servicecatalog-launchnotificationconstraint-productid",
          "PrimitiveType": "String",
          "UpdateType": "Immutable"
        }
      }
    }
  },
  "ResourceSpecificationVersion": "3.0.0"
}