{
  "PropertyTypes": {
    "AWS::SES::ConfigurationSetEventDestination.EventDestination": {
      "Documentation": "http://docs.aws.amazon.com/AWSCloudFormation/latest/UserGuide/aws-properties-ses-configurationseteventdestination-eventdestination.html",
      "Properties": {
        "CloudWatchDestination": {
          "Type": "CloudWatchDestination",
          "Required": false,
          "Documentation": "http://docs.aws.amazon.com/AWSCloudFormation/latest/UserGuide/aws-properties-ses-configurationseteventdestination-eventdestination.html#cfn-ses-configurationseteventdestination-eventdestination-cloudwatchdestination",
          "UpdateType": "Mutable"
        },
        "Enabled": {
          "Required": false,
          "Documentation": "http://docs.aws.amazon.com/AWSCloudFormation/latest/UserGuide/aws-properties-ses-configurationseteventdestination-eventdestination.html#cfn-ses-configurationseteventdestination-eventdestination-enabled",
          "PrimitiveType": "Boolean",
          "UpdateType": "Mutable"
        },
        "MatchingEventTypes": {
          "PrimitiveItemType": "String",
          "Type": "List",
          "Required": true,
          "Documentation": "http://docs.aws.amazon.com/AWSCloudFormation/latest/UserGuide/aws-properties-ses-configurationseteventdestination-eventdestination.html#cfn-ses-configurationseteventdestination-eventdestination-matchingeventtypes",
          "UpdateType": "Mutable"
        },
        "Name": {
          "Required": false,
          "Documentation": "http://docs.aws.amazon.com/AWSCloudFormation/latest/UserGuide/aws-properties-ses-configurationseteventdestination-eventdestination.html#cfn-ses-configurationseteventdestination-eventdestination-name",
          "PrimitiveType": "String",
          "UpdateType": "Mutable"
        },
        "KinesisFirehoseDestination": {
          "Type": "KinesisFirehoseDestination",
          "Required": false,
          "Documentation": "http://docs.aws.amazon.com/AWSCloudFormation/latest/UserGuide/aws-properties-ses-configurationseteventdestination-eventdestination.html#cfn-ses-configurationseteventdestination-eventdestination-kinesisfirehosedestination",
          "UpdateType": "Mutable"
        }
      }
    },
    "AWS::SES::ConfigurationSetEventDestination.KinesisFirehoseDestination": {
      "Documentation": "http://docs.aws.amazon.com/AWSCloudFormation/latest/UserGuide/aws-properties-ses-configurationseteventdestination-kinesisfirehosedestination.html",
      "Properties": {
        "IAMRoleARN": {
          "Required": true,
          "Documentation": "http://docs.aws.amazon.com/AWSCloudFormation/latest/UserGuide/aws-properties-ses-configurationseteventdestination-kinesisfirehosedestination.html#cfn-ses-configurationseteventdestination-kinesisfirehosedestination-iamrolearn",
          "PrimitiveType": "String",
          "UpdateType": "Mutable"
        },
        "DeliveryStreamARN": {
          "Required": true,
          "Documentation": "http://docs.aws.amazon.com/AWSCloudFormation/latest/UserGuide/aws-properties-ses-configurationseteventdestination-kinesisfirehosedestination.html#cfn-ses-configurationseteventdestination-kinesisfirehosedestination-deliverystreamarn",
          "PrimitiveType": "String",
          "UpdateType": "Mutable"
        }
      }
    },
    "AWS::SES::ConfigurationSetEventDestination.DimensionConfiguration": {
      "Documentation": "http://docs.aws.amazon.com/AWSCloudFormation/latest/UserGuide/aws-properties-ses-configurationseteventdestination-dimensionconfiguration.html",
      "Properties": {
        "DimensionValueSource": {
          "Required": true,
          "Documentation": "http://docs.aws.amazon.com/AWSCloudFormation/latest/UserGuide/aws-properties-ses-configurationseteventdestination-dimensionconfiguration.html#cfn-ses-configurationseteventdestination-dimensionconfiguration-dimensionvaluesource",
          "PrimitiveType": "String",
          "UpdateType": "Mutable"
        },
        "DefaultDimensionValue": {
          "Required": true,
          "Documentation": "http://docs.aws.amazon.com/AWSCloudFormation/latest/UserGuide/aws-properties-ses-configurationseteventdestination-dimensionconfiguration.html#cfn-ses-configurationseteventdestination-dimensionconfiguration-defaultdimensionvalue",
          "PrimitiveType": "String",
          "UpdateType": "Mutable"
        },
        "DimensionName": {
          "Required": true,
          "Documentation": "http://docs.aws.amazon.com/AWSCloudFormation/latest/UserGuide/aws-properties-ses-configurationseteventdestination-dimensionconfiguration.html#cfn-ses-configurationseteventdestination-dimensionconfiguration-dimensionname",
          "PrimitiveType": "String",
          "UpdateType": "Mutable"
        }
      }
    },
    "AWS::SES::ConfigurationSetEventDestination.CloudWatchDestination": {
      "Documentation": "http://docs.aws.amazon.com/AWSCloudFormation/latest/UserGuide/aws-properties-ses-configurationseteventdestination-cloudwatchdestination.html",
      "Properties": {
        "DimensionConfigurations": {
          "Type": "List",
          "Required": false,
          "Documentation": "http://docs.aws.amazon.com/AWSCloudFormation/latest/UserGuide/aws-properties-ses-configurationseteventdestination-cloudwatchdestination.html#cfn-ses-configurationseteventdestination-cloudwatchdestination-dimensionconfigurations",
          "ItemType": "DimensionConfiguration",
          "UpdateType": "Mutable"
        }
      }
    }
  },
  "ResourceType": {
    "AWS::SES::ConfigurationSetEventDestination": {
      "Documentation": "http://docs.aws.amazon.com/AWSCloudFormation/latest/UserGuide/aws-resource-ses-configurationseteventdestination.html",
      "Properties": {
        "ConfigurationSetName": {
          "Required": true,
          "Documentation": "http://docs.aws.amazon.com/AWSCloudFormation/latest/UserGuide/aws-resource-ses-configurationseteventdestination.html#cfn-ses-configurationseteventdestination-configurationsetname",
          "PrimitiveType": "String",
          "UpdateType": "Immutable"
        },
        "EventDestination": {
          "Type": "EventDestination",
          "Required": true,
          "Documentation": "http://docs.aws.amazon.com/AWSCloudFormation/latest/UserGuide/aws-resource-ses-configurationseteventdestination.html#cfn-ses-configurationseteventdestination-eventdestination",
          "UpdateType": "Mutable"
        }
      }
    }
  },
  "ResourceSpecificationVersion": "3.0.0"
}