{
  "ResourceType": {
    "AWS::SES::ReceiptRuleSet": {
      "Documentation": "http://docs.aws.amazon.com/AWSCloudFormation/latest/UserGuide/aws-resource-ses-receiptruleset.html",
      "Properties": {
        "RuleSetName": {
          "Required": false,
          "Documentation": "http://docs.aws.amazon.com/AWSCloudFormation/latest/UserGuide/aws-resource-ses-receiptruleset.html#cfn-ses-receiptruleset-rulesetname",
          "PrimitiveType": "String",
          "UpdateType": "Immutable"
        }
      }
    }
  },
  "ResourceSpecificationVersion": "3.0.0"
}