{
  "PropertyTypes": {
    "AWS::SES::ReceiptFilter.Filter": {
      "Documentation": "http://docs.aws.amazon.com/AWSCloudFormation/latest/UserGuide/aws-properties-ses-receiptfilter-filter.html",
      "Properties": {
        "IpFilter": {
          "Type": "IpFilter",
          "Required": true,
          "Documentation": "http://docs.aws.amazon.com/AWSCloudFormation/latest/UserGuide/aws-properties-ses-receiptfilter-filter.html#cfn-ses-receiptfilter-filter-ipfilter",
          "UpdateType": "Mutable"
        },
        "Name": {
          "Required": false,
          "Documentation": "http://docs.aws.amazon.com/AWSCloudFormation/latest/UserGuide/aws-properties-ses-receiptfilter-filter.html#cfn-ses-receiptfilter-filter-name",
          "PrimitiveType": "String",
          "UpdateType": "Mutable"
        }
      }
    },
    "AWS::SES::ReceiptFilter.IpFilter": {
      "Documentation": "http://docs.aws.amazon.com/AWSCloudFormation/latest/UserGuide/aws-properties-ses-receiptfilter-ipfilter.html",
      "Properties": {
        "Policy": {
          "Required": true,
          "Documentation": "http://docs.aws.amazon.com/AWSCloudFormation/latest/UserGuide/aws-properties-ses-receiptfilter-ipfilter.html#cfn-ses-receiptfilter-ipfilter-policy",
          "PrimitiveType": "String",
          "UpdateType": "Mutable"
        },
        "Cidr": {
          "Required": true,
          "Documentation": "http://docs.aws.amazon.com/AWSCloudFormation/latest/UserGuide/aws-properties-ses-receiptfilter-ipfilter.html#cfn-ses-receiptfilter-ipfilter-cidr",
          "PrimitiveType": "String",
          "UpdateType": "Mutable"
        }
      }
    }
  },
  "ResourceType": {
    "AWS::SES::ReceiptFilter": {
      "Documentation": "http://docs.aws.amazon.com/AWSCloudFormation/latest/UserGuide/aws-resource-ses-receiptfilter.html",
      "Properties": {
        "Filter": {
          "Type": "Filter",
          "Required": true,
          "Documentation": "http://docs.aws.amazon.com/AWSCloudFormation/latest/UserGuide/aws-resource-ses-receiptfilter.html#cfn-ses-receiptfilter-filter",
          "UpdateType": "Immutable"
        }
      }
    }
  },
  "ResourceSpecificationVersion": "3.0.0"
}