{
  "PropertyTypes": {
    "AWS::SES::ReceiptRule.SNSAction": {
      "Documentation": "http://docs.aws.amazon.com/AWSCloudFormation/latest/UserGuide/aws-properties-ses-receiptrule-snsaction.html",
      "Properties": {
        "TopicArn": {
          "Required": false,
          "Documentation": "http://docs.aws.amazon.com/AWSCloudFormation/latest/UserGuide/aws-properties-ses-receiptrule-snsaction.html#cfn-ses-receiptrule-snsaction-topicarn",
          "PrimitiveType": "String",
          "UpdateType": "Mutable"
        },
        "Encoding": {
          "Required": false,
          "Documentation": "http://docs.aws.amazon.com/AWSCloudFormation/latest/UserGuide/aws-properties-ses-receiptrule-snsaction.html#cfn-ses-receiptrule-snsaction-encoding",
          "PrimitiveType": "String",
          "UpdateType": "Mutable"
        }
      }
    },
    "AWS::SES::ReceiptRule.WorkmailAction": {
      "Documentation": "http://docs.aws.amazon.com/AWSCloudFormation/latest/UserGuide/aws-properties-ses-receiptrule-workmailaction.html",
      "Properties": {
        "TopicArn": {
          "Required": false,
          "Documentation": "http://docs.aws.amazon.com/AWSCloudFormation/latest/UserGuide/aws-properties-ses-receiptrule-workmailaction.html#cfn-ses-receiptrule-workmailaction-topicarn",
          "PrimitiveType": "String",
          "UpdateType": "Mutable"
        },
        "OrganizationArn": {
          "Required": true,
          "Documentation": "http://docs.aws.amazon.com/AWSCloudFormation/latest/UserGuide/aws-properties-ses-receiptrule-workmailaction.html#cfn-ses-receiptrule-workmailaction-organizationarn",
          "PrimitiveType": "String",
          "UpdateType": "Mutable"
        }
      }
    },
    "AWS::SES::ReceiptRule.StopAction": {
      "Documentation": "http://docs.aws.amazon.com/AWSCloudFormation/latest/UserGuide/aws-properties-ses-receiptrule-stopaction.html",
      "Properties": {
        "Scope": {
          "Required": true,
          "Documentation": "http://docs.aws.amazon.com/AWSCloudFormation/latest/UserGuide/aws-properties-ses-receiptrule-stopaction.html#cfn-ses-receiptrule-stopaction-scope",
          "PrimitiveType": "String",
          "UpdateType": "Mutable"
        },
        "TopicArn": {
          "Required": false,
          "Documentation": "http://docs.aws.amazon.com/AWSCloudFormation/latest/UserGuide/aws-properties-ses-receiptrule-stopaction.html#cfn-ses-receiptrule-stopaction-topicarn",
          "PrimitiveType": "String",
          "UpdateType": "Mutable"
        }
      }
    },
    "AWS::SES::ReceiptRule.AddHeaderAction": {
      "Documentation": "http://docs.aws.amazon.com/AWSCloudFormation/latest/UserGuide/aws-properties-ses-receiptrule-addheaderaction.html",
      "Properties": {
        "HeaderValue": {
          "Required": true,
          "Documentation": "http://docs.aws.amazon.com/AWSCloudFormation/latest/UserGuide/aws-properties-ses-receiptrule-addheaderaction.html#cfn-ses-receiptrule-addheaderaction-headervalue",
          "PrimitiveType": "String",
          "UpdateType": "Mutable"
        },
        "HeaderName": {
          "Required": true,
          "Documentation": "http://docs.aws.amazon.com/AWSCloudFormation/latest/UserGuide/aws-properties-ses-receiptrule-addheaderaction.html#cfn-ses-receiptrule-addheaderaction-headername",
          "PrimitiveType": "String",
          "UpdateType": "Mutable"
        }
      }
    },
    "AWS::SES::ReceiptRule.BounceAction": {
      "Documentation": "http://docs.aws.amazon.com/AWSCloudFormation/latest/UserGuide/aws-properties-ses-receiptrule-bounceaction.html",
      "Properties": {
        "Sender": {
          "Required": true,
          "Documentation": "http://docs.aws.amazon.com/AWSCloudFormation/latest/UserGuide/aws-properties-ses-receiptrule-bounceaction.html#cfn-ses-receiptrule-bounceaction-sender",
          "PrimitiveType": "String",
          "UpdateType": "Mutable"
        },
        "SmtpReplyCode": {
          "Required": true,
          "Documentation": "http://docs.aws.amazon.com/AWSCloudFormation/latest/UserGuide/aws-properties-ses-receiptrule-bounceaction.html#cfn-ses-receiptrule-bounceaction-smtpreplycode",
          "PrimitiveType": "String",
          "UpdateType": "Mutable"
        },
        "Message": {
          "Required": true,
          "Documentation": "http://docs.aws.amazon.com/AWSCloudFormation/latest/UserGuide/aws-properties-ses-receiptrule-bounceaction.html#cfn-ses-receiptrule-bounceaction-message",
          "PrimitiveType": "String",
          "UpdateType": "Mutable"
        },
        "TopicArn": {
          "Required": false,
          "Documentation": "http://docs.aws.amazon.com/AWSCloudFormation/latest/UserGuide/aws-properties-ses-receiptrule-bounceaction.html#cfn-ses-receiptrule-bounceaction-topicarn",
          "PrimitiveType": "String",
          "UpdateType": "Mutable"
        },
        "StatusCode": {
          "Required": false,
          "Documentation": "http://docs.aws.amazon.com/AWSCloudFormation/latest/UserGuide/aws-properties-ses-receiptrule-bounceaction.html#cfn-ses-receiptrule-bounceaction-statuscode",
          "PrimitiveType": "String",
          "UpdateType": "Mutable"
        }
      }
    },
    "AWS::SES::ReceiptRule.LambdaAction": {
      "Documentation": "http://docs.aws.amazon.com/AWSCloudFormation/latest/UserGuide/aws-properties-ses-receiptrule-lambdaaction.html",
      "Properties": {
        "FunctionArn": {
          "Required": true,
          "Documentation": "http://docs.aws.amazon.com/AWSCloudFormation/latest/UserGuide/aws-properties-ses-receiptrule-lambdaaction.html#cfn-ses-receiptrule-lambdaaction-functionarn",
          "PrimitiveType": "String",
          "UpdateType": "Mutable"
        },
        "TopicArn": {
          "Required": false,
          "Documentation": "http://docs.aws.amazon.com/AWSCloudFormation/latest/UserGuide/aws-properties-ses-receiptrule-lambdaaction.html#cfn-ses-receiptrule-lambdaaction-topicarn",
          "PrimitiveType": "String",
          "UpdateType": "Mutable"
        },
        "InvocationType": {
          "Required": false,
          "Documentation": "http://docs.aws.amazon.com/AWSCloudFormation/latest/UserGuide/aws-properties-ses-receiptrule-lambdaaction.html#cfn-ses-receiptrule-lambdaaction-invocationtype",
          "PrimitiveType": "String",
          "UpdateType": "Mutable"
        }
      }
    },
    "AWS::SES::ReceiptRule.Rule": {
      "Documentation": "http://docs.aws.amazon.com/AWSCloudFormation/latest/UserGuide/aws-properties-ses-receiptrule-rule.html",
      "Properties": {
        "ScanEnabled": {
          "Required": false,
          "Documentation": "http://docs.aws.amazon.com/AWSCloudFormation/latest/UserGuide/aws-properties-ses-receiptrule-rule.html#cfn-ses-receiptrule-rule-scanenabled",
          "PrimitiveType": "Boolean",
          "UpdateType": "Mutable"
        },
        "Recipients": {
          "PrimitiveItemType": "String",
          "Type": "List",
          "Required": false,
          "Documentation": "http://docs.aws.amazon.com/AWSCloudFormation/latest/UserGuide/aws-properties-ses-receiptrule-rule.html#cfn-ses-receiptrule-rule-recipients",
          "UpdateType": "Mutable"
        },
        "Actions": {
          "Type": "List",
          "Required": false,
          "Documentation": "http://docs.aws.amazon.com/AWSCloudFormation/latest/UserGuide/aws-properties-ses-receiptrule-rule.html#cfn-ses-receiptrule-rule-actions",
          "ItemType": "Action",
          "UpdateType": "Mutable"
        },
        "Enabled": {
          "Required": false,
          "Documentation": "http://docs.aws.amazon.com/AWSCloudFormation/latest/UserGuide/aws-properties-ses-receiptrule-rule.html#cfn-ses-receiptrule-rule-enabled",
          "PrimitiveType": "Boolean",
          "UpdateType": "Mutable"
        },
        "Name": {
          "Required": false,
          "Documentation": "http://docs.aws.amazon.com/AWSCloudFormation/latest/UserGuide/aws-properties-ses-receiptrule-rule.html#cfn-ses-receiptrule-rule-name",
          "PrimitiveType": "String",
          "UpdateType": "Immutable"
        },
        "TlsPolicy": {
          "Required": false,
          "Documentation": "http://docs.aws.amazon.com/AWSCloudFormation/latest/UserGuide/aws-properties-ses-receiptrule-rule.html#cfn-ses-receiptrule-rule-tlspolicy",
          "PrimitiveType": "String",
          "UpdateType": "Mutable"
        }
      }
    },
    "AWS::SES::ReceiptRule.S3Action": {
      "Documentation": "http://docs.aws.amazon.com/AWSCloudFormation/latest/UserGuide/aws-properties-ses-receiptrule-s3action.html",
      "Properties": {
        "BucketName": {
          "Required": true,
          "Documentation": "http://docs.aws.amazon.com/AWSCloudFormation/latest/UserGuide/aws-properties-ses-receiptrule-s3action.html#cfn-ses-receiptrule-s3action-bucketname",
          "PrimitiveType": "String",
          "UpdateType": "Mutable"
        },
        "KmsKeyArn": {
          "Required": false,
          "Documentation": "http://docs.aws.amazon.com/AWSCloudFormation/latest/UserGuide/aws-properties-ses-receiptrule-s3action.html#cfn-ses-receiptrule-s3action-kmskeyarn",
          "PrimitiveType": "String",
          "UpdateType": "Mutable"
        },
        "TopicArn": {
          "Required": false,
          "Documentation": "http://docs.aws.amazon.com/AWSCloudFormation/latest/UserGuide/aws-properties-ses-receiptrule-s3action.html#cfn-ses-receiptrule-s3action-topicarn",
          "PrimitiveType": "String",
          "UpdateType": "Mutable"
        },
        "ObjectKeyPrefix": {
          "Required": false,
          "Documentation": "http://docs.aws.amazon.com/AWSCloudFormation/latest/UserGuide/aws-properties-ses-receiptrule-s3action.html#cfn-ses-receiptrule-s3action-objectkeyprefix",
          "PrimitiveType": "String",
          "UpdateType": "Mutable"
        }
      }
    },
    "AWS::SES::ReceiptRule.Action": {
      "Documentation": "http://docs.aws.amazon.com/AWSCloudFormation/latest/UserGuide/aws-properties-ses-receiptrule-action.html",
      "Properties": {
        "BounceAction": {
          "Type": "BounceAction",
          "Required": false,
          "Documentation": "http://docs.aws.amazon.com/AWSCloudFormation/latest/UserGuide/aws-properties-ses-receiptrule-action.html#cfn-ses-receiptrule-action-bounceaction",
          "UpdateType": "Mutable"
        },
        "S3Action": {
          "Type": "S3Action",
          "Required": false,
          "Documentation": "http://docs.aws.amazon.com/AWSCloudFormation/latest/UserGuide/aws-properties-ses-receiptrule-action.html#cfn-ses-receiptrule-action-s3action",
          "UpdateType": "Mutable"
        },
        "StopAction": {
          "Type": "StopAction",
          "Required": false,
          "Documentation": "http://docs.aws.amazon.com/AWSCloudFormation/latest/UserGuide/aws-properties-ses-receiptrule-action.html#cfn-ses-receiptrule-action-stopaction",
          "UpdateType": "Mutable"
        },
        "SNSAction": {
          "Type": "SNSAction",
          "Required": false,
          "Documentation": "http://docs.aws.amazon.com/AWSCloudFormation/latest/UserGuide/aws-properties-ses-receiptrule-action.html#cfn-ses-receiptrule-action-snsaction",
          "UpdateType": "Mutable"
        },
        "WorkmailAction": {
          "Type": "WorkmailAction",
          "Required": false,
          "Documentation": "http://docs.aws.amazon.com/AWSCloudFormation/latest/UserGuide/aws-properties-ses-receiptrule-action.html#cfn-ses-receiptrule-action-workmailaction",
          "UpdateType": "Mutable"
        },
        "AddHeaderAction": {
          "Type": "AddHeaderAction",
          "Required": false,
          "Documentation": "http://docs.aws.amazon.com/AWSCloudFormation/latest/UserGuide/aws-properties-ses-receiptrule-action.html#cfn-ses-receiptrule-action-addheaderaction",
          "UpdateType": "Mutable"
        },
        "LambdaAction": {
          "Type": "LambdaAction",
          "Required": false,
          "Documentation": "http://docs.aws.amazon.com/AWSCloudFormation/latest/UserGuide/aws-properties-ses-receiptrule-action.html#cfn-ses-receiptrule-action-lambdaaction",
          "UpdateType": "Mutable"
        }
      }
    }
  },
  "ResourceType": {
    "AWS::SES::ReceiptRule": {
      "Documentation": "http://docs.aws.amazon.com/AWSCloudFormation/latest/UserGuide/aws-resource-ses-receiptrule.html",
      "Properties": {
        "After": {
          "Required": false,
          "Documentation": "http://docs.aws.amazon.com/AWSCloudFormation/latest/UserGuide/aws-resource-ses-receiptrule.html#cfn-ses-receiptrule-after",
          "PrimitiveType": "String",
          "UpdateType": "Mutable"
        },
        "Rule": {
          "Type": "Rule",
          "Required": true,
          "Documentation": "http://docs.aws.amazon.com/AWSCloudFormation/latest/UserGuide/aws-resource-ses-receiptrule.html#cfn-ses-receiptrule-rule",
          "UpdateType": "Mutable"
        },
        "RuleSetName": {
          "Required": true,
          "Documentation": "http://docs.aws.amazon.com/AWSCloudFormation/latest/UserGuide/aws-resource-ses-receiptrule.html#cfn-ses-receiptrule-rulesetname",
          "PrimitiveType": "String",
          "UpdateType": "Immutable"
        }
      }
    }
  },
  "ResourceSpecificationVersion": "3.0.0"
}