{
  "PropertyTypes": {
    "AWS::SES::Template.Template": {
      "Documentation": "http://docs.aws.amazon.com/AWSCloudFormation/latest/UserGuide/aws-properties-ses-template-template.html",
      "Properties": {
        "HtmlPart": {
          "Required": false,
          "Documentation": "http://docs.aws.amazon.com/AWSCloudFormation/latest/UserGuide/aws-properties-ses-template-template.html#cfn-ses-template-template-htmlpart",
          "PrimitiveType": "String",
          "UpdateType": "Mutable"
        },
        "TextPart": {
          "Required": false,
          "Documentation": "http://docs.aws.amazon.com/AWSCloudFormation/latest/UserGuide/aws-properties-ses-template-template.html#cfn-ses-template-template-textpart",
          "PrimitiveType": "String",
          "UpdateType": "Mutable"
        },
        "TemplateName": {
          "Required": false,
          "Documentation": "http://docs.aws.amazon.com/AWSCloudFormation/latest/UserGuide/aws-properties-ses-template-template.html#cfn-ses-template-template-templatename",
          "PrimitiveType": "String",
          "UpdateType": "Immutable"
        },
        "SubjectPart": {
          "Required": false,
          "Documentation": "http://docs.aws.amazon.com/AWSCloudFormation/latest/UserGuide/aws-properties-ses-template-template.html#cfn-ses-template-template-subjectpart",
          "PrimitiveType": "String",
          "UpdateType": "Mutable"
        }
      }
    }
  },
  "ResourceType": {
    "AWS::SES::Template": {
      "Documentation": "http://docs.aws.amazon.com/AWSCloudFormation/latest/UserGuide/aws-resource-ses-template.html",
      "Properties": {
        "Template": {
          "Type": "Template",
          "Required": false,
          "Documentation": "http://docs.aws.amazon.com/AWSCloudFormation/latest/UserGuide/aws-resource-ses-template.html#cfn-ses-template-template",
          "UpdateType": "Mutable"
        }
      }
    }
  },
  "ResourceSpecificationVersion": "3.0.0"
}