{
  "PropertyTypes": {
    "AWS::SNS::Topic.Subscription": {
      "Documentation": "http://docs.aws.amazon.com/AWSCloudFormation/latest/UserGuide/aws-properties-sns-subscription.html",
      "Properties": {
        "Endpoint": {
          "Documentation": "http://docs.aws.amazon.com/AWSCloudFormation/latest/UserGuide/aws-properties-sns-subscription.html#cfn-sns-topic-subscription-endpoint",
          "PrimitiveType": "String",
          "Required": true,
          "UpdateType": "Immutable"
        },
        "Protocol": {
          "Documentation": "http://docs.aws.amazon.com/AWSCloudFormation/latest/UserGuide/aws-properties-sns-subscription.html#cfn-sns-topic-subscription-protocol",
          "PrimitiveType": "String",
          "Required": true,
          "UpdateType": "Immutable"
        }
      }
    }
  },
  "ResourceType": {
    "AWS::SNS::Topic": {
      "Attributes": {
        "TopicName": {
          "PrimitiveType": "String"
        }
      },
      "Documentation": "http://docs.aws.amazon.com/AWSCloudFormation/latest/UserGuide/aws-properties-sns-topic.html",
      "Properties": {
        "DisplayName": {
          "Documentation": "http://docs.aws.amazon.com/AWSCloudFormation/latest/UserGuide/aws-properties-sns-topic.html#cfn-sns-topic-displayname",
          "PrimitiveType": "String",
          "Required": false,
          "UpdateType": "Mutable"
        },
        "KmsMasterKeyId": {
          "Documentation": "http://docs.aws.amazon.com/AWSCloudFormation/latest/UserGuide/aws-properties-sns-topic.html#cfn-sns-topic-kmsmasterkeyid",
          "PrimitiveType": "String",
          "Required": false,
          "UpdateType": "Mutable"
        },
        "Subscription": {
          "Documentation": "http://docs.aws.amazon.com/AWSCloudFormation/latest/UserGuide/aws-properties-sns-topic.html#cfn-sns-topic-subscription",
          "DuplicatesAllowed": true,
          "ItemType": "Subscription",
          "Required": false,
          "Type": "List",
          "UpdateType": "Mutable"
        },
        "TopicName": {
          "Documentation": "http://docs.aws.amazon.com/AWSCloudFormation/latest/UserGuide/aws-properties-sns-topic.html#cfn-sns-topic-topicname",
          "PrimitiveType": "String",
          "Required": false,
          "UpdateType": "Immutable"
        }
      }
    }
  },
  "ResourceSpecificationVersion": "3.0.0"
}