{
  "ResourceType": {
    "AWS::SQS::QueuePolicy": {
      "Documentation": "http://docs.aws.amazon.com/AWSCloudFormation/latest/UserGuide/aws-properties-sqs-policy.html",
      "Properties": {
        "PolicyDocument": {
          "Documentation": "http://docs.aws.amazon.com/AWSCloudFormation/latest/UserGuide/aws-properties-sqs-policy.html#cfn-sqs-queuepolicy-policydoc",
          "PrimitiveType": "Json",
          "Required": true,
          "UpdateType": "Mutable"
        },
        "Queues": {
          "Documentation": "http://docs.aws.amazon.com/AWSCloudFormation/latest/UserGuide/aws-properties-sqs-policy.html#cfn-sqs-queuepolicy-queues",
          "DuplicatesAllowed": true,
          "PrimitiveItemType": "String",
          "Required": true,
          "Type": "List",
          "UpdateType": "Mutable"
        }
      }
    }
  },
  "ResourceSpecificationVersion": "3.0.0"
}