{
  "PropertyTypes": {
    "AWS::SSM::Association.InstanceAssociationOutputLocation": {
      "Documentation": "http://docs.aws.amazon.com/AWSCloudFormation/latest/UserGuide/aws-properties-ssm-association-instanceassociationoutputlocation.html",
      "Properties": {
        "S3Location": {
          "Documentation": "http://docs.aws.amazon.com/AWSCloudFormation/latest/UserGuide/aws-properties-ssm-association-instanceassociationoutputlocation.html#cfn-ssm-association-instanceassociationoutputlocation-s3location",
          "Required": false,
          "Type": "S3OutputLocation",
          "UpdateType": "Mutable"
        }
      }
    },
    "AWS::SSM::Association.ParameterValues": {
      "Documentation": "http://docs.aws.amazon.com/AWSCloudFormation/latest/UserGuide/aws-properties-ssm-association-parametervalues.html",
      "Properties": {
        "ParameterValues": {
          "Documentation": "http://docs.aws.amazon.com/AWSCloudFormation/latest/UserGuide/aws-properties-ssm-association-parametervalues.html#cfn-ssm-association-parametervalues-parametervalues",
          "DuplicatesAllowed": false,
          "PrimitiveItemType": "String",
          "Required": true,
          "Type": "List",
          "UpdateType": "Mutable"
        }
      }
    },
    "AWS::SSM::Association.S3OutputLocation": {
      "Documentation": "http://docs.aws.amazon.com/AWSCloudFormation/latest/UserGuide/aws-properties-ssm-association-s3outputlocation.html",
      "Properties": {
        "OutputS3BucketName": {
          "Documentation": "http://docs.aws.amazon.com/AWSCloudFormation/latest/UserGuide/aws-properties-ssm-association-s3outputlocation.html#cfn-ssm-association-s3outputlocation-outputs3bucketname",
          "PrimitiveType": "String",
          "Required": false,
          "UpdateType": "Mutable"
        },
        "OutputS3KeyPrefix": {
          "Documentation": "http://docs.aws.amazon.com/AWSCloudFormation/latest/UserGuide/aws-properties-ssm-association-s3outputlocation.html#cfn-ssm-association-s3outputlocation-outputs3keyprefix",
          "PrimitiveType": "String",
          "Required": false,
          "UpdateType": "Mutable"
        }
      }
    },
    "AWS::SSM::Association.Target": {
      "Documentation": "http://docs.aws.amazon.com/AWSCloudFormation/latest/UserGuide/aws-properties-ssm-association-target.html",
      "Properties": {
        "Key": {
          "Documentation": "http://docs.aws.amazon.com/AWSCloudFormation/latest/UserGuide/aws-properties-ssm-association-target.html#cfn-ssm-association-target-key",
          "PrimitiveType": "String",
          "Required": true,
          "UpdateType": "Immutable"
        },
        "Values": {
          "Documentation": "http://docs.aws.amazon.com/AWSCloudFormation/latest/UserGuide/aws-properties-ssm-association-target.html#cfn-ssm-association-target-values",
          "DuplicatesAllowed": false,
          "PrimitiveItemType": "String",
          "Required": true,
          "Type": "List",
          "UpdateType": "Immutable"
        }
      }
    }
  },
  "ResourceType": {
    "AWS::SSM::Association": {
      "Documentation": "http://docs.aws.amazon.com/AWSCloudFormation/latest/UserGuide/aws-resource-ssm-association.html",
      "Properties": {
        "AssociationName": {
          "Documentation": "http://docs.aws.amazon.com/AWSCloudFormation/latest/UserGuide/aws-resource-ssm-association.html#cfn-ssm-association-associationname",
          "PrimitiveType": "String",
          "Required": false,
          "UpdateType": "Mutable"
        },
        "DocumentVersion": {
          "Documentation": "http://docs.aws.amazon.com/AWSCloudFormation/latest/UserGuide/aws-resource-ssm-association.html#cfn-ssm-association-documentversion",
          "PrimitiveType": "String",
          "Required": false,
          "UpdateType": "Mutable"
        },
        "InstanceId": {
          "Documentation": "http://docs.aws.amazon.com/AWSCloudFormation/latest/UserGuide/aws-resource-ssm-association.html#cfn-ssm-association-instanceid",
          "PrimitiveType": "String",
          "Required": false,
          "UpdateType": "Immutable"
        },
        "Name": {
          "Documentation": "http://docs.aws.amazon.com/AWSCloudFormation/latest/UserGuide/aws-resource-ssm-association.html#cfn-ssm-association-name",
          "PrimitiveType": "String",
          "Required": true,
          "UpdateType": "Immutable"
        },
        "OutputLocation": {
          "Documentation": "http://docs.aws.amazon.com/AWSCloudFormation/latest/UserGuide/aws-resource-ssm-association.html#cfn-ssm-association-outputlocation",
          "Required": false,
          "Type": "InstanceAssociationOutputLocation",
          "UpdateType": "Mutable"
        },
        "Parameters": {
          "Documentation": "http://docs.aws.amazon.com/AWSCloudFormation/latest/UserGuide/aws-resource-ssm-association.html#cfn-ssm-association-parameters",
          "DuplicatesAllowed": false,
          "ItemType": "ParameterValues",
          "Required": false,
          "Type": "Map",
          "UpdateType": "Mutable"
        },
        "ScheduleExpression": {
          "Documentation": "http://docs.aws.amazon.com/AWSCloudFormation/latest/UserGuide/aws-resource-ssm-association.html#cfn-ssm-association-scheduleexpression",
          "PrimitiveType": "String",
          "Required": false,
          "UpdateType": "Mutable"
        },
        "Targets": {
          "Documentation": "http://docs.aws.amazon.com/AWSCloudFormation/latest/UserGuide/aws-resource-ssm-association.html#cfn-ssm-association-targets",
          "DuplicatesAllowed": false,
          "ItemType": "Target",
          "Required": false,
          "Type": "List",
          "UpdateType": "Immutable"
        }
      }
    }
  },
  "ResourceSpecificationVersion": "3.0.0"
}