{
  "PropertyTypes": {
    "Tag": {
      "Documentation": "http://docs.aws.amazon.com/AWSCloudFormation/latest/UserGuide/aws-properties-ssm-maintenancewindow-tag.html",
      "Properties": {
        "Value": {
          "Required": true,
          "Documentation": "http://docs.aws.amazon.com/AWSCloudFormation/latest/UserGuide/aws-properties-ssm-maintenancewindow-tag.html#cfn-ssm-maintenancewindow-tag-value",
          "PrimitiveType": "String",
          "UpdateType": "Mutable"
        },
        "Key": {
          "Required": true,
          "Documentation": "http://docs.aws.amazon.com/AWSCloudFormation/latest/UserGuide/aws-properties-ssm-maintenancewindow-tag.html#cfn-ssm-maintenancewindow-tag-key",
          "PrimitiveType": "String",
          "UpdateType": "Mutable"
        }
      }
    }
  },
  "ResourceType": {
    "AWS::SSM::MaintenanceWindow": {
      "Documentation": "http://docs.aws.amazon.com/AWSCloudFormation/latest/UserGuide/aws-resource-ssm-maintenancewindow.html",
      "Properties": {
        "StartDate": {
          "Required": false,
          "Documentation": "http://docs.aws.amazon.com/AWSCloudFormation/latest/UserGuide/aws-resource-ssm-maintenancewindow.html#cfn-ssm-maintenancewindow-startdate",
          "PrimitiveType": "String",
          "UpdateType": "Mutable"
        },
        "Description": {
          "Required": false,
          "Documentation": "http://docs.aws.amazon.com/AWSCloudFormation/latest/UserGuide/aws-resource-ssm-maintenancewindow.html#cfn-ssm-maintenancewindow-description",
          "PrimitiveType": "String",
          "UpdateType": "Mutable"
        },
        "AllowUnassociatedTargets": {
          "Required": true,
          "Documentation": "http://docs.aws.amazon.com/AWSCloudFormation/latest/UserGuide/aws-resource-ssm-maintenancewindow.html#cfn-ssm-maintenancewindow-allowunassociatedtargets",
          "PrimitiveType": "Boolean",
          "UpdateType": "Mutable"
        },
        "Cutoff": {
          "Required": true,
          "Documentation": "http://docs.aws.amazon.com/AWSCloudFormation/latest/UserGuide/aws-resource-ssm-maintenancewindow.html#cfn-ssm-maintenancewindow-cutoff",
          "PrimitiveType": "Integer",
          "UpdateType": "Mutable"
        },
        "Schedule": {
          "Required": true,
          "Documentation": "http://docs.aws.amazon.com/AWSCloudFormation/latest/UserGuide/aws-resource-ssm-maintenancewindow.html#cfn-ssm-maintenancewindow-schedule",
          "PrimitiveType": "String",
          "UpdateType": "Mutable"
        },
        "Duration": {
          "Required": true,
          "Documentation": "http://docs.aws.amazon.com/AWSCloudFormation/latest/UserGuide/aws-resource-ssm-maintenancewindow.html#cfn-ssm-maintenancewindow-duration",
          "PrimitiveType": "Integer",
          "UpdateType": "Mutable"
        },
        "EndDate": {
          "Required": false,
          "Documentation": "http://docs.aws.amazon.com/AWSCloudFormation/latest/UserGuide/aws-resource-ssm-maintenancewindow.html#cfn-ssm-maintenancewindow-enddate",
          "PrimitiveType": "String",
          "UpdateType": "Mutable"
        },
        "Tags": {
          "Type": "List",
          "Required": false,
          "Documentation": "http://docs.aws.amazon.com/AWSCloudFormation/latest/UserGuide/aws-resource-ssm-maintenancewindow.html#cfn-ssm-maintenancewindow-tags",
          "ItemType": "Tag",
          "UpdateType": "Mutable"
        },
        "Name": {
          "Required": true,
          "Documentation": "http://docs.aws.amazon.com/AWSCloudFormation/latest/UserGuide/aws-resource-ssm-maintenancewindow.html#cfn-ssm-maintenancewindow-name",
          "PrimitiveType": "String",
          "UpdateType": "Mutable"
        },
        "ScheduleTimezone": {
          "Required": false,
          "Documentation": "http://docs.aws.amazon.com/AWSCloudFormation/latest/UserGuide/aws-resource-ssm-maintenancewindow.html#cfn-ssm-maintenancewindow-scheduletimezone",
          "PrimitiveType": "String",
          "UpdateType": "Mutable"
        }
      }
    }
  },
  "ResourceSpecificationVersion": "3.0.0"
}