{
  "PropertyTypes": {
    "AWS::SSM::PatchBaseline.PatchFilterGroup": {
      "Documentation": "http://docs.aws.amazon.com/AWSCloudFormation/latest/UserGuide/aws-properties-ssm-patchbaseline-patchfiltergroup.html",
      "Properties": {
        "PatchFilters": {
          "Type": "List",
          "Required": false,
          "Documentation": "http://docs.aws.amazon.com/AWSCloudFormation/latest/UserGuide/aws-properties-ssm-patchbaseline-patchfiltergroup.html#cfn-ssm-patchbaseline-patchfiltergroup-patchfilters",
          "ItemType": "PatchFilter",
          "UpdateType": "Mutable"
        }
      }
    },
    "AWS::SSM::PatchBaseline.Rule": {
      "Documentation": "http://docs.aws.amazon.com/AWSCloudFormation/latest/UserGuide/aws-properties-ssm-patchbaseline-rule.html",
      "Properties": {
        "EnableNonSecurity": {
          "Required": false,
          "Documentation": "http://docs.aws.amazon.com/AWSCloudFormation/latest/UserGuide/aws-properties-ssm-patchbaseline-rule.html#cfn-ssm-patchbaseline-rule-enablenonsecurity",
          "PrimitiveType": "Boolean",
          "UpdateType": "Mutable"
        },
        "PatchFilterGroup": {
          "Type": "PatchFilterGroup",
          "Required": false,
          "Documentation": "http://docs.aws.amazon.com/AWSCloudFormation/latest/UserGuide/aws-properties-ssm-patchbaseline-rule.html#cfn-ssm-patchbaseline-rule-patchfiltergroup",
          "UpdateType": "Mutable"
        },
        "ApproveAfterDays": {
          "Required": false,
          "Documentation": "http://docs.aws.amazon.com/AWSCloudFormation/latest/UserGuide/aws-properties-ssm-patchbaseline-rule.html#cfn-ssm-patchbaseline-rule-approveafterdays",
          "PrimitiveType": "Integer",
          "UpdateType": "Mutable"
        },
        "ComplianceLevel": {
          "Required": false,
          "Documentation": "http://docs.aws.amazon.com/AWSCloudFormation/latest/UserGuide/aws-properties-ssm-patchbaseline-rule.html#cfn-ssm-patchbaseline-rule-compliancelevel",
          "PrimitiveType": "String",
          "UpdateType": "Mutable"
        }
      }
    },
    "Tag": {
      "Documentation": "http://docs.aws.amazon.com/AWSCloudFormation/latest/UserGuide/aws-properties-ssm-patchbaseline-tag.html",
      "Properties": {
        "Value": {
          "Required": true,
          "Documentation": "http://docs.aws.amazon.com/AWSCloudFormation/latest/UserGuide/aws-properties-ssm-patchbaseline-tag.html#cfn-ssm-patchbaseline-tag-value",
          "PrimitiveType": "String",
          "UpdateType": "Mutable"
        },
        "Key": {
          "Required": true,
          "Documentation": "http://docs.aws.amazon.com/AWSCloudFormation/latest/UserGuide/aws-properties-ssm-patchbaseline-tag.html#cfn-ssm-patchbaseline-tag-key",
          "PrimitiveType": "String",
          "UpdateType": "Mutable"
        }
      }
    },
    "AWS::SSM::PatchBaseline.PatchSource": {
      "Documentation": "http://docs.aws.amazon.com/AWSCloudFormation/latest/UserGuide/aws-properties-ssm-patchbaseline-patchsource.html",
      "Properties": {
        "Products": {
          "PrimitiveItemType": "String",
          "Type": "List",
          "Required": false,
          "Documentation": "http://docs.aws.amazon.com/AWSCloudFormation/latest/UserGuide/aws-properties-ssm-patchbaseline-patchsource.html#cfn-ssm-patchbaseline-patchsource-products",
          "UpdateType": "Mutable"
        },
        "Configuration": {
          "Required": false,
          "Documentation": "http://docs.aws.amazon.com/AWSCloudFormation/latest/UserGuide/aws-properties-ssm-patchbaseline-patchsource.html#cfn-ssm-patchbaseline-patchsource-configuration",
          "PrimitiveType": "String",
          "UpdateType": "Mutable"
        },
        "Name": {
          "Required": false,
          "Documentation": "http://docs.aws.amazon.com/AWSCloudFormation/latest/UserGuide/aws-properties-ssm-patchbaseline-patchsource.html#cfn-ssm-patchbaseline-patchsource-name",
          "PrimitiveType": "String",
          "UpdateType": "Mutable"
        }
      }
    },
    "AWS::SSM::PatchBaseline.PatchFilter": {
      "Documentation": "http://docs.aws.amazon.com/AWSCloudFormation/latest/UserGuide/aws-properties-ssm-patchbaseline-patchfilter.html",
      "Properties": {
        "Values": {
          "PrimitiveItemType": "String",
          "Type": "List",
          "Required": false,
          "Documentation": "http://docs.aws.amazon.com/AWSCloudFormation/latest/UserGuide/aws-properties-ssm-patchbaseline-patchfilter.html#cfn-ssm-patchbaseline-patchfilter-values",
          "UpdateType": "Mutable"
        },
        "Key": {
          "Required": false,
          "Documentation": "http://docs.aws.amazon.com/AWSCloudFormation/latest/UserGuide/aws-properties-ssm-patchbaseline-patchfilter.html#cfn-ssm-patchbaseline-patchfilter-key",
          "PrimitiveType": "String",
          "UpdateType": "Mutable"
        }
      }
    },
    "AWS::SSM::PatchBaseline.RuleGroup": {
      "Documentation": "http://docs.aws.amazon.com/AWSCloudFormation/latest/UserGuide/aws-properties-ssm-patchbaseline-rulegroup.html",
      "Properties": {
        "PatchRules": {
          "Type": "List",
          "Required": false,
          "Documentation": "http://docs.aws.amazon.com/AWSCloudFormation/latest/UserGuide/aws-properties-ssm-patchbaseline-rulegroup.html#cfn-ssm-patchbaseline-rulegroup-patchrules",
          "ItemType": "Rule",
          "UpdateType": "Mutable"
        }
      }
    }
  },
  "ResourceType": {
    "AWS::SSM::PatchBaseline": {
      "Documentation": "http://docs.aws.amazon.com/AWSCloudFormation/latest/UserGuide/aws-resource-ssm-patchbaseline.html",
      "Properties": {
        "OperatingSystem": {
          "Required": false,
          "Documentation": "http://docs.aws.amazon.com/AWSCloudFormation/latest/UserGuide/aws-resource-ssm-patchbaseline.html#cfn-ssm-patchbaseline-operatingsystem",
          "PrimitiveType": "String",
          "UpdateType": "Immutable"
        },
        "Description": {
          "Required": false,
          "Documentation": "http://docs.aws.amazon.com/AWSCloudFormation/latest/UserGuide/aws-resource-ssm-patchbaseline.html#cfn-ssm-patchbaseline-description",
          "PrimitiveType": "String",
          "UpdateType": "Mutable"
        },
        "ApprovalRules": {
          "Type": "RuleGroup",
          "Required": false,
          "Documentation": "http://docs.aws.amazon.com/AWSCloudFormation/latest/UserGuide/aws-resource-ssm-patchbaseline.html#cfn-ssm-patchbaseline-approvalrules",
          "UpdateType": "Mutable"
        },
        "Sources": {
          "Type": "List",
          "Required": false,
          "Documentation": "http://docs.aws.amazon.com/AWSCloudFormation/latest/UserGuide/aws-resource-ssm-patchbaseline.html#cfn-ssm-patchbaseline-sources",
          "ItemType": "PatchSource",
          "UpdateType": "Mutable"
        },
        "Name": {
          "Required": true,
          "Documentation": "http://docs.aws.amazon.com/AWSCloudFormation/latest/UserGuide/aws-resource-ssm-patchbaseline.html#cfn-ssm-patchbaseline-name",
          "PrimitiveType": "String",
          "UpdateType": "Mutable"
        },
        "RejectedPatches": {
          "PrimitiveItemType": "String",
          "Type": "List",
          "Required": false,
          "Documentation": "http://docs.aws.amazon.com/AWSCloudFormation/latest/UserGuide/aws-resource-ssm-patchbaseline.html#cfn-ssm-patchbaseline-rejectedpatches",
          "UpdateType": "Mutable"
        },
        "ApprovedPatches": {
          "PrimitiveItemType": "String",
          "Type": "List",
          "Required": false,
          "Documentation": "http://docs.aws.amazon.com/AWSCloudFormation/latest/UserGuide/aws-resource-ssm-patchbaseline.html#cfn-ssm-patchbaseline-approvedpatches",
          "UpdateType": "Mutable"
        },
        "RejectedPatchesAction": {
          "Required": false,
          "Documentation": "http://docs.aws.amazon.com/AWSCloudFormation/latest/UserGuide/aws-resource-ssm-patchbaseline.html#cfn-ssm-patchbaseline-rejectedpatchesaction",
          "PrimitiveType": "String",
          "UpdateType": "Mutable"
        },
        "PatchGroups": {
          "PrimitiveItemType": "String",
          "Type": "List",
          "Required": false,
          "Documentation": "http://docs.aws.amazon.com/AWSCloudFormation/latest/UserGuide/aws-resource-ssm-patchbaseline.html#cfn-ssm-patchbaseline-patchgroups",
          "UpdateType": "Mutable"
        },
        "ApprovedPatchesComplianceLevel": {
          "Required": false,
          "Documentation": "http://docs.aws.amazon.com/AWSCloudFormation/latest/UserGuide/aws-resource-ssm-patchbaseline.html#cfn-ssm-patchbaseline-approvedpatchescompliancelevel",
          "PrimitiveType": "String",
          "UpdateType": "Mutable"
        },
        "ApprovedPatchesEnableNonSecurity": {
          "Required": false,
          "Documentation": "http://docs.aws.amazon.com/AWSCloudFormation/latest/UserGuide/aws-resource-ssm-patchbaseline.html#cfn-ssm-patchbaseline-approvedpatchesenablenonsecurity",
          "PrimitiveType": "Boolean",
          "UpdateType": "Mutable"
        },
        "GlobalFilters": {
          "Type": "PatchFilterGroup",
          "Required": false,
          "Documentation": "http://docs.aws.amazon.com/AWSCloudFormation/latest/UserGuide/aws-resource-ssm-patchbaseline.html#cfn-ssm-patchbaseline-globalfilters",
          "UpdateType": "Mutable"
        },
        "Tags": {
          "Type": "List",
          "Required": false,
          "Documentation": "http://docs.aws.amazon.com/AWSCloudFormation/latest/UserGuide/aws-resource-ssm-patchbaseline.html#cfn-ssm-patchbaseline-tags",
          "ItemType": "Tag",
          "UpdateType": "Mutable"
        }
      }
    }
  },
  "ResourceSpecificationVersion": "3.0.0"
}