{
  "ResourceType": {
    "AWS::SSM::Parameter": {
      "Documentation": "http://docs.aws.amazon.com/AWSCloudFormation/latest/UserGuide/aws-resource-ssm-parameter.html",
      "Attributes": {
        "Type": {
          "PrimitiveType": "String"
        },
        "Value": {
          "PrimitiveType": "String"
        }
      },
      "Properties": {
        "Type": {
          "Required": true,
          "Documentation": "http://docs.aws.amazon.com/AWSCloudFormation/latest/UserGuide/aws-resource-ssm-parameter.html#cfn-ssm-parameter-type",
          "PrimitiveType": "String",
          "UpdateType": "Mutable"
        },
        "Description": {
          "Required": false,
          "Documentation": "http://docs.aws.amazon.com/AWSCloudFormation/latest/UserGuide/aws-resource-ssm-parameter.html#cfn-ssm-parameter-description",
          "PrimitiveType": "String",
          "UpdateType": "Mutable"
        },
        "AllowedPattern": {
          "Required": false,
          "Documentation": "http://docs.aws.amazon.com/AWSCloudFormation/latest/UserGuide/aws-resource-ssm-parameter.html#cfn-ssm-parameter-allowedpattern",
          "PrimitiveType": "String",
          "UpdateType": "Mutable"
        },
        "Value": {
          "Required": true,
          "Documentation": "http://docs.aws.amazon.com/AWSCloudFormation/latest/UserGuide/aws-resource-ssm-parameter.html#cfn-ssm-parameter-value",
          "PrimitiveType": "String",
          "UpdateType": "Mutable"
        },
        "Tags": {
          "Required": false,
          "Documentation": "http://docs.aws.amazon.com/AWSCloudFormation/latest/UserGuide/aws-resource-ssm-parameter.html#cfn-ssm-parameter-tags",
          "PrimitiveType": "Json",
          "UpdateType": "Mutable"
        },
        "Name": {
          "Required": false,
          "Documentation": "http://docs.aws.amazon.com/AWSCloudFormation/latest/UserGuide/aws-resource-ssm-parameter.html#cfn-ssm-parameter-name",
          "PrimitiveType": "String",
          "UpdateType": "Immutable"
        }
      }
    }
  },
  "ResourceSpecificationVersion": "3.0.0"
}