{
  "ResourceType": {
    "AWS::SSM::ResourceDataSync": {
      "Documentation": "http://docs.aws.amazon.com/AWSCloudFormation/latest/UserGuide/aws-resource-ssm-resourcedatasync.html",
      "Properties": {
        "KMSKeyArn": {
          "Required": false,
          "Documentation": "http://docs.aws.amazon.com/AWSCloudFormation/latest/UserGuide/aws-resource-ssm-resourcedatasync.html#cfn-ssm-resourcedatasync-kmskeyarn",
          "PrimitiveType": "String",
          "UpdateType": "Immutable"
        },
        "BucketName": {
          "Required": true,
          "Documentation": "http://docs.aws.amazon.com/AWSCloudFormation/latest/UserGuide/aws-resource-ssm-resourcedatasync.html#cfn-ssm-resourcedatasync-bucketname",
          "PrimitiveType": "String",
          "UpdateType": "Immutable"
        },
        "BucketRegion": {
          "Required": true,
          "Documentation": "http://docs.aws.amazon.com/AWSCloudFormation/latest/UserGuide/aws-resource-ssm-resourcedatasync.html#cfn-ssm-resourcedatasync-bucketregion",
          "PrimitiveType": "String",
          "UpdateType": "Immutable"
        },
        "SyncFormat": {
          "Required": true,
          "Documentation": "http://docs.aws.amazon.com/AWSCloudFormation/latest/UserGuide/aws-resource-ssm-resourcedatasync.html#cfn-ssm-resourcedatasync-syncformat",
          "PrimitiveType": "String",
          "UpdateType": "Immutable"
        },
        "SyncName": {
          "Required": true,
          "Documentation": "http://docs.aws.amazon.com/AWSCloudFormation/latest/UserGuide/aws-resource-ssm-resourcedatasync.html#cfn-ssm-resourcedatasync-syncname",
          "PrimitiveType": "String",
          "UpdateType": "Immutable"
        },
        "BucketPrefix": {
          "Required": false,
          "Documentation": "http://docs.aws.amazon.com/AWSCloudFormation/latest/UserGuide/aws-resource-ssm-resourcedatasync.html#cfn-ssm-resourcedatasync-bucketprefix",
          "PrimitiveType": "String",
          "UpdateType": "Immutable"
        }
      }
    }
  },
  "ResourceSpecificationVersion": "3.0.0"
}