{
  "PropertyTypes": {
    "AWS::WAF::IPSet.IPSetDescriptor": {
      "Documentation": "http://docs.aws.amazon.com/AWSCloudFormation/latest/UserGuide/aws-properties-waf-ipset-ipsetdescriptors.html",
      "Properties": {
        "Type": {
          "Documentation": "http://docs.aws.amazon.com/AWSCloudFormation/latest/UserGuide/aws-properties-waf-ipset-ipsetdescriptors.html#cfn-waf-ipset-ipsetdescriptors-type",
          "PrimitiveType": "String",
          "Required": true,
          "UpdateType": "Mutable"
        },
        "Value": {
          "Documentation": "http://docs.aws.amazon.com/AWSCloudFormation/latest/UserGuide/aws-properties-waf-ipset-ipsetdescriptors.html#cfn-waf-ipset-ipsetdescriptors-value",
          "PrimitiveType": "String",
          "Required": true,
          "UpdateType": "Mutable"
        }
      }
    }
  },
  "ResourceType": {
    "AWS::WAF::IPSet": {
      "Documentation": "http://docs.aws.amazon.com/AWSCloudFormation/latest/UserGuide/aws-resource-waf-ipset.html",
      "Properties": {
        "IPSetDescriptors": {
          "Documentation": "http://docs.aws.amazon.com/AWSCloudFormation/latest/UserGuide/aws-resource-waf-ipset.html#cfn-waf-ipset-ipsetdescriptors",
          "DuplicatesAllowed": false,
          "ItemType": "IPSetDescriptor",
          "Required": false,
          "Type": "List",
          "UpdateType": "Mutable"
        },
        "Name": {
          "Documentation": "http://docs.aws.amazon.com/AWSCloudFormation/latest/UserGuide/aws-resource-waf-ipset.html#cfn-waf-ipset-name",
          "PrimitiveType": "String",
          "Required": true,
          "UpdateType": "Immutable"
        }
      }
    }
  },
  "ResourceSpecificationVersion": "3.0.0"
}