{
  "PropertyTypes": {
    "AWS::WAFRegional::Rule.Predicate": {
      "Documentation": "http://docs.aws.amazon.com/AWSCloudFormation/latest/UserGuide/aws-properties-wafregional-rule-predicate.html",
      "Properties": {
        "Type": {
          "Required": true,
          "Documentation": "http://docs.aws.amazon.com/AWSCloudFormation/latest/UserGuide/aws-properties-wafregional-rule-predicate.html#cfn-wafregional-rule-predicate-type",
          "PrimitiveType": "String",
          "UpdateType": "Mutable"
        },
        "DataId": {
          "Required": true,
          "Documentation": "http://docs.aws.amazon.com/AWSCloudFormation/latest/UserGuide/aws-properties-wafregional-rule-predicate.html#cfn-wafregional-rule-predicate-dataid",
          "PrimitiveType": "String",
          "UpdateType": "Mutable"
        },
        "Negated": {
          "Required": true,
          "Documentation": "http://docs.aws.amazon.com/AWSCloudFormation/latest/UserGuide/aws-properties-wafregional-rule-predicate.html#cfn-wafregional-rule-predicate-negated",
          "PrimitiveType": "Boolean",
          "UpdateType": "Mutable"
        }
      }
    }
  },
  "ResourceType": {
    "AWS::WAFRegional::Rule": {
      "Documentation": "http://docs.aws.amazon.com/AWSCloudFormation/latest/UserGuide/aws-resource-wafregional-rule.html",
      "Properties": {
        "MetricName": {
          "Required": true,
          "Documentation": "http://docs.aws.amazon.com/AWSCloudFormation/latest/UserGuide/aws-resource-wafregional-rule.html#cfn-wafregional-rule-metricname",
          "PrimitiveType": "String",
          "UpdateType": "Immutable"
        },
        "Predicates": {
          "Type": "List",
          "Required": false,
          "Documentation": "http://docs.aws.amazon.com/AWSCloudFormation/latest/UserGuide/aws-resource-wafregional-rule.html#cfn-wafregional-rule-predicates",
          "ItemType": "Predicate",
          "UpdateType": "Mutable"
        },
        "Name": {
          "Required": true,
          "Documentation": "http://docs.aws.amazon.com/AWSCloudFormation/latest/UserGuide/aws-resource-wafregional-rule.html#cfn-wafregional-rule-name",
          "PrimitiveType": "String",
          "UpdateType": "Immutable"
        }
      }
    }
  },
  "ResourceSpecificationVersion": "3.0.0"
}