{
  "PropertyTypes": {
    "AWS::WAFRegional::WebACL.Action": {
      "Documentation": "http://docs.aws.amazon.com/AWSCloudFormation/latest/UserGuide/aws-properties-wafregional-webacl-action.html",
      "Properties": {
        "Type": {
          "Required": true,
          "Documentation": "http://docs.aws.amazon.com/AWSCloudFormation/latest/UserGuide/aws-properties-wafregional-webacl-action.html#cfn-wafregional-webacl-action-type",
          "PrimitiveType": "String",
          "UpdateType": "Mutable"
        }
      }
    },
    "AWS::WAFRegional::WebACL.Rule": {
      "Documentation": "http://docs.aws.amazon.com/AWSCloudFormation/latest/UserGuide/aws-properties-wafregional-webacl-rule.html",
      "Properties": {
        "Action": {
          "Type": "Action",
          "Required": true,
          "Documentation": "http://docs.aws.amazon.com/AWSCloudFormation/latest/UserGuide/aws-properties-wafregional-webacl-rule.html#cfn-wafregional-webacl-rule-action",
          "UpdateType": "Mutable"
        },
        "Priority": {
          "Required": true,
          "Documentation": "http://docs.aws.amazon.com/AWSCloudFormation/latest/UserGuide/aws-properties-wafregional-webacl-rule.html#cfn-wafregional-webacl-rule-priority",
          "PrimitiveType": "Integer",
          "UpdateType": "Mutable"
        },
        "RuleId": {
          "Required": true,
          "Documentation": "http://docs.aws.amazon.com/AWSCloudFormation/latest/UserGuide/aws-properties-wafregional-webacl-rule.html#cfn-wafregional-webacl-rule-ruleid",
          "PrimitiveType": "String",
          "UpdateType": "Mutable"
        }
      }
    }
  },
  "ResourceType": {
    "AWS::WAFRegional::WebACL": {
      "Documentation": "http://docs.aws.amazon.com/AWSCloudFormation/latest/UserGuide/aws-resource-wafregional-webacl.html",
      "Properties": {
        "MetricName": {
          "Required": true,
          "Documentation": "http://docs.aws.amazon.com/AWSCloudFormation/latest/UserGuide/aws-resource-wafregional-webacl.html#cfn-wafregional-webacl-metricname",
          "PrimitiveType": "String",
          "UpdateType": "Immutable"
        },
        "DefaultAction": {
          "Type": "Action",
          "Required": true,
          "Documentation": "http://docs.aws.amazon.com/AWSCloudFormation/latest/UserGuide/aws-resource-wafregional-webacl.html#cfn-wafregional-webacl-defaultaction",
          "UpdateType": "Mutable"
        },
        "Rules": {
          "Type": "List",
          "Required": false,
          "Documentation": "http://docs.aws.amazon.com/AWSCloudFormation/latest/UserGuide/aws-resource-wafregional-webacl.html#cfn-wafregional-webacl-rules",
          "ItemType": "Rule",
          "UpdateType": "Mutable"
        },
        "Name": {
          "Required": true,
          "Documentation": "http://docs.aws.amazon.com/AWSCloudFormation/latest/UserGuide/aws-resource-wafregional-webacl.html#cfn-wafregional-webacl-name",
          "PrimitiveType": "String",
          "UpdateType": "Immutable"
        }
      }
    }
  },
  "ResourceSpecificationVersion": "3.0.0"
}