{
  "ResourceType": {
    "AWS::WAFRegional::WebACLAssociation": {
      "Documentation": "http://docs.aws.amazon.com/AWSCloudFormation/latest/UserGuide/aws-resource-wafregional-webaclassociation.html",
      "Properties": {
        "ResourceArn": {
          "Required": true,
          "Documentation": "http://docs.aws.amazon.com/AWSCloudFormation/latest/UserGuide/aws-resource-wafregional-webaclassociation.html#cfn-wafregional-webaclassociation-resourcearn",
          "PrimitiveType": "String",
          "UpdateType": "Immutable"
        },
        "WebACLId": {
          "Required": true,
          "Documentation": "http://docs.aws.amazon.com/AWSCloudFormation/latest/UserGuide/aws-resource-wafregional-webaclassociation.html#cfn-wafregional-webaclassociation-webaclid",
          "PrimitiveType": "String",
          "UpdateType": "Immutable"
        }
      }
    }
  },
  "ResourceSpecificationVersion": "3.0.0"
}