{
  "PropertyTypes": {
    "AWS::WAFRegional::ByteMatchSet.ByteMatchTuple": {
      "Documentation": "http://docs.aws.amazon.com/AWSCloudFormation/latest/UserGuide/aws-properties-wafregional-bytematchset-bytematchtuple.html",
      "Properties": {
        "TargetString": {
          "Required": false,
          "Documentation": "http://docs.aws.amazon.com/AWSCloudFormation/latest/UserGuide/aws-properties-wafregional-bytematchset-bytematchtuple.html#cfn-wafregional-bytematchset-bytematchtuple-targetstring",
          "PrimitiveType": "String",
          "UpdateType": "Mutable"
        },
        "TargetStringBase64": {
          "Required": false,
          "Documentation": "http://docs.aws.amazon.com/AWSCloudFormation/latest/UserGuide/aws-properties-wafregional-bytematchset-bytematchtuple.html#cfn-wafregional-bytematchset-bytematchtuple-targetstringbase64",
          "PrimitiveType": "String",
          "UpdateType": "Mutable"
        },
        "PositionalConstraint": {
          "Required": true,
          "Documentation": "http://docs.aws.amazon.com/AWSCloudFormation/latest/UserGuide/aws-properties-wafregional-bytematchset-bytematchtuple.html#cfn-wafregional-bytematchset-bytematchtuple-positionalconstraint",
          "PrimitiveType": "String",
          "UpdateType": "Mutable"
        },
        "TextTransformation": {
          "Required": true,
          "Documentation": "http://docs.aws.amazon.com/AWSCloudFormation/latest/UserGuide/aws-properties-wafregional-bytematchset-bytematchtuple.html#cfn-wafregional-bytematchset-bytematchtuple-texttransformation",
          "PrimitiveType": "String",
          "UpdateType": "Mutable"
        },
        "FieldToMatch": {
          "Type": "FieldToMatch",
          "Required": true,
          "Documentation": "http://docs.aws.amazon.com/AWSCloudFormation/latest/UserGuide/aws-properties-wafregional-bytematchset-bytematchtuple.html#cfn-wafregional-bytematchset-bytematchtuple-fieldtomatch",
          "UpdateType": "Mutable"
        }
      }
    },
    "AWS::WAFRegional::ByteMatchSet.FieldToMatch": {
      "Documentation": "http://docs.aws.amazon.com/AWSCloudFormation/latest/UserGuide/aws-properties-wafregional-bytematchset-fieldtomatch.html",
      "Properties": {
        "Type": {
          "Required": true,
          "Documentation": "http://docs.aws.amazon.com/AWSCloudFormation/latest/UserGuide/aws-properties-wafregional-bytematchset-fieldtomatch.html#cfn-wafregional-bytematchset-fieldtomatch-type",
          "PrimitiveType": "String",
          "UpdateType": "Mutable"
        },
        "Data": {
          "Required": false,
          "Documentation": "http://docs.aws.amazon.com/AWSCloudFormation/latest/UserGuide/aws-properties-wafregional-bytematchset-fieldtomatch.html#cfn-wafregional-bytematchset-fieldtomatch-data",
          "PrimitiveType": "String",
          "UpdateType": "Mutable"
        }
      }
    }
  },
  "ResourceType": {
    "AWS::WAFRegional::ByteMatchSet": {
      "Documentation": "http://docs.aws.amazon.com/AWSCloudFormation/latest/UserGuide/aws-resource-wafregional-bytematchset.html",
      "Properties": {
        "ByteMatchTuples": {
          "Type": "List",
          "Required": false,
          "Documentation": "http://docs.aws.amazon.com/AWSCloudFormation/latest/UserGuide/aws-resource-wafregional-bytematchset.html#cfn-wafregional-bytematchset-bytematchtuples",
          "ItemType": "ByteMatchTuple",
          "UpdateType": "Mutable"
        },
        "Name": {
          "Required": true,
          "Documentation": "http://docs.aws.amazon.com/AWSCloudFormation/latest/UserGuide/aws-resource-wafregional-bytematchset.html#cfn-wafregional-bytematchset-name",
          "PrimitiveType": "String",
          "UpdateType": "Immutable"
        }
      }
    }
  },
  "ResourceSpecificationVersion": "3.0.0"
}