{
  "PropertyTypes": {
    "AWS::WAFRegional::SizeConstraintSet.SizeConstraint": {
      "Documentation": "http://docs.aws.amazon.com/AWSCloudFormation/latest/UserGuide/aws-properties-wafregional-sizeconstraintset-sizeconstraint.html",
      "Properties": {
        "ComparisonOperator": {
          "Required": true,
          "Documentation": "http://docs.aws.amazon.com/AWSCloudFormation/latest/UserGuide/aws-properties-wafregional-sizeconstraintset-sizeconstraint.html#cfn-wafregional-sizeconstraintset-sizeconstraint-comparisonoperator",
          "PrimitiveType": "String",
          "UpdateType": "Mutable"
        },
        "Size": {
          "Required": true,
          "Documentation": "http://docs.aws.amazon.com/AWSCloudFormation/latest/UserGuide/aws-properties-wafregional-sizeconstraintset-sizeconstraint.html#cfn-wafregional-sizeconstraintset-sizeconstraint-size",
          "PrimitiveType": "Integer",
          "UpdateType": "Mutable"
        },
        "TextTransformation": {
          "Required": true,
          "Documentation": "http://docs.aws.amazon.com/AWSCloudFormation/latest/UserGuide/aws-properties-wafregional-sizeconstraintset-sizeconstraint.html#cfn-wafregional-sizeconstraintset-sizeconstraint-texttransformation",
          "PrimitiveType": "String",
          "UpdateType": "Mutable"
        },
        "FieldToMatch": {
          "Type": "FieldToMatch",
          "Required": true,
          "Documentation": "http://docs.aws.amazon.com/AWSCloudFormation/latest/UserGuide/aws-properties-wafregional-sizeconstraintset-sizeconstraint.html#cfn-wafregional-sizeconstraintset-sizeconstraint-fieldtomatch",
          "UpdateType": "Mutable"
        }
      }
    },
    "AWS::WAFRegional::SizeConstraintSet.FieldToMatch": {
      "Documentation": "http://docs.aws.amazon.com/AWSCloudFormation/latest/UserGuide/aws-properties-wafregional-sizeconstraintset-fieldtomatch.html",
      "Properties": {
        "Type": {
          "Required": true,
          "Documentation": "http://docs.aws.amazon.com/AWSCloudFormation/latest/UserGuide/aws-properties-wafregional-sizeconstraintset-fieldtomatch.html#cfn-wafregional-sizeconstraintset-fieldtomatch-type",
          "PrimitiveType": "String",
          "UpdateType": "Mutable"
        },
        "Data": {
          "Required": false,
          "Documentation": "http://docs.aws.amazon.com/AWSCloudFormation/latest/UserGuide/aws-properties-wafregional-sizeconstraintset-fieldtomatch.html#cfn-wafregional-sizeconstraintset-fieldtomatch-data",
          "PrimitiveType": "String",
          "UpdateType": "Mutable"
        }
      }
    }
  },
  "ResourceType": {
    "AWS::WAFRegional::SizeConstraintSet": {
      "Documentation": "http://docs.aws.amazon.com/AWSCloudFormation/latest/UserGuide/aws-resource-wafregional-sizeconstraintset.html",
      "Properties": {
        "SizeConstraints": {
          "Type": "List",
          "Required": false,
          "Documentation": "http://docs.aws.amazon.com/AWSCloudFormation/latest/UserGuide/aws-resource-wafregional-sizeconstraintset.html#cfn-wafregional-sizeconstraintset-sizeconstraints",
          "ItemType": "SizeConstraint",
          "UpdateType": "Mutable"
        },
        "Name": {
          "Required": true,
          "Documentation": "http://docs.aws.amazon.com/AWSCloudFormation/latest/UserGuide/aws-resource-wafregional-sizeconstraintset.html#cfn-wafregional-sizeconstraintset-name",
          "PrimitiveType": "String",
          "UpdateType": "Immutable"
        }
      }
    }
  },
  "ResourceSpecificationVersion": "3.0.0"
}