{
  "PropertyTypes": {
    "AWS::WAFRegional::XssMatchSet.XssMatchTuple": {
      "Documentation": "http://docs.aws.amazon.com/AWSCloudFormation/latest/UserGuide/aws-properties-wafregional-xssmatchset-xssmatchtuple.html",
      "Properties": {
        "TextTransformation": {
          "Required": true,
          "Documentation": "http://docs.aws.amazon.com/AWSCloudFormation/latest/UserGuide/aws-properties-wafregional-xssmatchset-xssmatchtuple.html#cfn-wafregional-xssmatchset-xssmatchtuple-texttransformation",
          "PrimitiveType": "String",
          "UpdateType": "Mutable"
        },
        "FieldToMatch": {
          "Type": "FieldToMatch",
          "Required": true,
          "Documentation": "http://docs.aws.amazon.com/AWSCloudFormation/latest/UserGuide/aws-properties-wafregional-xssmatchset-xssmatchtuple.html#cfn-wafregional-xssmatchset-xssmatchtuple-fieldtomatch",
          "UpdateType": "Mutable"
        }
      }
    },
    "AWS::WAFRegional::XssMatchSet.FieldToMatch": {
      "Documentation": "http://docs.aws.amazon.com/AWSCloudFormation/latest/UserGuide/aws-properties-wafregional-xssmatchset-fieldtomatch.html",
      "Properties": {
        "Type": {
          "Required": true,
          "Documentation": "http://docs.aws.amazon.com/AWSCloudFormation/latest/UserGuide/aws-properties-wafregional-xssmatchset-fieldtomatch.html#cfn-wafregional-xssmatchset-fieldtomatch-type",
          "PrimitiveType": "String",
          "UpdateType": "Mutable"
        },
        "Data": {
          "Required": false,
          "Documentation": "http://docs.aws.amazon.com/AWSCloudFormation/latest/UserGuide/aws-properties-wafregional-xssmatchset-fieldtomatch.html#cfn-wafregional-xssmatchset-fieldtomatch-data",
          "PrimitiveType": "String",
          "UpdateType": "Mutable"
        }
      }
    }
  },
  "ResourceType": {
    "AWS::WAFRegional::XssMatchSet": {
      "Documentation": "http://docs.aws.amazon.com/AWSCloudFormation/latest/UserGuide/aws-resource-wafregional-xssmatchset.html",
      "Properties": {
        "XssMatchTuples": {
          "Type": "List",
          "Required": false,
          "Documentation": "http://docs.aws.amazon.com/AWSCloudFormation/latest/UserGuide/aws-resource-wafregional-xssmatchset.html#cfn-wafregional-xssmatchset-xssmatchtuples",
          "ItemType": "XssMatchTuple",
          "UpdateType": "Mutable"
        },
        "Name": {
          "Required": true,
          "Documentation": "http://docs.aws.amazon.com/AWSCloudFormation/latest/UserGuide/aws-resource-wafregional-xssmatchset.html#cfn-wafregional-xssmatchset-name",
          "PrimitiveType": "String",
          "UpdateType": "Immutable"
        }
      }
    }
  },
  "ResourceSpecificationVersion": "3.0.0"
}