{
  "PropertyTypes": {
    "AWS::WAFRegional::IPSet.IPSetDescriptor": {
      "Documentation": "http://docs.aws.amazon.com/AWSCloudFormation/latest/UserGuide/aws-properties-wafregional-ipset-ipsetdescriptor.html",
      "Properties": {
        "Type": {
          "Required": true,
          "Documentation": "http://docs.aws.amazon.com/AWSCloudFormation/latest/UserGuide/aws-properties-wafregional-ipset-ipsetdescriptor.html#cfn-wafregional-ipset-ipsetdescriptor-type",
          "PrimitiveType": "String",
          "UpdateType": "Mutable"
        },
        "Value": {
          "Required": true,
          "Documentation": "http://docs.aws.amazon.com/AWSCloudFormation/latest/UserGuide/aws-properties-wafregional-ipset-ipsetdescriptor.html#cfn-wafregional-ipset-ipsetdescriptor-value",
          "PrimitiveType": "String",
          "UpdateType": "Mutable"
        }
      }
    }
  },
  "ResourceType": {
    "AWS::WAFRegional::IPSet": {
      "Documentation": "http://docs.aws.amazon.com/AWSCloudFormation/latest/UserGuide/aws-resource-wafregional-ipset.html",
      "Properties": {
        "IPSetDescriptors": {
          "Type": "List",
          "Required": false,
          "Documentation": "http://docs.aws.amazon.com/AWSCloudFormation/latest/UserGuide/aws-resource-wafregional-ipset.html#cfn-wafregional-ipset-ipsetdescriptors",
          "ItemType": "IPSetDescriptor",
          "UpdateType": "Mutable"
        },
        "Name": {
          "Required": true,
          "Documentation": "http://docs.aws.amazon.com/AWSCloudFormation/latest/UserGuide/aws-resource-wafregional-ipset.html#cfn-wafregional-ipset-name",
          "PrimitiveType": "String",
          "UpdateType": "Immutable"
        }
      }
    }
  },
  "ResourceSpecificationVersion": "3.0.0"
}