{
  "PropertyTypes": {
    "AWS::WAF::SqlInjectionMatchSet.FieldToMatch": {
      "Documentation": "http://docs.aws.amazon.com/AWSCloudFormation/latest/UserGuide/aws-properties-waf-bytematchset-bytematchtuples-fieldtomatch.html",
      "Properties": {
        "Data": {
          "Documentation": "http://docs.aws.amazon.com/AWSCloudFormation/latest/UserGuide/aws-properties-waf-bytematchset-bytematchtuples-fieldtomatch.html#cfn-waf-sizeconstraintset-sizeconstraint-fieldtomatch-data",
          "PrimitiveType": "String",
          "Required": false,
          "UpdateType": "Mutable"
        },
        "Type": {
          "Documentation": "http://docs.aws.amazon.com/AWSCloudFormation/latest/UserGuide/aws-properties-waf-bytematchset-bytematchtuples-fieldtomatch.html#cfn-waf-sizeconstraintset-sizeconstraint-fieldtomatch-type",
          "PrimitiveType": "String",
          "Required": true,
          "UpdateType": "Mutable"
        }
      }
    },
    "AWS::WAF::SqlInjectionMatchSet.SqlInjectionMatchTuple": {
      "Documentation": "http://docs.aws.amazon.com/AWSCloudFormation/latest/UserGuide/aws-properties-waf-sqlinjectionmatchset-sqlinjectionmatchtuples.html",
      "Properties": {
        "FieldToMatch": {
          "Documentation": "http://docs.aws.amazon.com/AWSCloudFormation/latest/UserGuide/aws-properties-waf-sqlinjectionmatchset-sqlinjectionmatchtuples.html#cfn-waf-sqlinjectionmatchset-sqlinjectionmatchtuples-fieldtomatch",
          "Required": true,
          "Type": "FieldToMatch",
          "UpdateType": "Mutable"
        },
        "TextTransformation": {
          "Documentation": "http://docs.aws.amazon.com/AWSCloudFormation/latest/UserGuide/aws-properties-waf-sqlinjectionmatchset-sqlinjectionmatchtuples.html#cfn-waf-sqlinjectionmatchset-sqlinjectionmatchtuples-texttransformation",
          "PrimitiveType": "String",
          "Required": true,
          "UpdateType": "Mutable"
        }
      }
    }
  },
  "ResourceType": {
    "AWS::WAF::SqlInjectionMatchSet": {
      "Documentation": "http://docs.aws.amazon.com/AWSCloudFormation/latest/UserGuide/aws-resource-waf-sqlinjectionmatchset.html",
      "Properties": {
        "Name": {
          "Documentation": "http://docs.aws.amazon.com/AWSCloudFormation/latest/UserGuide/aws-resource-waf-sqlinjectionmatchset.html#cfn-waf-sqlinjectionmatchset-name",
          "PrimitiveType": "String",
          "Required": true,
          "UpdateType": "Immutable"
        },
        "SqlInjectionMatchTuples": {
          "Documentation": "http://docs.aws.amazon.com/AWSCloudFormation/latest/UserGuide/aws-resource-waf-sqlinjectionmatchset.html#cfn-waf-sqlinjectionmatchset-sqlinjectionmatchtuples",
          "DuplicatesAllowed": false,
          "ItemType": "SqlInjectionMatchTuple",
          "Required": false,
          "Type": "List",
          "UpdateType": "Mutable"
        }
      }
    }
  },
  "ResourceSpecificationVersion": "3.0.0"
}