{
  "PropertyTypes": {
    "AWS::WAF::XssMatchSet.FieldToMatch": {
      "Documentation": "http://docs.aws.amazon.com/AWSCloudFormation/latest/UserGuide/aws-properties-waf-xssmatchset-xssmatchtuple-fieldtomatch.html",
      "Properties": {
        "Data": {
          "Documentation": "http://docs.aws.amazon.com/AWSCloudFormation/latest/UserGuide/aws-properties-waf-xssmatchset-xssmatchtuple-fieldtomatch.html#cfn-waf-xssmatchset-xssmatchtuple-fieldtomatch-data",
          "PrimitiveType": "String",
          "Required": false,
          "UpdateType": "Mutable"
        },
        "Type": {
          "Documentation": "http://docs.aws.amazon.com/AWSCloudFormation/latest/UserGuide/aws-properties-waf-xssmatchset-xssmatchtuple-fieldtomatch.html#cfn-waf-xssmatchset-xssmatchtuple-fieldtomatch-type",
          "PrimitiveType": "String",
          "Required": true,
          "UpdateType": "Mutable"
        }
      }
    },
    "AWS::WAF::XssMatchSet.XssMatchTuple": {
      "Documentation": "http://docs.aws.amazon.com/AWSCloudFormation/latest/UserGuide/aws-properties-waf-xssmatchset-xssmatchtuple.html",
      "Properties": {
        "FieldToMatch": {
          "Documentation": "http://docs.aws.amazon.com/AWSCloudFormation/latest/UserGuide/aws-properties-waf-xssmatchset-xssmatchtuple.html#cfn-waf-xssmatchset-xssmatchtuple-fieldtomatch",
          "Required": true,
          "Type": "FieldToMatch",
          "UpdateType": "Mutable"
        },
        "TextTransformation": {
          "Documentation": "http://docs.aws.amazon.com/AWSCloudFormation/latest/UserGuide/aws-properties-waf-xssmatchset-xssmatchtuple.html#cfn-waf-xssmatchset-xssmatchtuple-texttransformation",
          "PrimitiveType": "String",
          "Required": true,
          "UpdateType": "Mutable"
        }
      }
    }
  },
  "ResourceType": {
    "AWS::WAF::XssMatchSet": {
      "Documentation": "http://docs.aws.amazon.com/AWSCloudFormation/latest/UserGuide/aws-resource-waf-xssmatchset.html",
      "Properties": {
        "Name": {
          "Documentation": "http://docs.aws.amazon.com/AWSCloudFormation/latest/UserGuide/aws-resource-waf-xssmatchset.html#cfn-waf-xssmatchset-name",
          "PrimitiveType": "String",
          "Required": true,
          "UpdateType": "Immutable"
        },
        "XssMatchTuples": {
          "Documentation": "http://docs.aws.amazon.com/AWSCloudFormation/latest/UserGuide/aws-resource-waf-xssmatchset.html#cfn-waf-xssmatchset-xssmatchtuples",
          "DuplicatesAllowed": false,
          "ItemType": "XssMatchTuple",
          "Required": true,
          "Type": "List",
          "UpdateType": "Mutable"
        }
      }
    }
  },
  "ResourceSpecificationVersion": "3.0.0"
}