{
  "PropertyTypes": {
    "AWS::WorkSpaces::Workspace.WorkspaceProperties": {
      "Documentation": "http://docs.aws.amazon.com/AWSCloudFormation/latest/UserGuide/aws-properties-workspaces-workspace-workspaceproperties.html",
      "Properties": {
        "ComputeTypeName": {
          "Documentation": "http://docs.aws.amazon.com/AWSCloudFormation/latest/UserGuide/aws-properties-workspaces-workspace-workspaceproperties.html#cfn-workspaces-workspace-workspaceproperties-computetypename",
          "PrimitiveType": "String",
          "Required": false,
          "UpdateType": "Mutable"
        },
        "RootVolumeSizeGib": {
          "Documentation": "http://docs.aws.amazon.com/AWSCloudFormation/latest/UserGuide/aws-properties-workspaces-workspace-workspaceproperties.html#cfn-workspaces-workspace-workspaceproperties-rootvolumesizegib",
          "PrimitiveType": "Integer",
          "Required": false,
          "UpdateType": "Mutable"
        },
        "RunningMode": {
          "Documentation": "http://docs.aws.amazon.com/AWSCloudFormation/latest/UserGuide/aws-properties-workspaces-workspace-workspaceproperties.html#cfn-workspaces-workspace-workspaceproperties-runningmode",
          "PrimitiveType": "String",
          "Required": false,
          "UpdateType": "Mutable"
        },
        "RunningModeAutoStopTimeoutInMinutes": {
          "Documentation": "http://docs.aws.amazon.com/AWSCloudFormation/latest/UserGuide/aws-properties-workspaces-workspace-workspaceproperties.html#cfn-workspaces-workspace-workspaceproperties-runningmodeautostoptimeoutinminutes",
          "PrimitiveType": "Integer",
          "Required": false,
          "UpdateType": "Mutable"
        },
        "UserVolumeSizeGib": {
          "Documentation": "http://docs.aws.amazon.com/AWSCloudFormation/latest/UserGuide/aws-properties-workspaces-workspace-workspaceproperties.html#cfn-workspaces-workspace-workspaceproperties-uservolumesizegib",
          "PrimitiveType": "Integer",
          "Required": false,
          "UpdateType": "Mutable"
        }
      }
    },
    "Tag": {
      "Documentation": "http://docs.aws.amazon.com/AWSCloudFormation/latest/UserGuide/aws-properties-resource-tags.html",
      "Properties": {
        "Key": {
          "Documentation": "http://docs.aws.amazon.com/AWSCloudFormation/latest/UserGuide/aws-properties-resource-tags.html#cfn-resource-tags-key",
          "PrimitiveType": "String",
          "Required": true,
          "UpdateType": "Mutable"
        },
        "Value": {
          "Documentation": "http://docs.aws.amazon.com/AWSCloudFormation/latest/UserGuide/aws-properties-resource-tags.html#cfn-resource-tags-value",
          "PrimitiveType": "String",
          "Required": true,
          "UpdateType": "Mutable"
        }
      }
    }
  },
  "ResourceType": {
    "AWS::WorkSpaces::Workspace": {
      "Documentation": "http://docs.aws.amazon.com/AWSCloudFormation/latest/UserGuide/aws-resource-workspaces-workspace.html",
      "Properties": {
        "BundleId": {
          "Documentation": "http://docs.aws.amazon.com/AWSCloudFormation/latest/UserGuide/aws-resource-workspaces-workspace.html#cfn-workspaces-workspace-bundleid",
          "PrimitiveType": "String",
          "Required": true,
          "UpdateType": "Conditional"
        },
        "DirectoryId": {
          "Documentation": "http://docs.aws.amazon.com/AWSCloudFormation/latest/UserGuide/aws-resource-workspaces-workspace.html#cfn-workspaces-workspace-directoryid",
          "PrimitiveType": "String",
          "Required": true,
          "UpdateType": "Conditional"
        },
        "RootVolumeEncryptionEnabled": {
          "Documentation": "http://docs.aws.amazon.com/AWSCloudFormation/latest/UserGuide/aws-resource-workspaces-workspace.html#cfn-workspaces-workspace-rootvolumeencryptionenabled",
          "PrimitiveType": "Boolean",
          "Required": false,
          "UpdateType": "Conditional"
        },
        "Tags": {
          "Documentation": "http://docs.aws.amazon.com/AWSCloudFormation/latest/UserGuide/aws-resource-workspaces-workspace.html#cfn-workspaces-workspace-tags",
          "DuplicatesAllowed": true,
          "ItemType": "Tag",
          "Required": false,
          "Type": "List",
          "UpdateType": "Mutable"
        },
        "UserName": {
          "Documentation": "http://docs.aws.amazon.com/AWSCloudFormation/latest/UserGuide/aws-resource-workspaces-workspace.html#cfn-workspaces-workspace-username",
          "PrimitiveType": "String",
          "Required": true,
          "UpdateType": "Immutable"
        },
        "UserVolumeEncryptionEnabled": {
          "Documentation": "http://docs.aws.amazon.com/AWSCloudFormation/latest/UserGuide/aws-resource-workspaces-workspace.html#cfn-workspaces-workspace-uservolumeencryptionenabled",
          "PrimitiveType": "Boolean",
          "Required": false,
          "UpdateType": "Conditional"
        },
        "VolumeEncryptionKey": {
          "Documentation": "http://docs.aws.amazon.com/AWSCloudFormation/latest/UserGuide/aws-resource-workspaces-workspace.html#cfn-workspaces-workspace-volumeencryptionkey",
          "PrimitiveType": "String",
          "Required": false,
          "UpdateType": "Conditional"
        },
        "WorkspaceProperties": {
          "Documentation": "http://docs.aws.amazon.com/AWSCloudFormation/latest/UserGuide/aws-resource-workspaces-workspace.html#cfn-workspaces-workspace-workspaceproperties",
          "Required": false,
          "Type": "WorkspaceProperties",
          "UpdateType": "Mutable"
        }
      }
    }
  },
  "ResourceSpecificationVersion": "3.0.0"
}